FREQ,FREQ_LABEL,REF_AREA,REF_AREA_LABEL,INDICATOR,INDICATOR_LABEL,SEX,SEX_LABEL,AGE,AGE_LABEL,UNIT_MEASURE,UNIT_MEASURE_LABEL,AGG_METHOD,AGG_METHOD_LABEL,DECIMALS,DECIMALS_LABEL,DATABASE_ID,DATABASE_ID_LABEL,UNIT_MULT,UNIT_MULT_LABEL,DATA_SOURCE,DATA_SOURCE_LABEL,OBS_STATUS,OBS_STATUS_LABEL,OBS_CONF,OBS_CONF_LABEL,1960,1961,1962,1963,1964,1965,1966,1967,1968,1969,1970,1971,1972,1973,1974,1975,1976,1977,1978,1979,1980,1981,1982,1983,1984,1985,1986,1987,1988,1989,1990,1991,1992,1993,1994,1995,1996,1997,1998,1999,2000,2001,2002,2003,2004,2005,2006,2007,2008,2009,2010,2011,2012,2013,2014,2015,2016,2017,2018,2019,2020,2021,2022,2023,2024
A,Annual,ABW,Aruba,WB_WDI_SP_POP_65UP_FE_ZS,"Population ages 65 and above, female (% of female population)",F,Female,Y_GE65,65 years old and over,PT_W,Percentage of women,_Z,Not Applicable,2,Two,WB_WDI,World Development Indicators (WDI),0,Units,WB_WDI,World Development Indicators (WDI),A,Normal value,PU,Public,3.34449358136537,3.36424450500832,3.39521805194125,3.43238765790019,3.49160818863221,3.58066642998428,3.6914775964342,3.8310854742177,4.00273064819594,4.20524948371194,4.42876444978232,4.66450361252341,4.90356380138815,5.13985494077023,5.37783580871552,5.60859188544153,5.86692677934663,6.15365034920534,6.40471326079726,6.59852034136261,6.75093544634154,6.95629039578084,7.25915558665734,7.53530484224839,7.72269618015525,7.88125191776618,8.0566316177827,8.24836237795081,8.40346573087792,8.35283360969487,7.97958250799939,7.34346021372428,6.92972374749926,6.8613719997803,6.85327673122844,6.89102974711112,6.93577301106509,6.99592899012691,7.09819574546629,7.22757143335304,7.41573033707865,7.69107771026543,7.99477960678651,8.30079446891367,8.6172427296523,8.93035383267809,9.20997085134185,9.46940394723793,9.74323345793295,10.0310936866297,10.3737174955578,10.787572322756,11.2379897913226,11.7182197677554,12.214197542237,12.7289327124989,13.267679830556,13.8188608776844,14.4140050781772,15.0631500742942,15.7545590696855,16.4198541122227,17.1086624136658,17.8902183168447,18.683188199907
A,Annual,AFE,Africa Eastern and Southern,WB_WDI_SP_POP_65UP_FE_ZS,"Population ages 65 and above, female (% of female population)",F,Female,Y_GE65,65 years old and over,PT_W,Percentage of women,_Z,Not Applicable,2,Two,WB_WDI,World Development Indicators (WDI),0,Units,WB_WDI,World Development Indicators (WDI),A,Normal value,PU,Public,3.2933313767459333,3.2756491756548005,3.259171401269516,3.2446213342252856,3.232370669475882,3.2225482084019283,3.2147269095367825,3.209865694295763,3.2078580923454685,3.2066565303245844,3.206239144582714,3.206704336203903,3.2070785872867664,3.2069739791158804,3.2072405151600254,3.20807583013924,3.210225526390524,3.2138225293012264,3.218578531571703,3.225055399604651,3.230231252389204,3.235741538622788,3.243432916802183,3.2495525653784814,3.257150583107864,3.265502020410158,3.2706089660936626,3.2809486116844715,3.286188755418093,3.2802577287029533,3.272765805203933,3.265523107336721,3.262368597470645,3.257897561008228,3.255330094797145,3.257906753234314,3.2656594207071232,3.276736223632766,3.284716687123068,3.2939560990860945,3.305156682367339,3.3147573048984045,3.322635694615778,3.328319588016817,3.3318927783542795,3.333461767702518,3.3322422041228985,3.3289212365528327,3.3223667525405323,3.314585646607415,3.3116930733509635,3.3154095624315465,3.326556014032775,3.3436200592956435,3.3661378978253023,3.393763951390163,3.42375105689596,3.4602701681314905,3.507592616052981,3.559724313124897,3.605610067240502,3.639995214042751,3.678566829608732,3.730163405866664,3.7864600039401854
A,Annual,AFG,Afghanistan,WB_WDI_SP_POP_65UP_FE_ZS,"Population ages 65 and above, female (% of female population)",F,Female,Y_GE65,65 years old and over,PT_W,Percentage of women,_Z,Not Applicable,2,Two,WB_WDI,World Development Indicators (WDI),0,Units,WB_WDI,World Development Indicators (WDI),A,Normal value,PU,Public,2.6989629093271,2.69807874415977,2.69632016432698,2.69377946767405,2.6906313540977,2.68722115006246,2.68379933694558,2.68040475510929,2.6770887666879,2.67386563968031,2.67090847751419,2.66806560524462,2.66517928121608,2.66233315277025,2.65948167435735,2.65644742970008,2.65315513722585,2.64954138829991,2.64239115153067,2.62794429212944,2.60926105381454,2.58992360030052,2.56115570824274,2.52704431132045,2.48153105023913,2.42654311777827,2.39197635044795,2.37617581439875,2.36987519547556,2.37349221348273,2.37787976737401,2.38154215144034,2.38560676231343,2.39452643035436,2.40682250835393,2.41813102081106,2.42814862406319,2.43671988691995,2.44313636396657,2.4489566395029,2.45476602660218,2.46182535538942,2.47111633538812,2.48046144631466,2.48811183077806,2.49462258773467,2.50245361703905,2.51363647202575,2.52867985784207,2.54720443084187,2.57067642873899,2.59886389460069,2.62946806823521,2.65832433949618,2.6790483263538,2.68649269896174,2.69083875320879,2.70195314022668,2.71666386801821,2.73280607653286,2.73629498361687,2.72606591031089,2.73456416096031,2.76350523750233,2.7935180719331
A,Annual,AFW,Africa Western and Central,WB_WDI_SP_POP_65UP_FE_ZS,"Population ages 65 and above, female (% of female population)",F,Female,Y_GE65,65 years old and over,PT_W,Percentage of women,_Z,Not Applicable,2,Two,WB_WDI,World Development Indicators (WDI),0,Units,WB_WDI,World Development Indicators (WDI),A,Normal value,PU,Public,3.596405390072111,3.6074852621208815,3.626791506060591,3.6427010570120126,3.6533951795756257,3.657889793782107,3.656727883153828,3.649471765985893,3.640352013603247,3.631771309150397,3.619395390215999,3.600600328034219,3.581991785604397,3.5683523430514303,3.556121401873176,3.544399707030648,3.5325217733257865,3.524511250726292,3.521343623329774,3.519658932030046,3.5113694010157848,3.4974201697168565,3.490209334487949,3.4904726456752613,3.489730830113041,3.485153291716822,3.478977718827349,3.470993911994638,3.461334488896147,3.4501416534942053,3.439772554373448,3.4279837698707194,3.413460023978869,3.399825121130307,3.386682794966569,3.37282775566668,3.3587563533299662,3.344355998782884,3.328657446635023,3.312156364499366,3.295859372820084,3.280598906010246,3.26773517383063,3.256201873207345,3.243990701198137,3.231526792870868,3.219884545194416,3.209750602738544,3.2035866801877586,3.199476716375864,3.195923958357918,3.192916321756045,3.1882354369126693,3.179581412122324,3.163554255107372,3.1490853239568657,3.1418193897626034,3.138445867134292,3.14035749745675,3.147458714910436,3.1556958001557947,3.164795189468773,3.1798647137064826,3.2024694351911247,3.229296077478538
A,Annual,AGO,Angola,WB_WDI_SP_POP_65UP_FE_ZS,"Population ages 65 and above, female (% of female population)",F,Female,Y_GE65,65 years old and over,PT_W,Percentage of women,_Z,Not Applicable,2,Two,WB_WDI,World Development Indicators (WDI),0,Units,WB_WDI,World Development Indicators (WDI),A,Normal value,PU,Public,3.13741624089322,3.12617773855813,3.10837193059879,3.08177784404893,3.04541492360057,2.9991820681526,2.94359437565213,2.87923456620711,2.80746513621255,2.73010468624158,2.66149952829634,2.60428055607185,2.5469360337035,2.49146088895969,2.44159579321469,2.39679324552328,2.35638420918855,2.32276042698948,2.29606949974546,2.27511846137532,2.25927908295972,2.24873627163937,2.2437557651622,2.24174740345207,2.24244550070781,2.24849939255984,2.26039310264878,2.27421925135912,2.2926406074292,2.32129692677874,2.35877915293858,2.40842227537119,2.46572282259641,2.52828842645239,2.59887755152767,2.67160123712858,2.74288769286438,2.81095279216558,2.87171148084006,2.92671603187773,2.9756818392271,3.01754728113247,3.05266178682763,3.08164053573897,3.10351686943553,3.11528591008915,3.1188688699764,3.11666312719954,3.11150114216495,3.10451596583207,3.09683483009901,3.08950192568593,3.08104549311369,3.06655597128163,3.04371500972876,3.02293286146563,3.01055361936445,3.00576745660221,3.0102473798141,3.02328955935866,3.04269096509155,3.06445567423654,3.09499690772957,3.13664759177726,3.18197728616885
A,Annual,ALB,Albania,WB_WDI_SP_POP_65UP_FE_ZS,"Population ages 65 and above, female (% of female population)",F,Female,Y_GE65,65 years old and over,PT_W,Percentage of women,_Z,Not Applicable,2,Two,WB_WDI,World Development Indicators (WDI),0,Units,WB_WDI,World Development Indicators (WDI),A,Normal value,PU,Public,6.35236789899049,6.22000003559506,6.08536022514722,5.98175417088972,5.90232632870203,5.84509817830013,5.80634226766934,5.78027931942944,5.76519905897439,5.75677028685203,5.74865423528053,5.7423381450694,5.74985823188398,5.77854819324751,5.81562182830628,5.86263840407859,5.92163586099382,5.99298708134085,6.06691900894791,6.07357510954732,6.03351706887767,5.99401959698547,5.95081621407998,5.92099716777041,5.91728227213161,5.99817556147229,6.10002004337609,6.13757200213095,6.15095286644185,6.19595420695787,6.32972188983483,6.48904911307787,6.62740749611263,6.76564778634835,6.90319847232055,7.06450753336531,7.23207916445647,7.3831788260706,7.5297133228349,7.68291779469777,7.84619695119204,8.06092087972032,8.34532616288367,8.66414921400231,9.0119264980903,9.39964762536663,9.82570087415592,10.2662471860895,10.6909077243648,11.0835030019927,11.4443955396583,11.7628019111791,12.0625069516228,12.3919498672574,12.7541615481,13.141970281359,13.5270664301935,13.920578658089,14.3655159202551,14.8867017357082,15.4403132059837,15.9958360561702,16.5608836519767,17.1364295535051,17.80947382066
A,Annual,AND,Andorra,WB_WDI_SP_POP_65UP_FE_ZS,"Population ages 65 and above, female (% of female population)",F,Female,Y_GE65,65 years old and over,PT_W,Percentage of women,_Z,Not Applicable,2,Two,WB_WDI,World Development Indicators (WDI),0,Units,WB_WDI,World Development Indicators (WDI),A,Normal value,PU,Public,8.78090366581415,8.13387625384844,7.55399017517842,7.04994797086368,6.51041666666667,6.09261385380788,5.89416320091783,5.77691897654584,5.7296495457074,5.73219111136664,5.72500670061646,5.73733527083229,5.76029294399324,5.7599929487462,5.76699834162521,5.83753370062126,5.94293307740578,6.07692307692308,6.22818970387849,6.41977659304392,6.68453269178061,6.98923153663331,7.20975883342681,7.35019973368842,7.52496886833211,7.87221070601146,8.20959683978157,8.66450091228695,9.18866709594333,9.63865476091129,10.0368602332467,10.0054684995569,10.017219036799,10.261698674601,10.5923379499554,11.0705636466178,11.4869208327152,11.8612367042904,12.2149915642323,12.5322750310797,12.8917922309111,13.3392337842964,13.7586459943479,13.6064494899638,13.0287766755995,12.6624647402589,12.5731879004776,12.6838517911136,12.950615888801,13.3055019004299,13.4404133150888,13.3539802104932,13.4028828541849,13.5158173896571,13.5992734578179,13.6463035128543,13.7125479974215,13.8846111538885,14.1602857220163,14.4878724140685,14.9141969784703,15.340390582223,15.7072368421053,16.1561439927092,16.6762370799421
A,Annual,ARB,Arab World,WB_WDI_SP_POP_65UP_FE_ZS,"Population ages 65 and above, female (% of female population)",F,Female,Y_GE65,65 years old and over,PT_W,Percentage of women,_Z,Not Applicable,2,Two,WB_WDI,World Development Indicators (WDI),0,Units,WB_WDI,World Development Indicators (WDI),A,Normal value,PU,Public,3.819133451428677,3.857902662026477,3.906634628183823,3.9463465478976825,3.976752936741033,3.9995922122737375,4.007744543292215,4.003190781175927,3.996419678808536,3.986384517303719,3.973048398142571,3.957481021276456,3.9397247630791465,3.916932675758382,3.891807375385535,3.866038743555919,3.8368243292527215,3.805871507458844,3.7729512722900425,3.739520886100301,3.708992733029013,3.682520794765391,3.659988030450132,3.6423671739651033,3.631407302278727,3.625454444897513,3.625906235012976,3.6318592266663,3.639041594520322,3.6480929522335583,3.6498218041477575,3.665201853447994,3.689282006911272,3.7228741836266974,3.7579303080049073,3.7959763038234686,3.838861957663498,3.883320992568284,3.921741220520846,3.953677357029453,3.981101343345892,4.005457157470191,4.029242428039786,4.050531398706536,4.064614862331066,4.07144399489335,4.073507511392726,4.070587196742975,4.0693636826161175,4.075911052865159,4.094634984039515,4.122427381675972,4.161619593481904,4.205623631187885,4.254049064754288,4.307189513201132,4.374999679991776,4.460343807618572,4.5610666817999705,4.667857677010541,4.760785967051412,4.843128127254623,4.931416632830282,5.049365071413781,5.177287634999959
A,Annual,ARE,United Arab Emirates,WB_WDI_SP_POP_65UP_FE_ZS,"Population ages 65 and above, female (% of female population)",F,Female,Y_GE65,65 years old and over,PT_W,Percentage of women,_Z,Not Applicable,2,Two,WB_WDI,World Development Indicators (WDI),0,Units,WB_WDI,World Development Indicators (WDI),A,Normal value,PU,Public,3.27935181719788,3.15187646598905,3.01330341400866,2.86282595071798,2.70246632849397,2.54075674216087,2.38997830269783,2.25961499883649,2.18935311492413,2.19652261359727,2.24027287969012,2.3066181492014,2.38831794114583,2.49017356984371,2.62490531238679,2.79732840169769,2.74034724021767,2.47704550091818,2.23676934876835,2.02053621013577,1.83816215473942,1.7362454369031,1.69345429850071,1.65760338066999,1.62987594635385,1.61331081019551,1.58662652020775,1.54637335089208,1.5083062973324,1.47386979632651,1.4446591314299,1.42128841670783,1.40578550921565,1.39872971267174,1.39791808738457,1.40113629735364,1.41881955889078,1.45517410749644,1.5059006232535,1.57255957486665,1.65369111420639,1.74606624245956,1.84729314920702,1.95850838094718,2.08584041137489,2.23773720632852,2.30037373341802,2.0817211023555,1.81859863392583,1.77142654775056,1.75740466423785,1.72515961545068,1.74934449829841,1.75889415865829,1.77635096004889,1.80284332322106,1.82530125605119,1.82917871400095,1.85250604526806,1.86854222631346,1.91936392348218,2.02163037572199,2.05165795727696,2.10558514485469,2.16240516279178
A,Annual,ARG,Argentina,WB_WDI_SP_POP_65UP_FE_ZS,"Population ages 65 and above, female (% of female population)",F,Female,Y_GE65,65 years old and over,PT_W,Percentage of women,_Z,Not Applicable,2,Two,WB_WDI,World Development Indicators (WDI),0,Units,WB_WDI,World Development Indicators (WDI),A,Normal value,PU,Public,5.5755733547966,5.74430574557054,5.91852839094137,6.09284038683836,6.26747976461539,6.4439589139277,6.62516585099826,6.80548119241575,6.97829564271999,7.13951604063329,7.30092223418734,7.45932688635722,7.60574998072947,7.74833756016446,7.89551316518318,8.05405130014032,8.21813285727641,8.38785653416258,8.56105567457006,8.72021697151711,8.85655755115893,8.98274936726972,9.09341798156776,9.18194979360358,9.26507619117927,9.36903727880951,9.49989188432438,9.64243578229708,9.79469028753312,9.95759308746637,10.117292072461,10.281585565508,10.456001234159,10.6207441954804,10.7696071174249,10.9026895893904,11.0229682256823,11.1372427268892,11.2377453504697,11.3197732520701,11.3959684500204,11.4765267937501,11.5610093943987,11.6350503784774,11.703618889128,11.7841083752507,11.8730343488268,11.9487624101423,12.0262044445887,12.1275858908999,12.2314845691255,12.3460600202081,12.4672750351012,12.574506310041,12.6865019638559,12.8221876622373,12.9640762944325,13.0991826060304,13.250127842383,13.4166274297892,13.5836896113203,13.7222591417996,13.842988272906,14.0109875081166,14.2201868645042
A,Annual,ARM,Armenia,WB_WDI_SP_POP_65UP_FE_ZS,"Population ages 65 and above, female (% of female population)",F,Female,Y_GE65,65 years old and over,PT_W,Percentage of women,_Z,Not Applicable,2,Two,WB_WDI,World Development Indicators (WDI),0,Units,WB_WDI,World Development Indicators (WDI),A,Normal value,PU,Public,5.95630689261011,5.65005517198212,5.39186154772989,5.1903060048872,5.05700647229832,4.99035922342684,4.98883932939438,5.05215074164673,5.16173394482152,5.29432056824578,5.44432615453194,5.59447303758285,5.73103962283116,5.8645605468605,6.00449416975028,6.14629838904907,6.22422127439576,6.21808995190984,6.17173578161961,6.1905618925863,6.24301809218119,6.20971518972858,6.14447285479888,6.10415937266648,6.05961609225238,5.9976933642529,5.94966219983644,5.94150814743043,5.97511470605247,6.05092673903909,6.22249355114223,6.47891741459977,6.94006817058425,7.59135841991405,8.22465230216604,8.77956636954394,9.23085845447768,9.66406490530228,9.9953608518224,10.210404243198,10.463317517551,10.8687140510695,11.3684911789603,11.8433636880173,12.2774409045145,12.6390897528027,12.8736776959173,12.9191405167731,12.7636669544119,12.5009444987356,12.2854787586942,12.2171505374136,12.2828870433932,12.3882262328261,12.5141428192794,12.7138138969167,12.98976801707,13.325919638902,13.6966545993918,14.1141817490789,14.4948639637944,14.8337231144238,15.234216294086,15.6144091963346,16.2120868301315
A,Annual,ASM,American Samoa,WB_WDI_SP_POP_65UP_FE_ZS,"Population ages 65 and above, female (% of female population)",F,Female,Y_GE65,65 years old and over,PT_W,Percentage of women,_Z,Not Applicable,2,Two,WB_WDI,World Development Indicators (WDI),0,Units,WB_WDI,World Development Indicators (WDI),A,Normal value,PU,Public,2.98104388470527,2.91173794358508,2.84063081594671,2.80728376327769,2.79855025920998,2.79307282415631,2.77526784561766,2.7711698176203,2.75348234531908,2.73148875962899,2.71120144188365,2.67665549824944,2.6364511590017,2.61411696077002,2.63214593507613,2.66694888347973,2.73029275382379,2.80024468157412,2.87279529663282,2.9653224747143,3.01691006917756,3.03498578316232,3.06058713304185,3.10101935631657,3.12749937946441,3.14418604651163,3.1603229527105,3.2074585157158,3.27923627684964,3.34447389650801,3.43141632434363,3.51715154146765,3.58246222861738,3.63324658156731,3.66220499465003,3.67795204045352,3.6680208937899,3.63388081781284,3.60678925035361,3.59976598778749,3.64430960378517,3.73744452230787,3.84870722911022,3.9551877053448,4.03597122302158,4.10069607242038,4.15286900819717,4.18748296848033,4.21941697982415,4.2403927171484,4.33374431828638,4.53190662198937,4.74724864764037,4.98578984020628,5.25985629015702,5.53089266839627,5.80239951776304,6.06746437849327,6.31723643318193,6.56782652546646,6.86212715775776,7.22562353617948,7.6216962194714,8.09966198261017,8.64957043560851
A,Annual,ATG,Antigua and Barbuda,WB_WDI_SP_POP_65UP_FE_ZS,"Population ages 65 and above, female (% of female population)",F,Female,Y_GE65,65 years old and over,PT_W,Percentage of women,_Z,Not Applicable,2,Two,WB_WDI,World Development Indicators (WDI),0,Units,WB_WDI,World Development Indicators (WDI),A,Normal value,PU,Public,5.14175546107104,5.24032268998712,5.41589308712596,5.61892342483617,5.78551346431996,5.89578211309429,5.97307644031631,6.02411496237819,6.0542259921236,6.07584390853504,6.18641576007057,6.40708120228029,6.66735140052529,6.95133622910992,7.23607395693235,7.52130418673583,7.79053212315359,8.02984544324036,8.26125461254613,8.48698720776356,8.71068399232358,8.94000058450478,9.17892710809116,9.4075894870042,9.61232618877395,9.80501885014138,9.94706791959082,10.0310843482048,10.0935798462075,10.1309642337444,10.1310826686453,10.0553662034824,9.84520311411348,9.55862763091679,9.28289559272054,9.02808140928901,8.77332929898637,8.54056230289203,8.3518156406252,8.22356573192694,8.15922031031044,8.12593144560358,8.09717095662624,8.05694105654058,8.01523507431304,7.9806457748823,7.95831081239866,7.95457181967936,7.9649460003661,8.00288717462895,8.12300292811098,8.31094768363572,8.51986661145136,8.73886038347286,8.97172016037392,9.25669633351786,9.61088711810957,9.98347316231039,10.343418681641,10.7312341597221,11.1657689633343,11.6251458305372,12.1193753852476,12.6831263098707,13.3011793196781
A,Annual,AUS,Australia,WB_WDI_SP_POP_65UP_FE_ZS,"Population ages 65 and above, female (% of female population)",F,Female,Y_GE65,65 years old and over,PT_W,Percentage of women,_Z,Not Applicable,2,Two,WB_WDI,World Development Indicators (WDI),0,Units,WB_WDI,World Development Indicators (WDI),A,Normal value,PU,Public,9.78747211826838,9.84293518180909,9.89558001825353,9.93516596360023,9.95462796069134,9.96393527798441,9.95426546086524,9.92799362489374,9.87980683351661,9.81779914167933,9.75851732327126,9.72553333752068,9.77375854081978,9.87841582754546,9.98673359737325,10.1344938439944,10.3232166532751,10.5051433221975,10.6946089747299,10.8996553238419,11.0898411187205,11.2507317868155,11.3874368348553,11.5174897705938,11.6572580547186,11.823203485837,12.0263417010536,12.2178797482102,12.3723911708785,12.4991518385567,12.6334493454297,12.8002291389077,12.960396348821,13.110304858149,13.2390021063025,13.3405052398775,13.433058882645,13.5105556798715,13.5777164318804,13.6341681060794,13.689057891141,13.7629779431475,13.8430478982226,13.9223481913041,14.0116104602129,14.1001835674377,14.1790752354879,14.2440140991761,14.3032607215238,14.4097347681476,14.5877950211555,14.818572797354,15.0714539229264,15.3155999466339,15.5514182727603,15.7873899030767,16.0200942833888,16.2545977934444,16.5216878325886,16.847133487541,17.2651820499818,17.6986293932388,18.0548892304413,18.4012327622459,18.7761360411394
A,Annual,AUT,Austria,WB_WDI_SP_POP_65UP_FE_ZS,"Population ages 65 and above, female (% of female population)",F,Female,Y_GE65,65 years old and over,PT_W,Percentage of women,_Z,Not Applicable,2,Two,WB_WDI,World Development Indicators (WDI),0,Units,WB_WDI,World Development Indicators (WDI),A,Normal value,PU,Public,14.0225664416716,14.3150493937291,14.5949479996814,14.842172822981,15.1099678824375,15.3724349276543,15.6239245363385,15.8778591404081,16.1146122071904,16.3376581132188,16.5369071870451,16.7352774506542,16.9449854267612,17.1646111280848,17.4270470947513,17.7220992505,17.9640370568587,18.1869912732998,18.4134918496143,18.6043586094684,18.6221447631218,18.3665498204675,18.01338778475,17.6653851127854,17.4895632737925,17.6005596423987,17.8557857608892,18.154993283296,18.4464967648996,18.6666217867475,18.8017619692851,18.8301801264257,18.7542331798788,18.6904591013307,18.698534008236,18.7345408490939,18.7490578372045,18.7509724752662,18.7441834704456,18.6957370549898,18.6274623536944,18.5726407953291,18.4912972389067,18.4127457538908,18.5858275683799,18.9910137248541,19.3882802890891,19.6688387526332,19.8546241402843,20.0459532652421,20.120000368135,20.144114217063,20.3056687441256,20.511954354739,20.6714662215675,20.733455094417,20.757574240658,20.8316704619261,20.9478341367043,21.0994844746822,21.3212557926953,21.6210081073566,21.9473066724124,22.3135479857838,22.7426485619032
A,Annual,AZE,Azerbaijan,WB_WDI_SP_POP_65UP_FE_ZS,"Population ages 65 and above, female (% of female population)",F,Female,Y_GE65,65 years old and over,PT_W,Percentage of women,_Z,Not Applicable,2,Two,WB_WDI,World Development Indicators (WDI),0,Units,WB_WDI,World Development Indicators (WDI),A,Normal value,PU,Public,5.34531231308659,5.25992557654344,5.19798203895133,5.16056742801845,5.14397982423452,5.14250454515857,5.15346602250947,5.17656438304637,5.20376227586497,5.22458801500962,5.2408793490506,5.25486372562121,5.26573589946453,5.27219177589877,5.2735643186725,5.26979869249672,5.23255202933464,5.16007541521246,5.08726941585905,5.03485720592098,4.9935304657988,4.94283137929452,4.87588016935424,4.88814914404196,4.89696142484738,4.90266493646741,4.88738228954789,4.83196195414919,4.85837663664108,4.96855787484178,5.119937864599,5.26209955840605,5.41310222262965,5.65589164807608,5.84863886864428,5.97684358029005,6.01571245268704,5.97778310844004,5.96526120564356,6.02051282529567,6.22904288206815,6.50912479322371,6.80931211011326,7.09998500635108,7.31689151150221,7.44988236636454,7.50938342274421,7.45598613330416,7.2939173845796,7.0632435697363,6.85714833089506,6.71988741244463,6.66768147490224,6.69111848498447,6.74079060257935,6.83902061867971,7.00396718714949,7.20274314611854,7.43235801215065,7.70274592807214,7.98718899879592,8.28757509076622,8.70578863439851,9.23624585014338,9.84255046537294
A,Annual,BDI,Burundi,WB_WDI_SP_POP_65UP_FE_ZS,"Population ages 65 and above, female (% of female population)",F,Female,Y_GE65,65 years old and over,PT_W,Percentage of women,_Z,Not Applicable,2,Two,WB_WDI,World Development Indicators (WDI),0,Units,WB_WDI,World Development Indicators (WDI),A,Normal value,PU,Public,3.53995656069685,3.55035449892576,3.56616133957594,3.59237733150384,3.60760075342263,3.61362532432293,3.62192284743347,3.63201813574482,3.64195305673393,3.65488059172106,3.66809966643836,3.67575964799132,3.69294984265282,3.70769256931021,3.70713596870992,3.70832922908447,3.70928439801739,3.70121051251609,3.6844707324229,3.67230697061591,3.63286708672035,3.59105612077199,3.56981837155189,3.5453948493828,3.52205385149047,3.49860870108959,3.47303089402321,3.43510097196833,3.38352459025417,3.32617388710432,3.26592097480435,3.2006816000956,3.12607215078661,3.1118714806009,3.07097925465582,2.97887197008202,2.93599323505209,2.90960549589085,2.88125691454223,2.85470752205187,2.8331541486086,2.81253536778486,2.7949799231009,2.77805893138205,2.75845214794727,2.73804919280232,2.71739737780495,2.69678094861272,2.67459616651717,2.64752280320584,2.62129250844488,2.60049965585085,2.58058155233795,2.56331263012315,2.54176413284003,2.55387374168889,2.60425200142374,2.6503467034837,2.68971333267765,2.72302260337891,2.75381124709003,2.77856813108537,2.79875104961647,2.8193077121261,2.83736104493979
A,Annual,BEL,Belgium,WB_WDI_SP_POP_65UP_FE_ZS,"Population ages 65 and above, female (% of female population)",F,Female,Y_GE65,65 years old and over,PT_W,Percentage of women,_Z,Not Applicable,2,Two,WB_WDI,World Development Indicators (WDI),0,Units,WB_WDI,World Development Indicators (WDI),A,Normal value,PU,Public,13.4860037740164,13.6832563564853,13.8997076181181,14.0634259203051,14.2406602503856,14.4483967524585,14.6656787427045,14.8974844355916,15.0876811982055,15.2528230993854,15.4252881064615,15.5965279727818,15.7881326845814,15.9893351741008,16.1719695480724,16.3330096081072,16.4665989000808,16.6214958338786,16.7938341335761,16.9476284745476,16.9992184900424,16.8814058208336,16.6585057652037,16.3892748888083,16.2616920107591,16.3979737352313,16.6498645567737,16.9093629535955,17.1807846129916,17.4304207317151,17.6588928626188,17.8766556991772,18.0587669409711,18.2223437971078,18.4010159650546,18.6291610805948,18.867612335949,19.0757586238701,19.2426681076549,19.3626262468758,19.458662502165,19.5278783192682,19.577709960919,19.6330197494354,19.704876133547,19.7165666342559,19.6161652979019,19.4939384060029,19.4393551757222,19.4311884742685,19.4149609327196,19.5084125807343,19.701859034088,19.8900205578353,20.0903494649945,20.258229656205,20.4188922619511,20.6089349284639,20.7949363346754,20.9827776384758,21.1501733688042,21.3511965246568,21.6491464059895,22.015785783299,22.4080715808204
A,Annual,BEN,Benin,WB_WDI_SP_POP_65UP_FE_ZS,"Population ages 65 and above, female (% of female population)",F,Female,Y_GE65,65 years old and over,PT_W,Percentage of women,_Z,Not Applicable,2,Two,WB_WDI,World Development Indicators (WDI),0,Units,WB_WDI,World Development Indicators (WDI),A,Normal value,PU,Public,6.66235465840291,6.55975100080153,6.46920546056472,6.38565056579531,6.30268516325805,6.21780450915279,6.12779286885447,6.03231328518399,5.93714959692719,5.84535625253174,5.75710763514526,5.67039283651955,5.58539047058329,5.50217706864119,5.41855835198213,5.33426684102121,5.24997074931353,5.16643568240274,5.08399253167895,5.0017183493272,4.91912387310402,4.83668110283149,4.75616909231189,4.6783985168552,4.60290122634584,4.52931658028515,4.4584997734396,4.39044023422927,4.32551808843893,4.26393043337385,4.20408238184489,4.14557356591654,4.08947628005639,4.00984872779463,3.94447883082508,3.91189388061901,3.87564479191746,3.83798606598007,3.80113551658391,3.76559763491654,3.73229200279053,3.70105233681633,3.67112615404615,3.64349629107305,3.62063121506792,3.60080734788292,3.58722682429006,3.5811924904693,3.57749335859248,3.57557509293649,3.57379083861966,3.56846228063499,3.5486842839707,3.52077369237192,3.49231202984033,3.46308496250019,3.43803234167038,3.41744455846073,3.40260665296105,3.39404321990402,3.39190081370179,3.39087502483101,3.39687536540827,3.41514850785818,3.44005589890597
A,Annual,BFA,Burkina Faso,WB_WDI_SP_POP_65UP_FE_ZS,"Population ages 65 and above, female (% of female population)",F,Female,Y_GE65,65 years old and over,PT_W,Percentage of women,_Z,Not Applicable,2,Two,WB_WDI,World Development Indicators (WDI),0,Units,WB_WDI,World Development Indicators (WDI),A,Normal value,PU,Public,2.42058352120577,2.48627244602393,2.55023516213442,2.61371846409675,2.67835833253579,2.74459043237553,2.81284816206781,2.88338426024314,2.95478472595769,3.02548699694803,3.09581021296571,3.16568367070718,3.23307100758209,3.29797394799089,3.36167192449677,3.42386418033927,3.48387486859812,3.54022319832364,3.59156750354053,3.63696234067982,3.67622481914805,3.70969042277712,3.73724991524592,3.75839106095232,3.77238399181172,3.7790909951453,3.77928733411519,3.77380480343245,3.76260175268476,3.74594615336099,3.72409834900032,3.69874068251509,3.67080356983353,3.6396282827768,3.60492185289175,3.56702010470255,3.52730418447394,3.48613313608537,3.44372931129872,3.40189763163145,3.3612980489764,3.32330719748788,3.28948833260957,3.25880571436344,3.23035436838143,3.20434697218048,3.18121334105693,3.1629347498107,3.1518253935318,3.14737571281508,3.14724826762774,3.14831751666184,3.14375729215346,3.11985063631794,3.08377828505511,3.05544988667697,3.03699844097434,3.02676116030279,3.02568823271284,3.0335600977887,3.04816912738088,3.06189565242199,3.07807899843503,3.10520993206506,3.13744453173553
A,Annual,BGD,Bangladesh,WB_WDI_SP_POP_65UP_FE_ZS,"Population ages 65 and above, female (% of female population)",F,Female,Y_GE65,65 years old and over,PT_W,Percentage of women,_Z,Not Applicable,2,Two,WB_WDI,World Development Indicators (WDI),0,Units,WB_WDI,World Development Indicators (WDI),A,Normal value,PU,Public,2.8158824174081,2.79190777819151,2.77607141206418,2.76686037500039,2.76378533996197,2.76448415359316,2.76953134838851,2.77995579334849,2.79276064072944,2.80686480006754,2.81477723814684,2.76326079886044,2.72659373781796,2.75748816107607,2.79472267749069,2.84394902801403,2.9023363791016,2.96205175217462,3.01935700337036,3.0701751237149,3.11250680439392,3.14157328675855,3.15870718261216,3.17323577371634,3.188561887729,3.20448967363456,3.22176120765788,3.23994359840753,3.25678905904624,3.26983861227778,3.27817577800442,3.27853980033915,3.27569604682465,3.27630313668031,3.27754667892577,3.28105041606205,3.28982451929175,3.30358291927235,3.32297695747416,3.34970867200012,3.38660904492505,3.43184998275306,3.48456550690988,3.54661437304479,3.61514648374324,3.6890065212236,3.76998848987237,3.86017407679748,3.96166068480685,4.07653107627298,4.20556817517421,4.35021458965588,4.50632539363892,4.65858206632699,4.80502794294428,4.96865727396572,5.1550339526917,5.35695316001222,5.5656949531318,5.76859415123653,5.9372256009681,6.06587196650224,6.20544492369513,6.36738021904647,6.52903010096226
A,Annual,BGR,Bulgaria,WB_WDI_SP_POP_65UP_FE_ZS,"Population ages 65 and above, female (% of female population)",F,Female,Y_GE65,65 years old and over,PT_W,Percentage of women,_Z,Not Applicable,2,Two,WB_WDI,World Development Indicators (WDI),0,Units,WB_WDI,World Development Indicators (WDI),A,Normal value,PU,Public,8.28963971258291,8.50454465041334,8.68293500746955,8.81808118788969,8.97799577514169,9.22891239956232,9.51960166987438,9.73331629207182,9.96066504639938,10.1977906448637,10.4559560304561,10.7589305053253,11.0488870850988,11.3103321714658,11.5577246547888,11.7931527344686,12.0194914492101,12.2737938610287,12.3997612888411,12.5464308240457,12.8315530306013,12.8407938512498,12.550068694036,12.2611091051021,12.2301968995227,12.4880844489213,12.8537500429488,13.2345242228358,13.6033648020854,14.040828476181,14.5631701718204,15.0676649559113,15.5562904782857,16.0090260717735,16.3975498614753,16.7714711391371,17.1172713487868,17.4532976417615,17.8347553104434,18.2423372261774,18.5958795384841,18.8852847646102,19.1507356540338,19.3559463348939,19.5484684330547,19.7446741963642,19.9409472143266,20.1451396647901,20.3775531213808,20.6281944965707,20.9416771405377,21.4012074456421,21.9200963021656,22.4145990658076,22.9151047890453,23.4264531195729,23.8698503395716,24.2314822764942,24.5916394587633,24.9511262395872,25.2241363295025,25.3240820816698,25.3733487949627,25.5327479324997,25.7489528315804
A,Annual,BHR,Bahrain,WB_WDI_SP_POP_65UP_FE_ZS,"Population ages 65 and above, female (% of female population)",F,Female,Y_GE65,65 years old and over,PT_W,Percentage of women,_Z,Not Applicable,2,Two,WB_WDI,World Development Indicators (WDI),0,Units,WB_WDI,World Development Indicators (WDI),A,Normal value,PU,Public,2.9160983367056,2.88764351427084,2.86236043613522,2.84260596958674,2.82876588370142,2.82108663295789,2.82172042463277,2.82778119237861,2.87899016870979,2.96591238259828,3.02909466107735,3.02861823326466,2.96965474159679,2.90489748642151,2.84163120347532,2.77819071444651,2.7154629852169,2.65225242126492,2.58621336635521,2.51537171604248,2.44938323010462,2.41684869690878,2.41298030351953,2.41106115976435,2.40614329346119,2.39916007705078,2.38728193365383,2.36558966982989,2.34163543283136,2.32910889614339,2.32947242189015,2.34170642749267,2.36724621424565,2.40686753718316,2.46159073293482,2.51547883611556,2.55201684834476,2.56363971699113,2.55858317404374,2.57158224207609,2.60711542356275,2.63037346845289,2.64024492104737,2.65801730390231,2.68925787472343,2.71973475144662,2.73223901394053,2.7365417294559,2.75263395668162,2.78703173432392,2.85887600900866,2.98107628297085,3.09144287905771,3.18011868964091,3.23963521298369,3.21991053572402,3.22525882196015,3.31294280914469,3.46785842372033,3.72444874229549,4.0411368173979,4.23638820109241,4.33659360983519,4.54844784458791,4.80435855276639
A,Annual,BHS,"Bahamas, The",WB_WDI_SP_POP_65UP_FE_ZS,"Population ages 65 and above, female (% of female population)",F,Female,Y_GE65,65 years old and over,PT_W,Percentage of women,_Z,Not Applicable,2,Two,WB_WDI,World Development Indicators (WDI),0,Units,WB_WDI,World Development Indicators (WDI),A,Normal value,PU,Public,4.38887535593989,4.32165817783893,4.26721283705746,4.22370224114813,4.20116463737427,4.19741728618877,4.1989057593318,4.19662263835479,4.18716441413442,4.17634857123426,4.16857835747526,4.16629125349134,4.17567560594255,4.20802925222489,4.25849261864561,4.32921691822537,4.41373202946884,4.50248985614165,4.60174513133649,4.70718985503396,4.81207709746628,4.92087042532146,5.03807457422657,5.15511849901251,5.26868814231964,5.37647208202393,5.47561545652851,5.57085695486852,5.65999466640625,5.74333040920584,5.83252828522945,5.92893660713334,6.02575047476349,6.12904438014355,6.24618582972873,6.37924275318155,6.52425989505733,6.67703545999834,6.83832575890728,7.01065116581232,7.1928492356111,7.39169292156031,7.60861166093071,7.83399325414284,8.06948109058927,8.31801208190113,8.56662886664659,8.80592840388913,9.04764112732757,9.33397120442066,9.64707128762697,9.942547663483,10.2267911226884,10.4964633316796,10.7455068824004,10.9726117429849,11.1846688161771,11.3902578739963,11.5976354573517,11.8033234314344,12.0126804426504,12.1925169952701,12.4062027395674,12.7006886233288,13.0299590816745
A,Annual,BIH,Bosnia and Herzegovina,WB_WDI_SP_POP_65UP_FE_ZS,"Population ages 65 and above, female (% of female population)",F,Female,Y_GE65,65 years old and over,PT_W,Percentage of women,_Z,Not Applicable,2,Two,WB_WDI,World Development Indicators (WDI),0,Units,WB_WDI,World Development Indicators (WDI),A,Normal value,PU,Public,3.94142861684939,3.95487513354758,3.94033924036403,3.96234644779362,4.05952402220241,4.22214887694875,4.41897753646602,4.61552388622311,4.78798555575164,4.9538711558871,5.13729239220328,5.31689739235064,5.47279837838591,5.62766108894282,5.80849203302729,6.02110752704625,6.25368704550537,6.48475085833599,6.69208006979109,6.85130329239414,6.94025337124571,6.95492014461461,6.89933476758349,6.83727929305221,6.84790555850942,6.9433112063281,7.1102720109495,7.31706829752148,7.54354641144352,7.80389018857068,8.10089985145017,8.43284330227901,9.09634799492655,9.99463729798682,10.8193001326004,11.4021770281111,11.5796614315491,11.803562765417,12.199125367026,12.6781231485979,13.1884868772742,13.7137519246969,14.2577737275998,14.8405801491472,15.4820413866155,16.0991525937069,16.5969644970261,17.0513062628702,17.4753408199056,17.8587647033907,18.2493907300793,18.6848517424545,19.1969764515288,19.7325976253305,20.2504015518385,20.7911673318446,21.3633300664964,21.9704560037097,22.6653581788416,23.4002413611951,24.0465154173109,24.5134315060483,24.9997024921636,25.5994351073931,26.2000224907648
A,Annual,BLR,Belarus,WB_WDI_SP_POP_65UP_FE_ZS,"Population ages 65 and above, female (% of female population)",F,Female,Y_GE65,65 years old and over,PT_W,Percentage of women,_Z,Not Applicable,2,Two,WB_WDI,World Development Indicators (WDI),0,Units,WB_WDI,World Development Indicators (WDI),A,Normal value,PU,Public,8.54612130320067,8.67642409258099,8.7187237680776,8.86437455803576,9.08422914016374,9.43165858954508,9.78409524046596,9.99386014923596,10.2775974022603,10.5673737108629,10.881125980239,11.1725764376417,11.4397812617849,11.7129409883534,11.9991590950755,12.3763510175292,12.7143305688798,13.0137982567939,13.3028877033953,13.4460483596535,13.4504907307389,13.3132085431464,13.0907161211038,12.9755013672243,12.9188012607112,12.8780190345498,12.8782481207751,13.0214846702008,13.3152607076636,13.6351366030699,14.0042619721812,14.3952808030146,14.775988812845,15.160006734623,15.5393485198806,15.9576200466598,16.3226397935857,16.6368768124072,16.9116244966047,17.0130603254976,17.1439498076636,17.3979622816105,17.7027523759658,18.0146779741459,18.308932928873,18.5157575122212,18.6333763622761,18.6144811961868,18.3820864112716,18.0760909090998,17.7709316632218,17.5480395629676,17.5401449429418,17.6510811877584,17.8800404244169,18.1592930506395,18.4096258420583,18.6967516622663,18.9849657664577,19.3368959134101,19.7376238595586,20.1199512641062,20.5930236059179,21.1863976733522,21.8451409867522
A,Annual,BLZ,Belize,WB_WDI_SP_POP_65UP_FE_ZS,"Population ages 65 and above, female (% of female population)",F,Female,Y_GE65,65 years old and over,PT_W,Percentage of women,_Z,Not Applicable,2,Two,WB_WDI,World Development Indicators (WDI),0,Units,WB_WDI,World Development Indicators (WDI),A,Normal value,PU,Public,4.29997939999783,4.33065028595637,4.35407638766793,4.38384327004475,4.41708409712488,4.43572204332832,4.44103142954951,4.44216917245963,4.43097584372547,4.40909476541953,4.41183797518808,4.43690748610657,4.47662564772059,4.53540175019889,4.59459459459459,4.63819884180332,4.67094192022559,4.70312848331723,4.71999183947073,4.71675210990047,4.68959356855739,4.64836092354607,4.61098162646002,4.57126190939141,4.52744442756595,4.49159565125972,4.45329690257998,4.40292464372898,4.3502638713071,4.30591986251809,4.27482773494962,4.2561831333651,4.16843445057276,4.02296461786252,3.92276515787172,3.89005692524347,3.91073551280879,3.9517101117425,3.99237920637702,4.02878572172645,4.06966732884508,4.08256264825431,4.05633447411169,4.02485772924796,3.99742054079696,3.97779567418316,3.95977416585829,3.93606061838342,3.91225019431161,3.89368681367964,3.88133637310366,3.87864752767618,3.89486066847921,3.92905128288052,3.97939724259516,4.04957954490923,4.12992142294892,4.21558770108978,4.31733886586615,4.44295834987775,4.58185603562005,4.73010119932398,4.88139325392854,5.05405942976694,5.271754517143
A,Annual,BMU,Bermuda,WB_WDI_SP_POP_65UP_FE_ZS,"Population ages 65 and above, female (% of female population)",F,Female,Y_GE65,65 years old and over,PT_W,Percentage of women,_Z,Not Applicable,2,Two,WB_WDI,World Development Indicators (WDI),0,Units,WB_WDI,World Development Indicators (WDI),A,Normal value,PU,Public,6.67216214905688,6.63294385864919,6.60263548626578,6.60120640391855,6.63161164359247,6.68375994089783,6.74528000681126,6.82683059423744,6.93595207213884,7.08971109984795,7.26858604223692,7.47166228165615,7.70321081953659,7.93762871432774,8.18373812038015,8.4466644553277,8.69936696570741,8.92833053901447,9.16029074215761,9.37280310083411,9.58668631228985,9.788583112912,9.94772190284832,10.0924371298363,10.2466966802094,10.4316089553865,10.6630372079608,10.7877508675276,10.7521543317139,10.6803797468354,10.5769733744834,10.6272590491673,10.8471552803554,11.0861499710678,11.3724297565344,11.7114848759526,12.0685626543828,12.2606316836608,12.2906314784955,12.3177878258598,12.5078994701278,12.8255931957667,13.1333044830184,13.4878971134975,13.8536880097944,14.1908595334686,14.5349388451692,14.7618972605977,14.8649072708444,14.9568237281772,15.2508778774873,15.7808603491272,16.3624460274656,16.9843696377874,17.5622706332474,18.0791490692945,18.6272056063071,19.2030171271838,19.7534687809713,20.3550441497708,21.0280945247776,21.7462632154575,22.546644051369,23.4353468510078,24.3571493473059
A,Annual,BOL,Bolivia,WB_WDI_SP_POP_65UP_FE_ZS,"Population ages 65 and above, female (% of female population)",F,Female,Y_GE65,65 years old and over,PT_W,Percentage of women,_Z,Not Applicable,2,Two,WB_WDI,World Development Indicators (WDI),0,Units,WB_WDI,World Development Indicators (WDI),A,Normal value,PU,Public,5.61030426468702,5.50529140330461,5.39921580488568,5.29471964288842,5.19709261168263,5.10944001880878,5.03065003818339,4.95965593161098,4.89655342959721,4.84115133669495,4.79371406741774,4.75377656217126,4.71970530628558,4.69200406571906,4.67138380414461,4.65774292418992,4.65153023425915,4.65127583269842,4.65220952946789,4.64910297398058,4.64119465743473,4.62829091777165,4.60930555422607,4.58765978071378,4.56936075799205,4.55693592373298,4.54845366336592,4.54368936661406,4.545064375806,4.55625339004825,4.57772222814911,4.60906321697681,4.65136669957719,4.76438369162968,4.93776393631673,5.10319623958931,5.26042426431781,5.40818669536356,5.54530205715282,5.67072926300599,5.78315879071891,5.88011418137432,5.91599988717672,5.90019560172827,5.8854475931866,5.8735272944737,5.86381553873217,5.85984993833153,5.86548146361543,5.88074809148915,5.90646604101031,5.93991141409294,5.97453432817119,5.99685554246519,6.00476671906637,6.01726628791099,6.04006388027325,6.06761983254157,6.1011445398986,6.14172981156445,6.14843622633135,6.10132249882323,6.10075350256711,6.17485382491207,6.26526099556521
A,Annual,BRA,Brazil,WB_WDI_SP_POP_65UP_FE_ZS,"Population ages 65 and above, female (% of female population)",F,Female,Y_GE65,65 years old and over,PT_W,Percentage of women,_Z,Not Applicable,2,Two,WB_WDI,World Development Indicators (WDI),0,Units,WB_WDI,World Development Indicators (WDI),A,Normal value,PU,Public,2.66781320295119,2.6978857645966,2.73510780461694,2.7760184971757,2.81864935491308,2.86447903368921,2.91429007039679,2.96600248610205,3.01966960451482,3.07575119384845,3.13356571539698,3.19345417611273,3.25625969516347,3.32177809509284,3.38978189021979,3.46004959964475,3.53032991795464,3.59834843216231,3.66375574869621,3.72680276215101,3.78644756364215,3.84229880091367,3.89634247720972,3.95108413827504,4.00896465952879,4.07227442765149,4.14395876637917,4.22689802490295,4.32207285726915,4.42738428796222,4.53933193148189,4.65804749337943,4.78376888802404,4.91590174919669,5.05311953959119,5.19153003869639,5.33041265512227,5.46972749283219,5.60382164693041,5.73090869541876,5.85408943803046,5.97774161154728,6.1049440262134,6.23910831438768,6.38343141306095,6.53484115281086,6.69448141541508,6.86545157443912,7.04775595046958,7.24324445864029,7.45243827329863,7.67969029459816,7.92981397722736,8.20325111932248,8.50608609404699,8.83072355995024,9.16630197332042,9.51450504539093,9.87686507557131,10.2509008164533,10.5984211639391,10.9399765857366,11.3221321822134,11.7414760899211,12.1901195639911
A,Annual,BRB,Barbados,WB_WDI_SP_POP_65UP_FE_ZS,"Population ages 65 and above, female (% of female population)",F,Female,Y_GE65,65 years old and over,PT_W,Percentage of women,_Z,Not Applicable,2,Two,WB_WDI,World Development Indicators (WDI),0,Units,WB_WDI,World Development Indicators (WDI),A,Normal value,PU,Public,6.35887091753514,6.27858490799265,6.22516014162045,6.19331359336477,6.2032059702936,6.26306470501245,6.37550916900449,6.54271815620031,6.72934481866706,6.88757053971929,7.02305504853076,7.12967978458664,7.1917136649227,7.24555962785453,7.32759801102465,7.4392475136048,7.57646819720314,7.73181370479809,7.90164511648833,8.06555912195925,8.34474608901167,8.76040331971539,9.18398586304045,9.6137388689719,10.0427874735454,10.4663224290868,10.8823350839379,11.2905602212324,11.6940993145916,12.0822014438158,12.2614671687491,12.2790517138421,12.3333915804424,12.3962042529856,12.4734432674295,12.5596776393646,12.620862517621,12.6825807068304,12.7670594804279,12.8467506918498,12.8723028725235,12.8626454529098,12.8862108685826,12.8870401946197,12.8517580710134,12.8291931349804,12.8157099697885,12.8245003269302,12.9043817982518,13.0656337752693,13.2115369232321,13.3254025783046,13.4983652498832,13.7247050213683,13.9971338808356,14.2988777643305,14.5970396147999,14.9290804440181,15.3133091839492,15.7450892658918,16.2464059265121,16.7896886357675,17.3079475720952,17.7884828010873,18.3111235034292
A,Annual,BRN,Brunei Darussalam,WB_WDI_SP_POP_65UP_FE_ZS,"Population ages 65 and above, female (% of female population)",F,Female,Y_GE65,65 years old and over,PT_W,Percentage of women,_Z,Not Applicable,2,Two,WB_WDI,World Development Indicators (WDI),0,Units,WB_WDI,World Development Indicators (WDI),A,Normal value,PU,Public,4.47829822247498,4.40687812245846,4.31377368609224,4.22146591799706,4.13532284990004,4.04651162790698,3.955001046045,3.8680651444352,3.78102446752332,3.6953498626327,3.34426827045744,2.83100406059914,2.65575744134839,2.71238758872564,2.76745146633622,2.80816012426875,2.8381496917301,2.85767588132217,2.87475656783213,2.88123419006277,2.87225544070299,2.86123200732025,2.84059319437668,2.81778814306283,2.80434036486522,2.79372836489513,2.77781866894349,2.75502076577345,2.73333241456614,2.72496803197248,2.72507134826602,2.72272137848261,2.71888180280772,2.71923672772369,2.73827884022209,2.78507915527652,2.85251049470598,2.92885087669199,3.00665435668745,3.08747622466374,3.16605320645181,3.23808966367181,3.30891832271742,3.38449061076798,3.47407754243902,3.58014523769447,3.69153299684393,3.76499565343379,3.79157660350205,3.79582058135187,3.78718346505086,3.81995940729342,3.94854764411859,4.14461785353998,4.36868088316627,4.62001485940235,4.89998854735668,5.21293989027982,5.55663843597415,5.92438038955557,6.31221616766324,6.68512208972175,7.01747391576592,7.37769139381709,7.79208511599081
A,Annual,BTN,Bhutan,WB_WDI_SP_POP_65UP_FE_ZS,"Population ages 65 and above, female (% of female population)",F,Female,Y_GE65,65 years old and over,PT_W,Percentage of women,_Z,Not Applicable,2,Two,WB_WDI,World Development Indicators (WDI),0,Units,WB_WDI,World Development Indicators (WDI),A,Normal value,PU,Public,2.57972086144745,2.57145425130325,2.56371081097598,2.55404415035352,2.5455352446081,2.53945863666973,2.53384509641895,2.52943464536301,2.52889545494047,2.52786645128058,2.52862029337284,2.53057878340712,2.53197880026769,2.53578845015383,2.54174947349687,2.55117405632373,2.56073957819198,2.57061828864907,2.58305068935764,2.59844689378758,2.61737487281361,2.63703759261039,2.65724429723568,2.68113650141008,2.70721534145413,2.73553725819878,2.7663470043387,2.79876599598987,2.83415855521729,2.87246635464661,2.91522578657445,2.96391013758033,3.01690366621338,3.07561727816771,3.13605091964244,3.20149554496379,3.27077403915115,3.34464883965131,3.42294027192532,3.56969843768923,3.78826237860548,4.01365720013595,4.24372377111064,4.47699608004951,4.70945683039299,4.89291086259891,5.00236547090632,5.08742795429275,5.17994187742539,5.28131076173681,5.3880995452085,5.49671652264112,5.60515281773974,5.71599556462264,5.8312081641935,5.95689116928426,6.09835248575883,6.18860144097267,6.23838764652032,6.32498167173549,6.44538366246447,6.58463839178994,6.73321864558176,6.88375628757333,7.03463174092277
A,Annual,BWA,Botswana,WB_WDI_SP_POP_65UP_FE_ZS,"Population ages 65 and above, female (% of female population)",F,Female,Y_GE65,65 years old and over,PT_W,Percentage of women,_Z,Not Applicable,2,Two,WB_WDI,World Development Indicators (WDI),0,Units,WB_WDI,World Development Indicators (WDI),A,Normal value,PU,Public,5.20884649260304,5.12441012050037,5.01822803557315,4.90379067520316,4.80273278820043,4.75218998767611,4.75193116100001,4.77446206621849,4.80644865864494,4.82639919848461,4.82614397951756,4.77424972998588,4.65081978203705,4.48936961684837,4.32705885578755,4.1704847098856,4.01707514166545,3.87191594259144,3.72584474491437,3.60692145975958,3.55372192762272,3.51656743788781,3.47393988873874,3.45244763078302,3.44716012841566,3.4554650231554,3.48047188218595,3.52098685014046,3.56765712045427,3.60464615583353,3.62559183224758,3.63319421324426,3.62840680123016,3.62127122990799,3.62117047569523,3.63219848330078,3.65546239895651,3.68859248666875,3.72567139868427,3.76140983469545,3.79274913199064,3.82129710262494,3.85166276119815,3.88082540410155,3.90276884818507,3.91651782322215,3.92210350598347,3.92255903547572,3.9204581973838,3.91796264950023,3.91813206575097,3.92199580298634,3.93747372609074,3.96855372111214,4.02609048801803,4.10653977090035,4.18643369873685,4.2579796477079,4.31872152731318,4.36678439304182,4.39790173883289,4.35571484059528,4.34647928589726,4.42745973336551,4.4902490839797
A,Annual,CAF,Central African Republic,WB_WDI_SP_POP_65UP_FE_ZS,"Population ages 65 and above, female (% of female population)",F,Female,Y_GE65,65 years old and over,PT_W,Percentage of women,_Z,Not Applicable,2,Two,WB_WDI,World Development Indicators (WDI),0,Units,WB_WDI,World Development Indicators (WDI),A,Normal value,PU,Public,4.67427487032527,4.63191975795963,4.60195864948907,4.57963333501723,4.55709559585562,4.53107573546558,4.50187403701779,4.46924888137294,4.43521142783656,4.40376520474171,4.37891341964918,4.36179085490322,4.35207514855947,4.34734684569904,4.34480681087765,4.34327316460318,4.34639332457961,4.34730032045468,4.33346650685844,4.30263085182457,4.25401089946532,4.18633726340662,4.10005579751391,3.998193901126,3.88662271851811,3.76962725333066,3.64719250121852,3.51943821778914,3.38586927529647,3.2484560943186,3.11734712027188,2.99759382020441,2.88824387956597,2.7894054501891,2.69992046309119,2.61740101129184,2.54169941246634,2.47340457367801,2.41194785220374,2.35684906853315,2.30511391839474,2.2545662246783,2.21063656032714,2.17528637937799,2.14508860570318,2.11975466660923,2.09796352743928,2.08324381695872,2.07592623176438,1.94479780576336,1.81918956587905,1.8344303392787,1.85815239430845,1.88284261782913,1.90879942243173,1.97198344085288,2.0656789023584,2.14954365260589,2.23514907848501,2.28437713996266,2.32330337230101,2.37497068589026,2.32336081420968,2.30302671379134,2.39183259083339
A,Annual,CAN,Canada,WB_WDI_SP_POP_65UP_FE_ZS,"Population ages 65 and above, female (% of female population)",F,Female,Y_GE65,65 years old and over,PT_W,Percentage of women,_Z,Not Applicable,2,Two,WB_WDI,World Development Indicators (WDI),0,Units,WB_WDI,World Development Indicators (WDI),A,Normal value,PU,Public,7.90505529260745,7.95165680640722,7.99819702726411,8.04177944265091,8.09741643366157,8.17418362123663,8.26341835898767,8.36138743154095,8.47160300465508,8.59657252568094,8.71767200801401,8.83295940452756,8.97192031131706,9.12753565479101,9.27722238591056,9.44142929870715,9.64204554731374,9.87031504094084,10.119639448594,10.3839759334023,10.6392859570034,10.8679636510617,11.0684227902087,11.2606050573838,11.4879287924784,11.7657736919108,12.0611279319793,12.3361692312978,12.5674817361406,12.7658846022848,12.9615672840854,13.1506420037514,13.3152847441368,13.4550688759354,13.5802160548427,13.7007518784364,13.8222977176097,13.9419613216394,14.0480499396305,14.1353727613302,14.2139883598318,14.2860465576014,14.3547591763511,14.4365599834305,14.5321764457148,14.643636099019,14.7896870373108,14.9633832438015,15.1543716378418,15.3629520604812,15.5951530108883,15.8864959607057,16.2475962966935,16.6263865908127,16.9934618141258,17.355340802916,17.713725660474,18.0755049910874,18.447068584813,18.8520717383779,19.3103760475068,19.8147010497538,20.2824175880699,20.7030959946529,21.1493077048395
A,Annual,CEB,Central Electricity Board (CEB),WB_WDI_SP_POP_65UP_FE_ZS,"Population ages 65 and above, female (% of female population)",F,Female,Y_GE65,65 years old and over,PT_W,Percentage of women,_Z,Not Applicable,2,Two,WB_WDI,World Development Indicators (WDI),0,Units,WB_WDI,World Development Indicators (WDI),A,Normal value,PU,Public,8.471977501292507,8.690285181474634,8.908783029601581,9.13924366262854,9.389729126884278,9.681657509066824,9.992443213425751,10.26800204149648,10.525328323517265,10.764729278943744,10.995453465749192,11.234568608177836,11.4964144719111,11.757358920557458,12.009419864682512,12.257881684101882,12.481198441164096,12.713753931312056,12.920371101130014,13.08488486734562,13.126853118282195,12.97701137550712,12.720117640241243,12.420726918679714,12.283040679979775,12.339749472876484,12.4643968539132,12.65494478310396,12.89271049475577,13.119467646056258,13.351584476409574,13.610322775138206,13.868404289121044,14.134895307056317,14.407852805844827,14.698678582906568,14.988649476260896,15.26356672180988,15.526358962257488,15.773348912146838,16.023991141294687,16.27398509486594,16.53692214046578,16.785358680088923,17.02356402754403,17.249614322246916,17.456591956009852,17.641727045545128,17.811153623642532,17.976816106373676,18.14817536768844,18.39912573883379,18.739069974809947,19.113656289948405,19.54830030662653,20.0206407161408,20.50037538947247,20.977368512513376,21.44625563560975,21.925676522576488,22.40364582260717,22.791933083569308,23.102314864302905,23.454424854588257,23.868659809145168
A,Annual,CHE,Switzerland,WB_WDI_SP_POP_65UP_FE_ZS,"Population ages 65 and above, female (% of female population)",F,Female,Y_GE65,65 years old and over,PT_W,Percentage of women,_Z,Not Applicable,2,Two,WB_WDI,World Development Indicators (WDI),0,Units,WB_WDI,World Development Indicators (WDI),A,Normal value,PU,Public,11.5804523785728,11.6771510113591,11.7209855626628,11.7735276232887,11.9123796254697,12.1241655336257,12.3494206292007,12.5737368681408,12.7675418152954,12.952392906699,13.2010493765946,13.4710243492942,13.7106603675799,13.9726657477815,14.265152972869,14.6274127655462,15.0389095850562,15.4136572732387,15.7268524159278,15.983369612996,16.1471662936785,16.2096854776073,16.2379335695264,16.2704137169855,16.338199811587,16.4838511586554,16.6748190603464,16.8341483474185,16.9620386922579,17.0775852370116,17.1446064142488,17.1512104907037,17.1583912849588,17.1920748866437,17.2532923793912,17.3306846466405,17.4210422245347,17.530302882025,17.6442980128801,17.7385667149432,17.8178592878774,17.9101624178149,17.9589896266045,17.9788003350588,18.0493783582122,18.1606668225764,18.3146179358442,18.4804085953416,18.6234798542291,18.7776701345975,18.9367662543561,19.1261906965741,19.3412697570585,19.5193850621602,19.6772178520532,19.8178091246196,19.9392215057778,20.0770999297524,20.2358351808906,20.4030259327666,20.5490776636865,20.7017101784063,20.9703819191418,21.3422182120755,21.7232174069051
A,Annual,CHI,Channel Islands,WB_WDI_SP_POP_65UP_FE_ZS,"Population ages 65 and above, female (% of female population)",F,Female,Y_GE65,65 years old and over,PT_W,Percentage of women,_Z,Not Applicable,2,Two,WB_WDI,World Development Indicators (WDI),0,Units,WB_WDI,World Development Indicators (WDI),A,Normal value,PU,Public,15.6440642311198,15.8247754087821,15.9164968574548,15.9807221542228,16.0670334747364,16.170534394259,16.2563883456855,16.2957423634029,16.3309954314394,16.406050955414,16.5120037844444,16.6198282591725,16.6780033082381,16.7238500773508,16.8062441631804,16.9003895800523,17.0430103497636,17.2327015845991,17.4005613084293,17.5122834622293,17.5630581637108,17.5422843095403,17.4227097773136,17.2510955778494,17.1702813493858,17.2247476364257,17.2616740088106,17.2281664188949,17.2058833689127,17.1937164185226,17.0956292465267,16.9556530018372,16.8599137067365,16.7963908251256,16.7203385319636,16.6489397061756,16.5973397021262,16.5043987494464,16.422548006346,16.384314188458,16.3460532510331,16.3482893597067,16.413094189,16.4863924091431,16.5765592432259,16.6658159033193,16.7050698557183,16.7100228567099,16.7711303430344,16.9113237719254,17.0663983153501,17.3439826053654,17.7361202390531,18.0808043786346,18.3848953870648,18.7046484746153,19.0466705297214,19.3958875084272,19.7143662275837,19.973019113451,20.2130253525147,20.4402497080218,20.7131332115818,21.0844154313859,21.4940752794929
A,Annual,CHL,Chile,WB_WDI_SP_POP_65UP_FE_ZS,"Population ages 65 and above, female (% of female population)",F,Female,Y_GE65,65 years old and over,PT_W,Percentage of women,_Z,Not Applicable,2,Two,WB_WDI,World Development Indicators (WDI),0,Units,WB_WDI,World Development Indicators (WDI),A,Normal value,PU,Public,3.69149341821168,3.77657999670774,3.86134621232025,3.94626795583785,4.02772858314353,4.10565212505823,4.1822071520438,4.25563826063125,4.32552736498045,4.39664905641977,4.46900560307425,4.54281443749346,4.62316982633243,4.71380503895032,4.81167131234707,4.91628161292685,5.02914679629186,5.14842118105022,5.26922445219639,5.38936450762997,5.50964511864129,5.62612087253916,5.74022641267004,5.85714778018086,5.98113099173743,6.11450680519267,6.25488981485377,6.40253148791082,6.56544942350808,6.75365837414099,6.96503699211697,7.20080747129578,7.46026132283751,7.72769859517248,7.98364083890595,8.22012952261918,8.43767767926825,8.63886911172613,8.83133654390782,9.02428367012543,9.22085230036708,9.41818469951796,9.61693572291931,9.80615793501304,9.98854083451408,10.1739574746013,10.3561262914902,10.5337343232573,10.7102324084608,10.8918750503543,11.0863486209006,11.2953569822663,11.5190171301073,11.7691573728735,12.044610567975,12.3423733931287,12.6386145232291,12.9017200867615,13.1445886586064,13.4017920656046,13.7157299564652,14.0688127831993,14.4235708876134,14.8180169418946,15.2634722392318
A,Annual,CHN,China,WB_WDI_SP_POP_65UP_FE_ZS,"Population ages 65 and above, female (% of female population)",F,Female,Y_GE65,65 years old and over,PT_W,Percentage of women,_Z,Not Applicable,2,Two,WB_WDI,World Development Indicators (WDI),0,Units,WB_WDI,World Development Indicators (WDI),A,Normal value,PU,Public,4.69357050706639,4.60960969269087,4.55014620936989,4.47616100613128,4.40471429373268,4.36674149249879,4.35975805755656,4.3749223808979,4.40026443470528,4.42905521658735,4.46221675625618,4.50017623357745,4.53846582815159,4.58783093175364,4.66013615416378,4.73877913583073,4.80715591589702,4.87795137516931,4.97318685418659,5.08736632335345,5.19766568487821,5.29816057030006,5.38873199396661,5.47406371558727,5.56506134922117,5.66441153121149,5.76078200151813,5.84500654089779,5.93486710845562,6.04452556937372,6.1536272726354,6.25546227941699,6.37414595937797,6.52172104397708,6.68189772182394,6.85194954669204,7.02604237961403,7.20511427560273,7.410857018802,7.62699631778316,7.83722346796829,8.03886424909664,8.22730936179528,8.40325085937804,8.56149184975123,8.71889975653234,8.89183396429382,9.06211903206134,9.21797695387408,9.37604110554468,9.55843794050711,9.77961524588989,10.0335489117483,10.3301058908367,10.6822325556476,11.1272580222502,11.6323947227725,12.1986540760801,12.8141493158134,13.4364734717685,14.1003616659921,14.7368167016818,15.3914091601632,16.0106710715509,16.4325247415238
A,Annual,CIV,Cote d'Ivoire,WB_WDI_SP_POP_65UP_FE_ZS,"Population ages 65 and above, female (% of female population)",F,Female,Y_GE65,65 years old and over,PT_W,Percentage of women,_Z,Not Applicable,2,Two,WB_WDI,World Development Indicators (WDI),0,Units,WB_WDI,World Development Indicators (WDI),A,Normal value,PU,Public,2.58113597376783,2.58420111418601,2.58552836184599,2.58544810545404,2.5843771476,2.58262307443123,2.5806826807978,2.5783757382338,2.57564585589073,2.57252266032467,2.56845158210257,2.56312228942802,2.55648929441617,2.54897529606854,2.54105263425304,2.53335480274221,2.5284605803031,2.52730994962436,2.52886997334001,2.53174378346185,2.53434112986821,2.53586220495971,2.53554707383794,2.53366141062254,2.53465840635081,2.53830563945851,2.54067552007653,2.5417829542004,2.54225826805086,2.54434183403698,2.54759512163942,2.55030020108935,2.55238088249704,2.55350882015858,2.55312945143508,2.54976148507937,2.54266054857477,2.53161802570478,2.51503689839201,2.49027793289367,2.45977970981042,2.42824312456095,2.39606750467023,2.3612655847094,2.32338653982945,2.28410082755827,2.24297865799618,2.20094445122975,2.20214756446764,2.25075070850073,2.31133311664552,2.38601657783525,2.47767307658343,2.59013898601012,2.62954697157,2.59172270875638,2.56445554904345,2.54790042520111,2.54221442450755,2.54633681657768,2.55493443717241,2.5680954757307,2.59364517845599,2.63136406520362,2.67631984205054
A,Annual,CMR,Cameroon,WB_WDI_SP_POP_65UP_FE_ZS,"Population ages 65 and above, female (% of female population)",F,Female,Y_GE65,65 years old and over,PT_W,Percentage of women,_Z,Not Applicable,2,Two,WB_WDI,World Development Indicators (WDI),0,Units,WB_WDI,World Development Indicators (WDI),A,Normal value,PU,Public,4.23548445008617,4.26316128879987,4.28818193620019,4.31103863663675,4.33204041880865,4.35049468654193,4.36601847532457,4.37849234653843,4.38768447609904,4.39343246977978,4.39635072846139,4.39742683991799,4.39643432395252,4.39321849092521,4.38739974060746,4.37808430372632,4.36795478902585,4.35694295603542,4.34013121752607,4.31923645953982,4.28588874888656,4.24453622815473,4.2260660480883,4.21705509353562,4.19680820310241,4.17288792747649,4.14532912612092,4.11571475257877,4.0868566707238,4.05813198888521,4.02804727596103,3.99731569227156,3.96697041035338,3.93698381628296,3.90695825688571,3.87740045520204,3.84881970549092,3.82078814799198,3.7918115326955,3.76118946092089,3.72947857649108,3.69802070198646,3.66683777257642,3.63426991234417,3.59812029055542,3.55817479620651,3.51688819252704,3.47506680614638,3.43333008094166,3.39299020471203,3.35497245131553,3.31865858228185,3.28112078762108,3.23860570137171,3.19189835871704,3.15159937996787,3.12129145022259,3.09836534680325,3.08234255558628,3.07241277713342,3.0649317890432,3.05387377747385,3.04864710274019,3.05946725227236,3.07948586263244
A,Annual,COD,"Congo, Dem. Rep.",WB_WDI_SP_POP_65UP_FE_ZS,"Population ages 65 and above, female (% of female population)",F,Female,Y_GE65,65 years old and over,PT_W,Percentage of women,_Z,Not Applicable,2,Two,WB_WDI,World Development Indicators (WDI),0,Units,WB_WDI,World Development Indicators (WDI),A,Normal value,PU,Public,3.49060429208493,3.46223494649172,3.43288269957964,3.40554701570173,3.38000294169593,3.35726196961861,3.34079493991548,3.32900965633993,3.31877149452852,3.30963087648344,3.30206921478269,3.29700803601432,3.29319082989486,3.2898743321342,3.28796818907691,3.28773527822867,3.28914761436025,3.29179682304372,3.28696577911269,3.27624284757061,3.26929805646008,3.2644097761378,3.25893268218818,3.25170837117177,3.24240433344164,3.23225725506415,3.22378507565485,3.21733306997758,3.21316822052588,3.21285983063097,3.21375449657045,3.21672688061146,3.22127830589987,3.22535785720775,3.21595195295047,3.21028105459386,3.22699035883898,3.25216467454332,3.27111644175734,3.28251506843704,3.29452477690105,3.30684520714616,3.32068999129496,3.3366271691309,3.35207503767183,3.3652382526873,3.37751634906403,3.38992782017015,3.40237265085138,3.41407333270213,3.42467032292096,3.43324607730801,3.43875602639306,3.4362685077452,3.4257676758518,3.41092488028193,3.39164676143151,3.37313271667868,3.36136596040869,3.35514731396382,3.34773556694108,3.33520121875421,3.32599677429651,3.32767426073332,3.33492543112323
A,Annual,COG,"Congo, Rep.",WB_WDI_SP_POP_65UP_FE_ZS,"Population ages 65 and above, female (% of female population)",F,Female,Y_GE65,65 years old and over,PT_W,Percentage of women,_Z,Not Applicable,2,Two,WB_WDI,World Development Indicators (WDI),0,Units,WB_WDI,World Development Indicators (WDI),A,Normal value,PU,Public,3.88327669049572,3.89079957749619,3.89858949308099,3.90472079044503,3.90765264109937,3.90737846994248,3.90391109238655,3.89705158199946,3.88746934077391,3.87644069271731,3.86346118084942,3.8477400112774,3.82985824858399,3.81088328320659,3.79158543408933,3.76726906381458,3.73694993473109,3.7074089569942,3.67761951002843,3.6401667618706,3.59786813840868,3.56227256925245,3.56029433009148,3.6049729080578,3.673457473887,3.73959002564562,3.79052692707721,3.83076175715376,3.85012489298351,3.83275067215302,3.80297854146647,3.7833270176562,3.78378591478222,3.79341498883017,3.78788442478772,3.77055837416476,3.74709091286952,3.72078216494149,3.68140564413741,3.62855591990109,3.56115832343737,3.50314189540643,3.47443797429975,3.44105128836968,3.38814300968273,3.32431535865546,3.25631593719817,3.18943906776225,3.12534756709107,3.05471288490237,2.99001402506953,2.94518998850946,2.91763500090683,2.90084066825304,2.88859314160577,2.88522197636646,2.89328619661816,2.91070385336628,2.93549502029545,2.96798599907161,3.00767851713581,3.05330918854152,3.10966516880741,3.17800608767697,3.25200055828065
A,Annual,COL,Colombia,WB_WDI_SP_POP_65UP_FE_ZS,"Population ages 65 and above, female (% of female population)",F,Female,Y_GE65,65 years old and over,PT_W,Percentage of women,_Z,Not Applicable,2,Two,WB_WDI,World Development Indicators (WDI),0,Units,WB_WDI,World Development Indicators (WDI),A,Normal value,PU,Public,3.20602425015954,3.19650575543755,3.19195294473745,3.19119865153036,3.19151771006958,3.19174849372657,3.19336789495137,3.19715006301371,3.20366593349548,3.21659174642391,3.23938098027992,3.27262626038363,3.31307576765657,3.35930942316974,3.41585835133666,3.48253612415847,3.55939721168197,3.64323527352821,3.72767166462123,3.80689966167862,3.87748982309699,3.94307777596667,4.00536102235228,4.06277701219854,4.11516171406395,4.15556730915189,4.19862711901072,4.25340248522055,4.30783632416601,4.36450481599805,4.42403453447394,4.48767040563569,4.55171411870231,4.61274764091808,4.67201828215955,4.73097176313017,4.79508831851705,4.86714287727524,4.94480875021274,5.02361794052882,5.10135046979573,5.17979358734388,5.26210031738433,5.35291522111204,5.45529176959429,5.57049721281363,5.70854645315463,5.87091121396273,6.05523133244385,6.25523664970554,6.46503650402119,6.69309721077229,6.94345001656684,7.21050193896402,7.50057431290351,7.80873556519809,8.1104456849768,8.3959524458314,8.67632946527382,8.97454957607451,9.28584754039492,9.58532027719108,9.91775914526235,10.3165853956989,10.7488153151801
A,Annual,COM,Comoros,WB_WDI_SP_POP_65UP_FE_ZS,"Population ages 65 and above, female (% of female population)",F,Female,Y_GE65,65 years old and over,PT_W,Percentage of women,_Z,Not Applicable,2,Two,WB_WDI,World Development Indicators (WDI),0,Units,WB_WDI,World Development Indicators (WDI),A,Normal value,PU,Public,3.84258242306848,3.86564681755069,3.8952770489273,3.9280886084956,3.9646980855572,4.01084758227615,4.04610169491525,4.05851754378218,4.06986982085873,4.09195843752479,4.12546272081869,4.17346966877412,4.23267912035942,4.29802073097752,4.3677865019093,4.43139588797465,4.47323826683367,4.48886698740809,4.47541379992526,4.42800833980124,4.34132886009108,4.27475966848451,4.24517125359246,4.20916640033801,4.17131549586342,4.13249550065445,4.09256204916241,4.05528084678977,4.02223015299079,3.98881742435316,3.95997785933565,3.96887648532229,3.9772823635161,3.95490686382605,3.93323488501768,3.9148741547294,3.9007637197645,3.88946089056791,3.87765926100536,3.88623502059551,3.90629450560759,3.91014464502947,3.91182532354875,3.91959624086321,3.95461026818877,4.0280468183637,4.11729935636411,4.19816836483235,4.25030653907899,4.26830402539746,4.26304303192986,4.25113536674882,4.24768789510653,4.28018411492261,4.3587932742088,4.46306084988338,4.57244719931513,4.64797905285963,4.69544040613161,4.74818174608657,4.78802329417106,4.80413131685725,4.8246571344848,4.85970806028058,4.87357058216606
A,Annual,CPV,Cabo Verde,WB_WDI_SP_POP_65UP_FE_ZS,"Population ages 65 and above, female (% of female population)",F,Female,Y_GE65,65 years old and over,PT_W,Percentage of women,_Z,Not Applicable,2,Two,WB_WDI,World Development Indicators (WDI),0,Units,WB_WDI,World Development Indicators (WDI),A,Normal value,PU,Public,5.50969406627512,5.52602768752649,5.52690833462246,5.56122107797245,5.60271232743061,5.64964155934536,5.70348492889391,5.76523953584904,5.83237290538846,5.89962787180131,5.91464756194824,5.90573824250557,5.93230169593764,5.96301750940926,5.98115023610654,5.96424757158114,5.9138139900838,5.85499433595609,5.78226875605874,5.68974277454071,5.60738373741774,5.54939276504401,5.49235853188258,5.43362628170761,5.37691923951,5.32479119002529,5.28107648036315,5.2436545244028,5.21675451698132,5.19659016802334,5.18333354589397,5.19060865917184,5.21811714999792,5.26013629561303,5.31381473852115,5.37516882248925,5.44577190132494,5.52028599858622,5.59054191741048,5.65552136153063,5.72644269125078,5.81998607985721,5.92930252189511,6.03845061480887,6.13743874868396,6.2150471504715,6.26262749450183,6.28147694143928,6.26946074232977,6.22161355274587,6.16980460406613,6.16524052351557,6.20982856240999,6.28775067633031,6.40290795363228,6.55578343390277,6.73949616379915,6.94498549543902,7.15523037373937,7.35954700746552,7.55857749271921,7.73385193154188,7.93481389806545,8.19765391666553,8.47941596670421
A,Annual,CRI,Costa Rica,WB_WDI_SP_POP_65UP_FE_ZS,"Population ages 65 and above, female (% of female population)",F,Female,Y_GE65,65 years old and over,PT_W,Percentage of women,_Z,Not Applicable,2,Two,WB_WDI,World Development Indicators (WDI),0,Units,WB_WDI,World Development Indicators (WDI),A,Normal value,PU,Public,3.25332210758397,3.25620994758898,3.26532219946431,3.28192730853727,3.30106978445659,3.32073466649674,3.34271348021051,3.36801770397286,3.39603614605523,3.42873110579853,3.46769455315713,3.51426876000763,3.56918950563207,3.63136828771295,3.70050769431043,3.77758397420651,3.86075608677234,3.94455561075887,4.02626941009636,4.10273747549156,4.17285426642968,4.2367966176583,4.2963791836462,4.35583208930541,4.41996040253782,4.48795047283882,4.55934871741146,4.63838510597169,4.72948063447569,4.831187589864,4.93742675359056,5.04826089189335,5.16275311448677,5.27724010773808,5.38918201028009,5.49999971756056,5.61099785670866,5.72362722683043,5.84139286356784,5.9655614917108,6.09752990403615,6.24216713610186,6.40224433521628,6.57392503637981,6.75375458582806,6.93993811623933,7.13499434918049,7.33985963465357,7.55071659180753,7.77052827964917,8.0078120328008,8.26450561047567,8.53815082944343,8.83569724435935,9.15345724919422,9.48535835791594,9.82573393231614,10.1745561122452,10.5445285140973,10.937845880911,11.3576800230233,11.7869104228198,12.2274173306482,12.7216355998625,13.2638481617089
A,Annual,CSS,Caribbean small states,WB_WDI_SP_POP_65UP_FE_ZS,"Population ages 65 and above, female (% of female population)",F,Female,Y_GE65,65 years old and over,PT_W,Percentage of women,_Z,Not Applicable,2,Two,WB_WDI,World Development Indicators (WDI),0,Units,WB_WDI,World Development Indicators (WDI),A,Normal value,PU,Public,4.37442403951075,4.432039286752706,4.470266634450091,4.503382533311767,4.545756127444067,4.593230381224191,4.652364269377012,4.722465316445345,4.797052226545151,4.871504242500002,4.913112381051222,4.922417463328641,4.939476119636311,4.967963398413355,5.00317482472316,5.045025680015099,5.091934362975808,5.14249904294227,5.195094067076083,5.246256470587993,5.28783231066666,5.318434881218388,5.346314139544868,5.375097666074278,5.4074644556222085,5.446565204729335,5.491289242374894,5.541709168221232,5.60054095529412,5.666240169855545,5.722070174987652,5.762606623202281,5.790508021196521,5.812146098007443,5.83726412786904,5.875822150065849,5.929241335824615,5.99221027884823,6.07515852337905,6.175457008753991,6.27762202361136,6.373135533739101,6.465440895429246,6.563797197082671,6.654900465638542,6.74811265729345,6.8461873762997385,6.957080043207935,7.086211231128412,7.242888801138998,7.41988446195349,7.601346816143905,7.791498578413673,7.982424778054656,8.193890435328157,8.438086005380239,8.710977424593999,9.002140478860031,9.258840998065669,9.568846805843515,9.940292487621022,10.245840562765828,10.556700265020336,10.928349155749848,11.323779906434062
A,Annual,CUB,Cuba,WB_WDI_SP_POP_65UP_FE_ZS,"Population ages 65 and above, female (% of female population)",F,Female,Y_GE65,65 years old and over,PT_W,Percentage of women,_Z,Not Applicable,2,Two,WB_WDI,World Development Indicators (WDI),0,Units,WB_WDI,World Development Indicators (WDI),A,Normal value,PU,Public,4.10266939697835,4.11603586517867,4.14025801431465,4.17847879349092,4.23736296745141,4.31729555440458,4.41840813664895,4.54413455036364,4.68804629213913,4.83847643066077,4.99202472565148,5.17305570884795,5.37977884977622,5.59194531268604,5.81379912360886,6.04647677945701,6.29028846284541,6.54157116946321,6.79437501079856,7.04826717070992,7.30307028306953,7.52476952868581,7.70656079933241,7.87883519733762,8.04287204486017,8.19284082083951,8.32677388712683,8.44810170267338,8.55683393549854,8.65751211958005,8.75940595361206,8.86266273063261,8.96600875319618,9.07098566609282,9.21340339890047,9.39375901852547,9.578808119709,9.77071788813742,9.97332631964356,10.1859054689257,10.4092100446288,10.6556774993911,10.9256186093808,11.1970004934527,11.4784276617968,11.7871297870578,12.0978530895649,12.4107891896782,12.7344322648107,13.051739133883,13.3681788758977,13.6949888344125,14.0552845402754,14.4351729702898,14.7819578827297,15.1101857533153,15.4446317403981,15.7927591062067,16.1736495569373,16.5586891675703,16.9069066170344,17.1241324341484,17.3604314245905,17.7446173985946,18.1752584936318
A,Annual,CUW,Curacao,WB_WDI_SP_POP_65UP_FE_ZS,"Population ages 65 and above, female (% of female population)",F,Female,Y_GE65,65 years old and over,PT_W,Percentage of women,_Z,Not Applicable,2,Two,WB_WDI,World Development Indicators (WDI),0,Units,WB_WDI,World Development Indicators (WDI),A,Normal value,PU,Public,5.58621415575237,5.58918974859365,5.60918871765048,5.63724964042676,5.66335628748846,5.6900289017341,5.71961156532049,5.74710311098484,5.7714793508255,5.79738859939371,5.82335221740863,5.85761062290499,5.9286965336276,6.04220172962087,6.16869119772779,6.29270908918825,6.41026446582177,6.50494553649681,6.57424334121552,6.62743902818294,6.67200079391661,6.71694424509391,6.78061341056024,6.86756943416704,6.96943941465578,7.08019047853425,7.19510695844603,7.31521525457047,7.43169801588033,7.54749419754148,7.66812205621365,7.79440939997175,7.93667377529761,8.10584460770126,8.30377556695298,8.52191615874474,8.76537278416642,9.03783132227566,9.34087129188721,9.67466299371262,10.0231015244432,10.3195928227255,10.5232848312666,10.6902001775718,10.8689718489845,11.0911586972776,11.3711136200847,11.7043602710813,12.0805449117141,12.4926152610062,12.9390267471756,13.3883791342131,13.8331549340682,14.2993133670923,14.7967298194704,15.328139793698,15.8909160956548,16.4821729142337,16.3494565841538,16.5206324094638,17.4071346541078,18.0086010000206,18.6436841915755,19.3157391313291,20.0077158509298
A,Annual,CYM,Cayman Islands,WB_WDI_SP_POP_65UP_FE_ZS,"Population ages 65 and above, female (% of female population)",F,Female,Y_GE65,65 years old and over,PT_W,Percentage of women,_Z,Not Applicable,2,Two,WB_WDI,World Development Indicators (WDI),0,Units,WB_WDI,World Development Indicators (WDI),A,Normal value,PU,Public,8.2611142374789,8.05917421064253,7.94630291220093,7.92657045840408,7.99376299376299,8.08965868568518,8.21014782261286,8.31374853113983,8.39819352358989,8.44977341389728,8.31351746844705,8.04937413073714,7.86248869150423,7.68810916179337,7.55038529934795,7.4952360787635,7.5200647467458,7.62963920858658,7.77369764112778,7.97384052318954,7.94180228880327,7.73156277436348,7.57941083971066,7.42524583584186,7.28540514546766,7.16855798505397,7.06497650917472,7.03744775228184,7.09385910864654,7.09259112833083,6.92354231263707,6.69091432892794,6.49546827794562,6.3425501244922,6.24902163363702,6.18012887756631,6.13183150393655,6.12380006620324,6.14135194670772,6.15931830394841,6.15209764293127,6.11567484955583,6.05696597287995,5.98671111210542,5.92354892565209,5.87530480114353,5.82823337413301,5.76721149083705,5.71505593745788,5.69512355045992,5.7185579605755,5.80145347287621,5.92854542617921,6.04881020884812,6.20969075574665,6.43194462414284,6.68439463728889,6.96556749298482,7.27659574468085,7.61616553122345,7.95557636592432,8.33632100500495,8.77126494862725,9.2349155712007,9.73787821584596
A,Annual,CYP,Cyprus,WB_WDI_SP_POP_65UP_FE_ZS,"Population ages 65 and above, female (% of female population)",F,Female,Y_GE65,65 years old and over,PT_W,Percentage of women,_Z,Not Applicable,2,Two,WB_WDI,World Development Indicators (WDI),0,Units,WB_WDI,World Development Indicators (WDI),A,Normal value,PU,Public,5.90978819648327,6.02874046241822,6.33085042273717,6.67944616420791,7.01310841871768,7.30628541372798,7.55559139376921,7.77719926103198,8.00473511216336,8.26408795114922,8.56728509888388,8.91262948497125,9.28400090722157,9.54949527185527,9.75185737949584,10.0034950099025,10.2122972638633,10.3565100248486,10.4584885581373,10.5285745256014,10.5826627743146,10.6321494309719,10.6648929604097,10.6612322084769,10.6393685249137,10.624827431191,10.6249103318235,10.643419075876,10.6784663115626,10.7316843320445,10.8055565602443,10.8961969895864,10.9830387304976,11.009417842045,10.9915769657769,10.9871253758346,11.0001584853887,11.033085875391,11.0821590890126,11.1415610899515,11.2142603459505,11.2922712953709,11.3411399834785,11.3743445125978,11.4281013327217,11.5060313518669,11.6153221679729,11.7593799352225,11.9336063045958,12.1292207940458,12.3430103751227,12.5823223876274,12.8420868022063,13.1112561330618,13.3799956096416,13.642125461059,13.894458249929,14.1344135524249,14.3642345870298,14.5857706989188,14.8312796722403,15.0962094752405,15.3324789889569,15.5726024687806,15.8602651055178
A,Annual,CZE,Czechia,WB_WDI_SP_POP_65UP_FE_ZS,"Population ages 65 and above, female (% of female population)",F,Female,Y_GE65,65 years old and over,PT_W,Percentage of women,_Z,Not Applicable,2,Two,WB_WDI,World Development Indicators (WDI),0,Units,WB_WDI,World Development Indicators (WDI),A,Normal value,PU,Public,10.945404927171,11.2893700388174,11.6159034151607,11.9326439699556,12.27332789422,12.6329482095016,13.0051127008963,13.3829827173692,13.7335147061757,14.0427691521424,14.3061171012802,14.5592546507853,14.8364796282996,15.0842449087564,15.2927144256646,15.4908277821737,15.6702092407878,15.8262075155443,15.9652513010705,16.056287048576,15.9679018590334,15.6411607906441,15.1888164331654,14.6997938187446,14.3720265843764,14.3327625489042,14.4520529356488,14.637159948356,14.8566398022897,15.0517938930254,15.2057850711261,15.3453366921013,15.4875407626507,15.6225287404396,15.7506785393864,15.9022656382461,16.0762521145538,16.2331650780237,16.3555103603093,16.4449112490579,16.5064574809847,16.5431513224382,16.5607828860534,16.5791215461592,16.6379292697267,16.7650848297859,16.9510594251886,17.1721790825101,17.4647548687048,17.817113808914,18.1422524546663,18.5901622132788,19.2048471333524,19.8005595293706,20.3412181237155,20.8512458068661,21.3728179176987,21.8889775708546,22.3509444597174,22.7884604607896,23.1624034756929,23.4437704747329,23.4099325455189,23.4062111535997,23.7190982928294
A,Annual,DEU,Germany,WB_WDI_SP_POP_65UP_FE_ZS,"Population ages 65 and above, female (% of female population)",F,Female,Y_GE65,65 years old and over,PT_W,Percentage of women,_Z,Not Applicable,2,Two,WB_WDI,World Development Indicators (WDI),0,Units,WB_WDI,World Development Indicators (WDI),A,Normal value,PU,Public,12.8413579444409,13.1934549430234,13.545304858324,13.8472831699233,14.170833757781,14.4819306043021,14.7852925019794,15.1379386805586,15.4460956418145,15.6863401135531,15.9669957698493,16.2784712105037,16.5973433065853,16.9420342099823,17.3189199824623,17.7043652617929,18.0540003016994,18.4094453714036,18.7592340087959,19.0443781607082,19.1402587407561,18.9505626366256,18.6235228982658,18.2963868490382,18.1716699329507,18.3622749170899,18.6535723249705,18.8876046645218,19.0204428252087,19.0557616193271,19.0746314729137,19.1084643929171,19.122885239666,19.1442418231678,19.2069917224547,19.2806980893034,19.3172553928749,19.2962543409771,19.3778614348548,19.577946286567,19.8130280879554,20.1012657054012,20.4064661515676,20.7519170494831,21.203016480722,21.7014424325872,22.2777086692959,22.73051561687,22.9534825831122,23.1077042854672,23.0838975815263,22.9960895681811,23.0805086715911,23.2238115127107,23.3391199294101,23.444938367987,23.5346472976459,23.6696146675912,23.8056444277323,23.9662031029132,24.1667065938642,24.4548663756852,24.7787594510333,25.0994065436325,25.4963056614756
A,Annual,DJI,Djibouti,WB_WDI_SP_POP_65UP_FE_ZS,"Population ages 65 and above, female (% of female population)",F,Female,Y_GE65,65 years old and over,PT_W,Percentage of women,_Z,Not Applicable,2,Two,WB_WDI,World Development Indicators (WDI),0,Units,WB_WDI,World Development Indicators (WDI),A,Normal value,PU,Public,2.5932320441989,2.62376785912061,2.65202164915632,2.68135291499777,2.70780977228691,2.72744594557811,2.74884284107206,2.77237551976955,2.79568066565296,2.81609195402299,2.83282641607223,2.8472590105759,2.86554967210869,2.88486086290529,2.90498254130691,2.92657372360609,2.9445866327705,2.96315613298978,2.98383842674199,3.00355830178176,3.02402298220948,3.0478233343644,3.07173211560964,3.0965861044222,3.12301388408059,3.1488203937689,3.17424840344665,3.19979199713341,3.22527094161434,3.25163445206714,3.2764489909257,3.3005710831691,3.32824630926357,3.3577203968744,3.38472752626492,3.41416344366081,3.43908654722882,3.43917026762745,3.4269135033783,3.42841293097175,3.44057425871724,3.45509473293156,3.47600940611397,3.5230866153291,3.59052932843803,3.65903976438729,3.71801921085089,3.77453767941223,3.83821506346528,3.90941407327983,3.99121991463568,4.08091837429726,4.1776538644609,4.28169116408037,4.39094087909976,4.49272695587495,4.57939282798516,4.65639046431177,4.73279176364568,4.8147219575791,4.89753919889957,4.97683229269613,5.07337266545484,5.19290296667277,5.31880239358408
A,Annual,DMA,Dominica,WB_WDI_SP_POP_65UP_FE_ZS,"Population ages 65 and above, female (% of female population)",F,Female,Y_GE65,65 years old and over,PT_W,Percentage of women,_Z,Not Applicable,2,Two,WB_WDI,World Development Indicators (WDI),0,Units,WB_WDI,World Development Indicators (WDI),A,Normal value,PU,Public,6.44329896907217,6.43917783294528,6.44122628984755,6.45876708608672,6.4861723685779,6.52742665647598,6.59138617444806,6.66723639419448,6.74843189964158,6.82702754741373,6.88011084245701,6.90890896305512,6.9499163473474,7.02295214377061,7.12529722322976,7.2612660944206,7.43097512291184,7.60073382701501,7.77517250619682,7.96956562579676,8.18586750279232,8.40316825259515,8.59957871848882,8.79086351279354,8.97673460984146,9.16034744243761,9.35305605185524,9.51539275176752,9.65363847466637,9.80320443387866,10.0101913713056,10.1702381629057,10.1727910876176,10.1554845580405,10.1816735557734,10.268771331058,10.384522232195,10.510905117621,10.6846487896464,10.9092741064874,11.1757470515882,11.3957879448076,11.5089105459616,11.5890100963212,11.6723450525553,11.7546428519651,11.8554384540671,11.9628254944035,12.0726418241685,12.1914767038612,12.3368231518724,12.1004632310365,11.9126473353099,11.2181230143965,10.5819432064179,10.6507285330315,11.5318367112591,12.5711859692272,12.6515597410241,12.7791654965488,12.9525138835269,13.1421405431229,13.2844262418051,13.4106134738427,13.5876871025722
A,Annual,DNK,Denmark,WB_WDI_SP_POP_65UP_FE_ZS,"Population ages 65 and above, female (% of female population)",F,Female,Y_GE65,65 years old and over,PT_W,Percentage of women,_Z,Not Applicable,2,Two,WB_WDI,World Development Indicators (WDI),0,Units,WB_WDI,World Development Indicators (WDI),A,Normal value,PU,Public,11.3062965685839,11.5534199648573,11.7781583988304,11.9915079111003,12.2092202722331,12.411826016812,12.60726181719,12.8274689416132,13.093189623875,13.3763658926642,13.6591075117629,13.9433004805522,14.2164867691658,14.4945028496497,14.8020407826406,15.1170609797387,15.4015792579731,15.6818844495589,15.9683308055332,16.2234025093674,16.4375214155191,16.6275271567071,16.8247172274341,17.0169033906979,17.1762504654481,17.3696824872924,17.6003842403697,17.7599242783938,17.8821803230765,17.9917660853757,18.0464412397166,18.0532441467477,18.0130453057572,17.9222481644732,17.8061968981768,17.6516582885756,17.4883238973122,17.3642927148785,17.2560262304953,17.1548050322292,17.0709244703235,17.0045243291102,16.9623854534322,16.9587234561122,16.9943957799815,17.0678378139493,17.1666660900886,17.3124315344268,17.5364540315303,17.8475057174721,18.238218321583,18.6982721611406,19.1814829345398,19.5983620809079,19.9403215199663,20.2222948150096,20.4489885869462,20.6698512730371,20.9149676811886,21.1836146125548,21.4666462846842,21.7160701270326,21.8618188166674,22.0599915095317,22.3402533766
A,Annual,DOM,Dominican Republic,WB_WDI_SP_POP_65UP_FE_ZS,"Population ages 65 and above, female (% of female population)",F,Female,Y_GE65,65 years old and over,PT_W,Percentage of women,_Z,Not Applicable,2,Two,WB_WDI,World Development Indicators (WDI),0,Units,WB_WDI,World Development Indicators (WDI),A,Normal value,PU,Public,2.631652797116,2.63724729080932,2.64606075307553,2.6575069723528,2.67174367202843,2.68853079146505,2.70676684018328,2.72647755349331,2.74841401848799,2.77205611785257,2.79675956231982,2.82262747512852,2.84955419706886,2.87738582374859,2.9068402239263,2.93857573838966,2.97246614598728,3.00845427121175,3.04670451032107,3.08623428448792,3.12815281463666,3.17428171917026,3.22406822174406,3.2770532153397,3.33460879699735,3.39859590342841,3.46882205242875,3.54438521245584,3.6240570397507,3.70658689580597,3.79228957992041,3.88136318422716,3.97299734357526,4.06647332726278,4.16160452891225,4.25856961650831,4.35731482459133,4.45848217375089,4.56231717596227,4.66602377011081,4.76665795229927,4.86928857687271,4.97740030783664,5.08511808778432,5.18272848403462,5.26918887219815,5.34840937463519,5.42120218089432,5.49158430880466,5.56646223892538,5.65894767423172,5.77855339722187,5.92291550402888,6.08619903850446,6.25780084361044,6.44032869305413,6.64481385694029,6.86971950780456,7.11253293605207,7.36791838061988,7.63234580288554,7.89356732921499,8.18889012607716,8.51854914035817,8.84901381543301
A,Annual,DZA,Algeria,WB_WDI_SP_POP_65UP_FE_ZS,"Population ages 65 and above, female (% of female population)",F,Female,Y_GE65,65 years old and over,PT_W,Percentage of women,_Z,Not Applicable,2,Two,WB_WDI,World Development Indicators (WDI),0,Units,WB_WDI,World Development Indicators (WDI),A,Normal value,PU,Public,3.15438290352863,3.3195638892846,3.61057021395449,3.86722838648391,4.05264462645681,4.17923345971793,4.19185238848423,4.11040085905605,4.02982359172046,3.94936683987481,3.87099813569153,3.79628504135381,3.72620611896727,3.65962199722395,3.59471394848854,3.526103187581,3.48196919211981,3.4604693409624,3.43411557863828,3.41103526385556,3.39895237343492,3.40202516256918,3.41282595514794,3.41938976994671,3.42102841853407,3.42120564728039,3.42521954882398,3.43273748633874,3.43930055620523,3.44816270736066,3.45823440686241,3.47412142182857,3.55156928860099,3.68162970611282,3.81986093003846,3.97172981559713,4.13169821390444,4.29929176057514,4.43698808018438,4.54022789761106,4.64117137868376,4.73867550187078,4.83284207014904,4.92152500736176,5.00207548718127,5.07385025243632,5.13498805636546,5.18306103556617,5.21730758144067,5.24137110071413,5.26280450606669,5.28988409994848,5.32853351466603,5.38542508583416,5.46369770970276,5.56219854998258,5.67895804872554,5.81048975565413,5.95590373036383,6.11257115360736,6.24030285406071,6.37041235183059,6.5492200460838,6.7443004438053,6.95091463578769
A,Annual,EAP,East Asia & Pacific (excluding high income),WB_WDI_SP_POP_65UP_FE_ZS,"Population ages 65 and above, female (% of female population)",F,Female,Y_GE65,65 years old and over,PT_W,Percentage of women,_Z,Not Applicable,2,Two,WB_WDI,World Development Indicators (WDI),0,Units,WB_WDI,World Development Indicators (WDI),A,Normal value,PU,Public,4.322224182661485,4.261008308173981,4.223298397139652,4.178143226348399,4.134694222794788,4.115391000042441,4.120673930493545,4.144289048789227,4.175224917405665,4.20835366967114,4.245112688844999,4.28565485227201,4.325200193517243,4.372606089711852,4.437340876030874,4.507173362290012,4.569919570370428,4.633930572426778,4.714919409210194,4.808889425753977,4.89890394228514,4.9804268512885015,5.054088053577983,5.123056012823979,5.1956404147296,5.275296924791004,5.354676769511763,5.427108124819329,5.504817462431858,5.597915961323864,5.692024168366057,5.782619145224892,5.886306495055812,6.012113377200206,6.148849014728389,6.293226159062158,6.441890469635302,6.596565427918852,6.772977947176136,6.959083309005911,7.141358565582523,7.317262311087498,7.483792426188959,7.641166743344001,7.785011944938613,7.926241502791568,8.073892981699467,8.2143774579748,8.341137343781538,8.468677515621408,8.61406456798401,8.787238835377519,8.985139558447496,9.21510996015765,9.48702474363556,9.827238521365471,10.210112289658236,10.637317143073592,11.104924854630651,11.584265500607424,12.094651379621949,12.578551792416494,13.08269166706723,13.582329352268845,13.95805332231751
A,Annual,EAR,Early-demographic dividend,WB_WDI_SP_POP_65UP_FE_ZS,"Population ages 65 and above, female (% of female population)",F,Female,Y_GE65,65 years old and over,PT_W,Percentage of women,_Z,Not Applicable,2,Two,WB_WDI,World Development Indicators (WDI),0,Units,WB_WDI,World Development Indicators (WDI),A,Normal value,PU,Public,3.399346581069121,3.4250364987728075,3.464101884723672,3.5076155266149365,3.546881043189748,3.5776897841055684,3.601023400709662,3.619571694084191,3.637519093847272,3.658766551644644,3.682188602769098,3.706612912653248,3.736556346550993,3.771469434255838,3.8054340575041294,3.8385154667642825,3.869872036693448,3.899001082339782,3.926912858844784,3.9521757254302594,3.972549609286389,3.9899690351480257,4.0078756509235305,4.026183308542755,4.044627954331077,4.065000899207135,4.087841901603607,4.11328741726437,4.141651720945295,4.172844675618207,4.203417499597876,4.238537162127737,4.279008817740128,4.325167337120207,4.376666272994945,4.431699468331657,4.489150447484911,4.549898042913829,4.613537175417562,4.678696743044108,4.744874087362282,4.813489242298772,4.887121107470271,4.961393798215409,5.030056892359478,5.094685788211481,5.155990191962115,5.212960967233896,5.269303919638154,5.326680423428191,5.389033556165389,5.459382692004498,5.539015394641273,5.623596779110737,5.724108443134825,5.845233356628364,5.980222257192115,6.128854568626864,6.290191330687608,6.462415446645951,6.62499808013007,6.744960116347797,6.88333494206842,7.075270537394603,7.274745769998489
A,Annual,EAS,East Asia & Pacific,WB_WDI_SP_POP_65UP_FE_ZS,"Population ages 65 and above, female (% of female population)",F,Female,Y_GE65,65 years old and over,PT_W,Percentage of women,_Z,Not Applicable,2,Two,WB_WDI,World Development Indicators (WDI),0,Units,WB_WDI,World Development Indicators (WDI),A,Normal value,PU,Public,4.552760789556527,4.513587417767671,4.492298410670959,4.461386428330894,4.432026832048639,4.42565323522302,4.443938636177355,4.480302010001503,4.519379030385367,4.558756184049992,4.600290932905865,4.65205036447276,4.705860814497698,4.767303526861559,4.844020781155576,4.92512229329933,5.003359786138192,5.084932331477953,5.1825758109837095,5.291892683133951,5.397102193735351,5.495025903831707,5.585346617747239,5.669112757678748,5.760989657871282,5.86472199461704,5.966984140779775,6.063800727706488,6.164374526383612,6.279977989605478,6.398335623088645,6.517569663155337,6.650242126481448,6.801611751122144,6.962565501226308,7.13042363476638,7.303303326121743,7.481820590373377,7.679481315194984,7.886116187817657,8.092923379743452,8.296733376475876,8.49069729545771,8.672119515458085,8.842647039391446,9.019209649954009,9.20444659985817,9.38032544728365,9.5405821724735,9.6935692857004,9.85212488207413,10.045713325806702,10.28000882369036,10.54761100107647,10.849908469927785,11.206676303504093,11.595572712042706,12.019700138072048,12.4777209919789,12.944761549022251,13.44482910624759,13.923965464997035,14.414361842127926,14.902573732540953,15.286413511360127
A,Annual,ECA,Europe & Central Asia (excluding high income),WB_WDI_SP_POP_65UP_FE_ZS,"Population ages 65 and above, female (% of female population)",F,Female,Y_GE65,65 years old and over,PT_W,Percentage of women,_Z,Not Applicable,2,Two,WB_WDI,World Development Indicators (WDI),0,Units,WB_WDI,World Development Indicators (WDI),A,Normal value,PU,Public,6.902347093611016,6.951230915753714,6.978625378233125,7.034185012544798,7.121876729977548,7.282460125291648,7.445020373790172,7.558105850211191,7.707572988488914,7.850303490292452,7.960772782075559,8.08244459975522,8.223470827826878,8.352783613384831,8.497388732361992,8.65776445840339,8.824469600918917,9.010651682212623,9.175273914382997,9.331102316984705,9.389576619685418,9.286863857215437,9.144800258856732,9.052555483005849,9.008265554522463,8.968814486204232,8.947150111400681,8.970459106944237,9.076522679457977,9.206294888946749,9.32272132137344,9.451052316638975,9.60189157098142,9.767203756895851,9.948311839625898,10.070715090592609,10.143936652139512,10.232662210876232,10.282544280461794,10.29292243941488,10.350524714236784,10.49492386023528,10.714660599057956,10.958085428296997,11.171523171255911,11.323405651612362,11.420092444759504,11.471704067364486,11.371988665094444,11.207896970334206,11.057593342107744,10.93995307341475,10.94002257415142,10.98451767076929,11.07512708847539,11.237203922632249,11.420681743345432,11.634771990997514,11.859490617636562,12.121983547929268,12.407690654958,12.642874316442851,12.79964809672428,13.022030136972528,13.338887227700356
A,Annual,ECS,Europe & Central Asia,WB_WDI_SP_POP_65UP_FE_ZS,"Population ages 65 and above, female (% of female population)",F,Female,Y_GE65,65 years old and over,PT_W,Percentage of women,_Z,Not Applicable,2,Two,WB_WDI,World Development Indicators (WDI),0,Units,WB_WDI,World Development Indicators (WDI),A,Normal value,PU,Public,9.770002977930426,9.942238241467688,10.09515102884271,10.245036744038991,10.419034967351804,10.649661900004157,10.887757867501897,11.10903607391385,11.33548291768612,11.548772823418204,11.760496144386284,11.973319949433774,12.200234685131075,12.423545968728568,12.65660681772899,12.897739521697272,13.127013663695667,13.369257367476155,13.608493658388497,13.817281753411548,13.91765963682352,13.847503227382887,13.69187301526942,13.541670687513845,13.466882595416235,13.502084754650618,13.600993737687242,13.727824030562244,13.889624069913836,14.068602452496346,14.261009276055113,14.468258694661746,14.686521870032646,14.901291635092596,15.131946560932766,15.315189819376512,15.441216794992515,15.577128020777415,15.68325894694569,15.75690496712626,15.857734564161202,16.016165259667606,16.21128736054779,16.41702703531823,16.632010994058103,16.8272945493937,16.981959097346483,17.06341140855139,17.033880321391646,16.982095993760428,16.946280551309354,16.98816353571124,17.169118285117317,17.38403473955826,17.63198528314004,17.89922928032987,18.150387057382822,18.4157400051764,18.689463228975963,18.98708314267028,19.28751310734648,19.54829423171259,19.842195774988163,20.21407016352823,20.61625949668576
A,Annual,ECU,Ecuador,WB_WDI_SP_POP_65UP_FE_ZS,"Population ages 65 and above, female (% of female population)",F,Female,Y_GE65,65 years old and over,PT_W,Percentage of women,_Z,Not Applicable,2,Two,WB_WDI,World Development Indicators (WDI),0,Units,WB_WDI,World Development Indicators (WDI),A,Normal value,PU,Public,5.11639303772762,5.03826026783244,4.9585219128684,4.87984535484969,4.80537229595458,4.73590320387248,4.67136613459627,4.61215040466111,4.55703198646677,4.5038541522854,4.45333230344226,4.40549457821644,4.35890989533738,4.31629985661136,4.27703980654203,4.23703937052974,4.19803811342401,4.16641436594971,4.14278807230133,4.12031931522059,4.09615213215972,4.07166248037489,4.04675850715452,4.02266164622929,4.00350135279039,3.99216555622499,3.99124735831732,4.0023874148256,4.02497962748399,4.06678106861079,4.13488470624462,4.22931335555765,4.33778901648145,4.45295014347202,4.57690152657194,4.70459032425317,4.83271328252134,4.95977595247501,5.07823674502624,5.18306809261199,5.27887139495385,5.37393637720638,5.47482957291467,5.58233514825155,5.69679415984956,5.81419231077714,5.93082284240458,6.04992576333205,6.18072900726934,6.32169391868979,6.46590411433554,6.60470314981862,6.74207988921073,6.90309287576037,7.09133448724478,7.28653858154432,7.47592437062795,7.6573389113576,7.85394569960838,8.07825965462158,8.26882255062236,8.42208104246009,8.62884436584035,8.89449489511108,9.16644652076469
A,Annual,EGY,"Egypt, Arab Rep.",WB_WDI_SP_POP_65UP_FE_ZS,"Population ages 65 and above, female (% of female population)",F,Female,Y_GE65,65 years old and over,PT_W,Percentage of women,_Z,Not Applicable,2,Two,WB_WDI,World Development Indicators (WDI),0,Units,WB_WDI,World Development Indicators (WDI),A,Normal value,PU,Public,4.2192010579812,4.28072931868004,4.33260581128119,4.37695431626184,4.41748815682271,4.45661399310711,4.49285138025344,4.52510983850897,4.55399375278215,4.57944104768074,4.60192407824241,4.62224404772391,4.6397019521615,4.65358431392203,4.66417143971239,4.6704612413631,4.67163701308727,4.66786101022095,4.66081368322428,4.65317807178233,4.64451764829719,4.63591977582262,4.62712670062963,4.61479127001627,4.60180204738444,4.59099015825567,4.58385178833822,4.57933237896154,4.57405220940893,4.56929450270447,4.56022044474046,4.55555240290377,4.56000434425663,4.56927489867431,4.58682341746331,4.60988468290146,4.63798767873924,4.67016036355698,4.69975004997709,4.72341553070341,4.73896623341549,4.74810392667681,4.75295668985907,4.7471700841552,4.72720425031451,4.69592624392661,4.66155956307926,4.63128655295649,4.6108810335129,4.60676007299178,4.62516177937989,4.66351452557542,4.71994158989918,4.77887539238248,4.82944251193413,4.89097462458016,4.97188982899326,5.06953184945232,5.18505832559654,5.31771272860854,5.42713741095152,5.48042015827876,5.5724026222609,5.72542263992261,5.88182753914327
A,Annual,EMU,Euro area,WB_WDI_SP_POP_65UP_FE_ZS,"Population ages 65 and above, female (% of female population)",F,Female,Y_GE65,65 years old and over,PT_W,Percentage of women,_Z,Not Applicable,2,Two,WB_WDI,World Development Indicators (WDI),0,Units,WB_WDI,World Development Indicators (WDI),A,Normal value,PU,Public,11.61294361231864,11.847212737961309,12.070444323849982,12.24757221790035,12.434543690422638,12.681710647056445,12.917479494419188,13.160328267690293,13.384384510033945,13.58547839540434,13.829293687068493,14.053576202724496,14.276664320286908,14.505373620002358,14.739954018126005,14.982109142715007,15.20806955938184,15.44091972520066,15.688051738596055,15.903695027432043,15.993107647276751,15.920970807970503,15.777730170928407,15.616534575594624,15.544701925299728,15.696407630514898,15.969229084075293,16.24152667233691,16.49809083283647,16.7139064220238,16.924326537576448,17.148630095037742,17.359145638421342,17.559450270038813,17.853227177933796,18.08011867234828,18.21857624316253,18.406775009560608,18.60164227612077,18.80414956696852,19.004821422757733,19.21921124566288,19.41355638726461,19.577667837717907,19.77360342831823,20.001373593592746,20.226427004465148,20.377901223773296,20.47943330685929,20.606293921805907,20.71777999181059,20.86819049654996,21.13808583319364,21.45226021056104,21.7704965094716,22.05664694481468,22.31228129624908,22.56532877189325,22.811582062555345,23.06530475182397,23.322876585371407,23.613475245844946,23.93314653270185,24.28091119523139,24.68907697802005
A,Annual,ERI,Eritrea,WB_WDI_SP_POP_65UP_FE_ZS,"Population ages 65 and above, female (% of female population)",F,Female,Y_GE65,65 years old and over,PT_W,Percentage of women,_Z,Not Applicable,2,Two,WB_WDI,World Development Indicators (WDI),0,Units,WB_WDI,World Development Indicators (WDI),A,Normal value,PU,Public,3.16861977980143,3.13099452211917,3.0948120955243,3.06096030533345,3.02917610156449,2.99916366547335,2.96713391785621,2.93734488933555,2.91426223536007,2.89316039724703,2.87373353026291,2.85619692175024,2.8392947466218,2.82387358974622,2.80955597476912,2.79765083499375,2.79533854278156,2.80146227666184,2.81126411281367,2.82322271763073,2.83710567036876,2.85292183356245,2.86940110167446,2.87444487480683,2.87042258032627,2.87205814240387,2.87924229461585,2.90190489457905,2.93858642032939,2.97586844979859,3.01797648562497,3.0653475601644,3.12238776078855,3.16538886272986,3.20818574073638,3.22218144568395,3.23832701445876,3.29932297565426,3.36606844466784,3.41924602262074,3.47250621130294,3.52411344520056,3.56836418056144,3.59927484418456,3.62514251049353,3.67383720608805,3.73960851841057,3.81306815152067,3.86953740373769,3.92981278599115,3.9918635474706,4.0511942548203,4.12406411567133,4.18757454711378,4.26214436931671,4.33690278759897,4.39435809936526,4.45631912280817,4.51089296544529,4.56446456261486,4.61000259445027,4.6377106012763,4.66667862902152,4.71623247519007,4.78254567310311
A,Annual,ESP,Spain,WB_WDI_SP_POP_65UP_FE_ZS,"Population ages 65 and above, female (% of female population)",F,Female,Y_GE65,65 years old and over,PT_W,Percentage of women,_Z,Not Applicable,2,Two,WB_WDI,World Development Indicators (WDI),0,Units,WB_WDI,World Development Indicators (WDI),A,Normal value,PU,Public,9.35850542690251,9.56213787535202,9.71062409745154,9.79939724980676,9.85480560500407,10.0530784141458,10.2973382383725,10.4637413095339,10.6580158831572,10.8343396649964,11.0434459697489,11.2453138089605,11.4176681474902,11.5970779696968,11.7192548769046,11.8799858829339,12.0864529328538,12.2822336491082,12.4937252119283,12.7100845819362,12.9373614115012,13.150087074218,13.3565916258014,13.5637915862574,13.7768775563164,14.0247825626552,14.3094129405207,14.6405179241936,14.9932477671409,15.3458203323325,15.7059740049183,16.0376292469945,16.3364905596032,16.6411263513005,16.9625620056184,17.307572063697,17.6502516370026,17.9843106425927,18.3212523984671,18.6137283050518,18.8748384370695,19.1557108155386,19.2815622936642,19.1750658175656,18.9780121901158,18.9070777033841,18.8833203553489,18.7613230298031,18.757902947226,18.9189955220969,19.1695359210486,19.4297489568471,19.7006672490401,20.0851315318647,20.4886913894202,20.7703871286507,20.9854356462586,21.195109468712,21.3858000003089,21.5557445209032,21.7334285182537,21.9955527824337,22.3905769861387,22.8761361103361,23.3797654654849
A,Annual,EST,Estonia,WB_WDI_SP_POP_65UP_FE_ZS,"Population ages 65 and above, female (% of female population)",F,Female,Y_GE65,65 years old and over,PT_W,Percentage of women,_Z,Not Applicable,2,Two,WB_WDI,World Development Indicators (WDI),0,Units,WB_WDI,World Development Indicators (WDI),A,Normal value,PU,Public,13.3674681534147,13.4887046184898,13.5522080857203,13.6632180817592,13.8586089263044,14.0951382610867,14.309287479033,14.4947244465053,14.7044303475438,14.8794379454998,15.0163822585656,15.1676231029896,15.3377110069315,15.4862289242178,15.6382524296053,15.79718017761,15.9055596882176,15.9945307743488,16.0526409757416,16.0775635840862,16.0347748641035,15.8371546105058,15.535446547065,15.2847080361229,15.0722330987617,14.837887045063,14.7439425215273,14.7849634914503,14.869640233756,15.0261245786648,15.2310198824221,15.4819361791856,15.8699552362275,16.3628944843826,16.8155199097426,17.2274341538315,17.6459928596525,18.0650954722629,18.3788506655406,18.6101886417434,18.8826827626706,19.2063394656825,19.6168082454315,20.0546718664959,20.4765304435908,20.8754150704628,21.3104428516033,21.6669175153715,21.7741180219986,21.7945609257331,21.8305551845108,22.0006704659739,22.34468476271,22.7325533387054,23.1482917008117,23.5219940447026,23.8670973762402,24.2026519058424,24.4453526723852,24.6964439814653,25.0187767492748,25.2611606967522,25.4724668082023,25.7612717536068,26.1509110883175
A,Annual,ETH,Ethiopia,WB_WDI_SP_POP_65UP_FE_ZS,"Population ages 65 and above, female (% of female population)",F,Female,Y_GE65,65 years old and over,PT_W,Percentage of women,_Z,Not Applicable,2,Two,WB_WDI,World Development Indicators (WDI),0,Units,WB_WDI,World Development Indicators (WDI),A,Normal value,PU,Public,3.44324110647972,3.42514014508875,3.4028562211924,3.37952687040768,3.36200079275137,3.35124583498145,3.34275633808095,3.34149315804339,3.34890685011925,3.3553243942297,3.35794276870366,3.35796798755036,3.35342530999688,3.34483446372876,3.33211463428387,3.31584548965721,3.30464296755664,3.2976139365884,3.28947893047279,3.28234383065565,3.27746105757259,3.27374484139074,3.26894598868943,3.24839919964974,3.21259199613357,3.17813317299845,3.14629955604447,3.12528536988239,3.11124026990316,3.09157328055756,3.06559951053049,3.03612975929295,3.00675148966358,2.9777775431808,2.95004318968558,2.91492536496382,2.87959987322517,2.85788288145874,2.84416292064087,2.82943273320134,2.82079146574292,2.81949223546322,2.81958000939967,2.82403449914307,2.83304524855706,2.84614412570349,2.86267642302533,2.88301258959502,2.90999617074138,2.94533217693006,2.98749390256424,3.03470137490006,3.08593822961149,3.13580404572789,3.18149612793078,3.21487881715358,3.2399195587711,3.27079664249749,3.30710226386392,3.34769560726394,3.38962157095999,3.42502071410177,3.46478843198159,3.52199880602185,3.59213692937966
A,Annual,EUU,European Union,WB_WDI_SP_POP_65UP_FE_ZS,"Population ages 65 and above, female (% of female population)",F,Female,Y_GE65,65 years old and over,PT_W,Percentage of women,_Z,Not Applicable,2,Two,WB_WDI,World Development Indicators (WDI),0,Units,WB_WDI,World Development Indicators (WDI),A,Normal value,PU,Public,10.928513623284667,11.16120722230033,11.386400226990704,11.577745282069774,11.778829960471212,12.034460892321745,12.286422040006348,12.5356123948654,12.766623243826524,12.976518029921062,13.21792489420722,13.44803761455183,13.68264934702397,13.921797651978412,14.162516282872168,14.40720049851904,14.633390713427742,14.86806199389271,15.108581678049218,15.316234987194116,15.402149758493191,15.323573870660484,15.167302335790762,14.986105156875922,14.90690520889147,15.0419843526355,15.283392380973268,15.535307044263092,15.781118349257094,15.99705675895688,16.21303608062502,16.438463511080663,16.64953056746897,16.85370792823057,17.12959967640084,17.359869937380925,17.52325835485832,17.72066465342056,17.920495226081556,18.123352823202566,18.328753859624165,18.5444275133306,18.74713984712416,18.92241300957608,19.12122315419089,19.34263930246546,19.55762360657688,19.71421037378949,19.83374016589735,19.97542535851285,20.110004719111377,20.29052906443408,20.58247071079841,20.912950259268538,21.256484452972703,21.58059099166122,21.878943884310267,22.171672739811875,22.45861567372401,22.7547410103886,23.055730912354527,23.36483093471932,23.677843168912275,24.02216514018293,24.425559050961525
A,Annual,FCS,Fragile and conflict affected situations,WB_WDI_SP_POP_65UP_FE_ZS,"Population ages 65 and above, female (% of female population)",F,Female,Y_GE65,65 years old and over,PT_W,Percentage of women,_Z,Not Applicable,2,Two,WB_WDI,World Development Indicators (WDI),0,Units,WB_WDI,World Development Indicators (WDI),A,Normal value,PU,Public,4.522914083378049,4.550929996328505,4.565210393154074,4.582707302581762,4.605640611278359,4.655548115809881,4.704564240761278,4.732163414029977,4.777246738761967,4.82033900666019,4.845978282948397,4.876666285582972,4.918421952596026,4.95175504400348,4.9869882598825095,5.024017163012216,5.062075877566497,5.109721646165715,5.145842624443034,5.157975317028004,5.1461165487978535,5.107942094706637,5.059264084501898,5.029097726945412,5.010212465515566,4.980541705530954,4.955553632104623,4.946688187073666,4.961803408227307,4.973151622005821,4.9554592498687215,4.946540043272347,4.930333909887703,4.910292356829,4.893752469784968,4.854884844066815,4.811081814814346,4.781027982329778,4.732922365443377,4.668851414611413,4.620994069409457,4.597477394179127,4.59325666589414,4.597401647565584,4.596816412280809,4.582851441630253,4.561592566803874,4.5402648326445005,4.498806238057727,4.454804297255981,4.417716846964351,4.385645487254919,4.376672626817086,4.3727541388406905,4.37954952130388,4.404009491824773,4.430125829935895,4.462991552086677,4.497949063376903,4.534246414182348,4.56866832935653,4.5903968946178,4.572053921618047,4.568746545936796,4.616577131171134
A,Annual,FIN,Finland,WB_WDI_SP_POP_65UP_FE_ZS,"Population ages 65 and above, female (% of female population)",F,Female,Y_GE65,65 years old and over,PT_W,Percentage of women,_Z,Not Applicable,2,Two,WB_WDI,World Development Indicators (WDI),0,Units,WB_WDI,World Development Indicators (WDI),A,Normal value,PU,Public,8.83689512647576,8.99164491257071,9.12218252277224,9.28987890566602,9.5211809262771,9.74678204968769,9.96688051714277,10.1970276267112,10.4228103626891,10.733948237315,11.1157817468383,11.454769906991,11.7965925991101,12.169985506588,12.5569617013442,12.9583883339059,13.3603077168857,13.7779890458374,14.1720235435682,14.5184847732414,14.8174591841592,15.039054856733,15.2395719538595,15.4377779493838,15.5403094220853,15.6894168414421,15.9562086617526,16.1978679802599,16.4237463247177,16.6217808038398,16.783033582857,16.9257354973862,17.0493127070868,17.1610744985068,17.3076197998775,17.4841801278409,17.6261519787298,17.7303026628708,17.7992579019732,17.8664362218182,17.9665934201951,18.0770345740698,18.1970705475331,18.3527709734411,18.5724826548974,18.7483738072565,19.0041787211469,19.2159340638978,19.3099961924435,19.5122143980527,19.8458248642506,20.3630535173328,20.9512051132353,21.5369366603548,22.0908255811377,22.5991285990208,23.0561946037831,23.5100735742263,23.9744096707182,24.4249349315301,24.8585686056608,25.2439153409891,25.6192853684661,25.9957711657461,26.3251185644905
A,Annual,FJI,Fiji,WB_WDI_SP_POP_65UP_FE_ZS,"Population ages 65 and above, female (% of female population)",F,Female,Y_GE65,65 years old and over,PT_W,Percentage of women,_Z,Not Applicable,2,Two,WB_WDI,World Development Indicators (WDI),0,Units,WB_WDI,World Development Indicators (WDI),A,Normal value,PU,Public,2.65685223880979,2.57447408940356,2.51018467735948,2.45757332876211,2.41729224713585,2.38504069135138,2.35844785874159,2.35364783639062,2.37130247422846,2.39169047651686,2.41441130508978,2.44555717201791,2.48127694984492,2.51149172994525,2.54141515851039,2.58449548666379,2.63160165614176,2.67530620414961,2.72200043203739,2.76757073440817,2.810398269364,2.84856858508519,2.87577140513607,2.90402122214302,2.9356757157438,2.96370212949548,2.99746044894467,3.02929043236468,3.05248343711414,3.07559012466441,3.09391602823645,3.10979299074845,3.13110591328416,3.16071496918896,3.19828233813169,3.24279816681758,3.29377506385596,3.36921864942979,3.47020583053511,3.58371677977831,3.70185266835422,3.81867622079164,3.93139816819867,4.04323870003736,4.16347036084413,4.291280376115,4.42624087910788,4.56823645271295,4.70915958768801,4.8467170850621,4.99966188539356,5.17974065423655,5.36155734243587,5.53752213068478,5.71883601099192,5.88235935325005,6.03203160521329,6.20543524323854,6.39706233943499,6.59304799571863,6.78312236103583,6.92466586583507,7.05163498180954,7.20612340035188,7.36803965704098
A,Annual,FRA,France,WB_WDI_SP_POP_65UP_FE_ZS,"Population ages 65 and above, female (% of female population)",F,Female,Y_GE65,65 years old and over,PT_W,Percentage of women,_Z,Not Applicable,2,Two,WB_WDI,World Development Indicators (WDI),0,Units,WB_WDI,World Development Indicators (WDI),A,Normal value,PU,Public,14.0959631454705,14.2375756342117,14.3989037878159,14.5051310745208,14.6239792006718,14.7771091361315,14.9488160104843,15.1446021651568,15.3036779571272,15.4181616171945,15.529502507461,15.6378085234101,15.73913669469,15.8497902772339,15.9763354702331,16.1244158915397,16.2505872078574,16.3822049054424,16.540924026811,16.6815503777001,16.6334485016754,16.3291979208227,15.9676332693815,15.648752588197,15.4078348720635,15.4336252816903,15.6663091818611,15.889028180304,16.099409639607,16.2937126430942,16.5020485739453,16.7301710274719,16.9445118425911,17.1538890703461,17.3754631834239,17.6116943702665,17.8393505934462,18.0473766210349,18.2410993126817,18.3989682114318,18.514569022009,18.6125607956464,18.6942890348431,18.7440373182615,18.8119640448163,18.8709745271757,18.8546367694213,18.8473643553983,18.9038579392661,18.9893234054696,19.0873311322213,19.3365692814805,19.7398016849734,20.159588531746,20.589846885058,21.0291449426291,21.4523617524633,21.830633386895,22.1905081304632,22.5610101565824,22.9011530630305,23.2136364434922,23.5566350437691,23.9417127939245,24.3416485513661
A,Annual,FRO,Faroe Islands,WB_WDI_SP_POP_65UP_FE_ZS,"Population ages 65 and above, female (% of female population)",F,Female,Y_GE65,65 years old and over,PT_W,Percentage of women,_Z,Not Applicable,2,Two,WB_WDI,World Development Indicators (WDI),0,Units,WB_WDI,World Development Indicators (WDI),A,Normal value,PU,Public,8.76861694027351,8.91071213399205,9.03697078115683,9.15607209226867,9.25925925925926,9.34746299602603,9.41189859731983,9.47246931651841,9.51691090432941,9.54876434245366,9.59349149580933,9.66505627378478,9.76130150686758,9.85417820320122,9.94783515910276,10.033816051008,10.1530755666863,10.3268700862047,10.5472065505018,10.7937055187529,11.0649464246665,11.3487078678621,11.6082625464354,11.8715051121874,12.1498356253183,12.4521555774564,12.6768238686678,12.866903402706,13.0781711897935,13.2220513946848,13.4751773049645,13.8830177764923,14.3802960117501,14.8882347530126,15.3252661695042,15.6072229434675,15.6967894527317,15.7663725034835,15.7680077422923,15.6898642927432,15.5698671141548,15.4070288685673,15.2794700813044,15.1671739178034,15.0324675324675,15.0669906879718,15.2401821775372,15.4232378500161,15.7190635451505,16.0346602608099,16.3155074482906,16.6431201301481,16.9850063097555,17.3296607093289,17.7717194521948,18.1032113485973,18.2671645838984,18.4172661870504,18.506066068499,18.61486553934,18.7930830740143,18.9386278780336,18.9163771759784,18.8408540278619,18.8702147525677
A,Annual,FSM,"Micronesia, Fed. Sts.",WB_WDI_SP_POP_65UP_FE_ZS,"Population ages 65 and above, female (% of female population)",F,Female,Y_GE65,65 years old and over,PT_W,Percentage of women,_Z,Not Applicable,2,Two,WB_WDI,World Development Indicators (WDI),0,Units,WB_WDI,World Development Indicators (WDI),A,Normal value,PU,Public,3.75968259965993,3.7600838612643,3.75524921399204,3.73609072147401,3.70936113117969,3.6810184351168,3.65548419643377,3.62883493318276,3.61005553931599,3.59598752303984,3.5773810546573,3.56242592190708,3.55273850154396,3.54572915184008,3.53317739751323,3.51616385773406,3.48922230996461,3.46375881975625,3.44980464961623,3.43970773900664,3.41903719912473,3.40051810197763,3.3817017675126,3.3603335318642,3.34895562113059,3.34716739211121,3.34660308849906,3.34028561091366,3.33842778869447,3.34026885339534,3.34451173732419,3.34447502949273,3.46390043093891,3.7001038029631,3.88399840789388,3.90402751479561,3.80170399265301,3.70005156551082,3.61181130716601,3.53898256491121,3.55435015345086,3.67124311530693,3.79514911102612,3.88055446673556,3.92211181012296,3.92174459301804,3.89088907537244,3.8630664680016,3.84153991263816,3.82157959854486,3.82890811732227,3.89158688312289,3.99519874428697,4.1290489000258,4.30579803363043,4.50889503673439,4.71099506075905,4.92501068677296,5.17124249313852,5.44458384857703,5.73927866499193,6.04726598702502,6.34689750594246,6.62607007325037,6.91211463995013
A,Annual,GAB,Gabon,WB_WDI_SP_POP_65UP_FE_ZS,"Population ages 65 and above, female (% of female population)",F,Female,Y_GE65,65 years old and over,PT_W,Percentage of women,_Z,Not Applicable,2,Two,WB_WDI,World Development Indicators (WDI),0,Units,WB_WDI,World Development Indicators (WDI),A,Normal value,PU,Public,8.60994456735473,8.63288227207691,8.64729569971923,8.65408107822294,8.65285859467043,8.64333709883648,8.62689868828225,8.60377124746424,8.57412336848665,8.52310494270293,8.45468524982304,8.38779313830372,8.32166673958288,8.25271628053663,8.17866437986495,8.10134790186195,8.02038407311416,7.93282703732765,7.84037732080886,7.74493186883583,7.64606901685404,7.54339398197408,7.43509670023422,7.32084941341777,7.20293022787277,7.08503824942181,6.96808988963629,6.85041199513711,6.73254621473086,6.61557129033744,6.49990328415116,6.38637557672381,6.27496466394322,6.16595018525877,6.06076674266928,5.96033399262158,5.86432773558669,5.77138647256641,5.68012275000448,5.5901308042392,5.50134832402625,5.41416631150079,5.32982542886346,5.24799519032657,5.16450766768576,5.07786168177416,4.99003318736547,4.90302736914746,4.8194848744426,4.74070923738866,4.66731995845534,4.60026358930039,4.54065295884853,4.48457455631116,4.43571004376529,4.40509189251338,4.38839494436685,4.37770693614458,4.37205313068479,4.37166258057352,4.37309893395542,4.37613603852552,4.3894795419266,4.41770156169801,4.45670375254008
A,Annual,GBR,United Kingdom,WB_WDI_SP_POP_65UP_FE_ZS,"Population ages 65 and above, female (% of female population)",F,Female,Y_GE65,65 years old and over,PT_W,Percentage of women,_Z,Not Applicable,2,Two,WB_WDI,World Development Indicators (WDI),0,Units,WB_WDI,World Development Indicators (WDI),A,Normal value,PU,Public,13.8974121907825,14.0310364161906,14.1398715371353,14.2868521629708,14.4879972467731,14.6996848399785,14.8979904599018,15.0942399496625,15.2927633791252,15.4947458937124,15.7184937472728,15.949811125042,16.1611763115456,16.3670199923028,16.5949264963687,16.8218796438383,17.0186695099174,17.2108559186212,17.4150923174133,17.6004930161531,17.7476497577783,17.8282230571563,17.8168585230911,17.7435375317733,17.7463434796635,17.9088042190256,18.0993837645269,18.2448304801922,18.3409914638101,18.3787212579946,18.3989127418397,18.4057285928752,18.4173574720011,18.4035162064793,18.3683582726547,18.3438062517175,18.2982964327711,18.2243869858145,18.1281409174749,18.023734656153,17.9492332804142,17.9098643900009,17.871189852491,17.8157422618985,17.7610296748827,17.6893831247233,17.6033773783172,17.5778999524859,17.6259051499937,17.736028907348,17.8700279428669,18.082285427718,18.4161703879401,18.7184660115351,18.9349163130072,19.0931000300663,19.2253373428376,19.3828331876363,19.5675305536884,19.7809647389117,19.9445541193863,20.067398529867,20.2925207866969,20.6185019326438,20.8981378168122
A,Annual,GEO,Georgia,WB_WDI_SP_POP_65UP_FE_ZS,"Population ages 65 and above, female (% of female population)",F,Female,Y_GE65,65 years old and over,PT_W,Percentage of women,_Z,Not Applicable,2,Two,WB_WDI,World Development Indicators (WDI),0,Units,WB_WDI,World Development Indicators (WDI),A,Normal value,PU,Public,8.40093012626247,8.29824538451457,8.21705821334952,8.16782362308821,8.16021648073744,8.20062413882865,8.29598137974101,8.42019883921181,8.54815465331347,8.69229630279566,8.86187482813352,9.02337567779885,9.16632416181452,9.34362515502559,9.56352244569517,9.80843447750492,10.0632563628138,10.3138126135212,10.5786217750493,10.8363095459393,11.0079713722508,11.0756228001668,11.0748145631587,11.0432569256065,11.0153754852298,10.9970317966135,10.9726760024292,10.9427821990589,10.9489243971017,10.9821623064857,11.1313097012127,11.4116639604585,11.7314915226403,12.1198013263922,12.5297080558102,12.911934716083,13.2731014035553,13.5986249643562,13.8873774386741,14.1445004078358,14.4149783771072,14.7618188548902,15.1839506203016,15.6850049185534,16.1837108146771,16.6279015953706,16.9674784735561,17.0480082883684,16.8455776571552,16.4732166344908,16.1475117901796,16.0252611487533,16.1111624693472,16.3619956447264,16.6094832757714,16.8026321898006,17.0066695387365,17.2076164038179,17.4390450537685,17.7083412929979,17.9771785280848,18.1477067109659,18.3021304226406,18.5984599758495,18.9856150092103
A,Annual,GHA,Ghana,WB_WDI_SP_POP_65UP_FE_ZS,"Population ages 65 and above, female (% of female population)",F,Female,Y_GE65,65 years old and over,PT_W,Percentage of women,_Z,Not Applicable,2,Two,WB_WDI,World Development Indicators (WDI),0,Units,WB_WDI,World Development Indicators (WDI),A,Normal value,PU,Public,2.83558530330811,2.87984602005306,3.04451180343442,3.18098194175066,3.28947981690101,3.36202268218354,3.40666377368196,3.43327992120691,3.44740784994823,3.44030684202971,3.37370885124292,3.20108270764296,3.00919217317686,2.88205770973795,2.78273747498907,2.70291996790674,2.62788555936103,2.61592926463563,2.67857000633798,2.75398812135244,2.72376385177045,2.5999041441299,2.55964120238005,2.6091788850149,2.63824053345291,2.63286432869613,2.6354534453232,2.63947684820586,2.64280441139456,2.65081194999585,2.67080111817121,2.70266538476306,2.7440157107453,2.79239315844672,2.84587488752293,2.90772207285161,2.98026558917977,3.05957087266921,3.1443460297582,3.23277329752598,3.31656007874135,3.39316072015722,3.46564828838246,3.53515126936856,3.5976174660787,3.64982055263709,3.69651436597706,3.73748809427766,3.76354205881123,3.77226923367657,3.77325555682067,3.76937504991177,3.75937983772996,3.75175041525042,3.7522298702976,3.76316945097291,3.77968742164271,3.79673859056933,3.81672608110401,3.8413838822414,3.87001625060132,3.90327868575391,3.95180590704073,4.01761782962867,4.09157130479436
A,Annual,GIB,Gibraltar,WB_WDI_SP_POP_65UP_FE_ZS,"Population ages 65 and above, female (% of female population)",F,Female,Y_GE65,65 years old and over,PT_W,Percentage of women,_Z,Not Applicable,2,Two,WB_WDI,World Development Indicators (WDI),0,Units,WB_WDI,World Development Indicators (WDI),A,Normal value,PU,Public,10.4384773752683,10.5690343526521,10.5722852300873,10.5874316939891,10.6300864166457,10.7611115692257,10.9198428449917,10.9475694168192,10.8722838830702,10.8588768533456,10.8946036781088,10.980289876672,11.1242385083995,11.2799297063777,11.4978021578814,11.7071938812324,11.9465060413754,12.2080792954683,12.4135239649484,12.5671283210854,12.6862254781108,12.7850992795642,12.9955018273826,13.3417908869859,13.6973688870002,14.092285765188,14.5498940716004,14.9932919975344,15.4379147266928,15.9101874188161,16.3279897644314,16.7123600639708,16.9418029669076,16.9816292726999,17.1141940777206,17.2844987051424,17.3230950106547,17.3384446878423,17.4784788057099,17.7164357295322,17.8979628628087,18.0489034534913,18.1314359267735,18.0815449131339,18.0653004515457,18.053939352454,17.8682327528014,17.553032069,17.2575822298163,17.1201556672612,17.4107713956761,17.7913142280015,17.9914489904191,18.2238667900093,18.4655198660375,18.7287446955789,18.8386445908255,18.7756886751202,18.6988379414964,18.613794652887,18.5538054851856,18.4838091122694,18.5070519435845,18.6385863237691,18.7987243090007
A,Annual,GIN,Guinea,WB_WDI_SP_POP_65UP_FE_ZS,"Population ages 65 and above, female (% of female population)",F,Female,Y_GE65,65 years old and over,PT_W,Percentage of women,_Z,Not Applicable,2,Two,WB_WDI,World Development Indicators (WDI),0,Units,WB_WDI,World Development Indicators (WDI),A,Normal value,PU,Public,4.40424667761851,4.35276719454106,4.3065347799098,4.26577579767664,4.23124563772695,4.20307050109333,4.18107552717588,4.16643125702851,4.15829752581815,4.15449668187989,4.15489168796807,4.15941575615555,4.1676030117325,4.1785261971653,4.19409885829908,4.2168224093107,4.24586193278109,4.27988053804564,4.31687609462731,4.35380345113553,4.38876587358165,4.42119079322808,4.44988382913051,4.47463884790388,4.49589306220036,4.51274620132572,4.52440264656336,4.53033024890124,4.53080071072019,4.52727925913972,4.51952557812524,4.50815858286328,4.49389449665126,4.47648666608626,4.45690851541612,4.43515332098627,4.41123114464052,4.39564068692206,4.38177647963646,4.36075026289574,4.34132815003497,4.33068904272583,4.31658841253954,4.29110529180102,4.26358778882067,4.23437545381521,4.2062210529428,4.17832730669828,4.14976016671249,4.12235726729215,4.09137570419693,4.05900555371392,4.03424865612001,4.01626639255062,3.99717598219565,3.98011673464489,3.96865191664837,3.9592577444039,3.95209101062136,3.94710929488258,3.94017824463073,3.93135006498486,3.93231833331048,3.94351975244048,3.9580705379661
A,Annual,GMB,"Gambia, The",WB_WDI_SP_POP_65UP_FE_ZS,"Population ages 65 and above, female (% of female population)",F,Female,Y_GE65,65 years old and over,PT_W,Percentage of women,_Z,Not Applicable,2,Two,WB_WDI,World Development Indicators (WDI),0,Units,WB_WDI,World Development Indicators (WDI),A,Normal value,PU,Public,2.90602750959854,2.90978528141881,2.9143189750043,2.91931450595334,2.92411113096302,2.92900128709083,2.93454011286041,2.94035855318044,2.94607380512993,2.95181380267199,2.95802267968965,2.96449893743578,2.97016949395125,2.97539414199189,3.05126756763592,3.1941240802528,3.33614604128506,3.47904914156912,3.61816212633236,3.74626187844357,3.85661463461658,3.94379020602206,4.00870796858382,4.07108286771071,4.06096475866835,3.98177143872988,3.91705018580021,3.86722669392949,3.82980708954543,3.79705132978672,3.76426179444666,3.73163179434802,3.68859615002291,3.5954561597447,3.47206077983132,3.36343615613564,3.26688157706486,3.18107419868512,3.10501258701434,3.03623836499054,2.97349867435543,2.91665287149299,2.86444415935884,2.81833518268405,2.78040420032152,2.75065225050935,2.72867946608197,2.71510050502273,2.71144492958653,2.7167124292429,2.72884014637859,2.74497422693308,2.75859320397881,2.76118289460513,2.75072243653256,2.75078476378431,2.77393615631548,2.81177150608532,2.86363238697121,2.92878758603984,3.00339663027373,3.08201589314194,3.17249672009928,3.28373513521295,3.40680408197287
A,Annual,GNB,Guinea-Bissau,WB_WDI_SP_POP_65UP_FE_ZS,"Population ages 65 and above, female (% of female population)",F,Female,Y_GE65,65 years old and over,PT_W,Percentage of women,_Z,Not Applicable,2,Two,WB_WDI,World Development Indicators (WDI),0,Units,WB_WDI,World Development Indicators (WDI),A,Normal value,PU,Public,4.4643862356607,4.50532175347267,4.52141423362309,4.54974583645508,4.61111045312497,4.69923708413487,4.75516780633498,4.74563797065828,4.69482127669004,4.68360122529297,4.69618731702076,4.73191966857526,4.79474406276223,4.84626338967108,4.83936023578284,4.73880172635687,4.5803830625916,4.37664597318082,4.14114528741805,4.00545646729453,4.04919153884816,4.16150039072675,4.26435056668997,4.36109440601339,4.44926923195551,4.52734469386274,4.59825244663866,4.66204180824486,4.72189515056409,4.77679693772454,4.82913991785956,4.77180164198998,4.61235362514961,4.46741698337467,4.33339796533708,4.20908341647508,4.09450077180957,3.9847584657345,3.88236681621842,3.7879761889456,3.69868464074817,3.61483722581541,3.53480366861017,3.45832360080778,3.38586450903555,3.31726862222725,3.25387965760844,3.19781272871124,3.15000348560838,3.11321347951239,3.08851459807195,3.07544209403847,3.07632035298587,3.09254939082286,3.12483058963841,3.17354188467258,3.23650337247736,3.3113444762903,3.39435375227628,3.48201750406876,3.55951476534738,3.62746649404205,3.70732279401417,3.79424961004311,3.87468540664055
A,Annual,GNQ,Equatorial Guinea,WB_WDI_SP_POP_65UP_FE_ZS,"Population ages 65 and above, female (% of female population)",F,Female,Y_GE65,65 years old and over,PT_W,Percentage of women,_Z,Not Applicable,2,Two,WB_WDI,World Development Indicators (WDI),0,Units,WB_WDI,World Development Indicators (WDI),A,Normal value,PU,Public,6.15410712932251,6.14102505073544,6.11938639395287,6.08985274285169,6.05415434723121,6.01529561721737,5.97125708654867,5.92312026544794,5.87842555954379,5.82567447376223,5.76225499867957,5.70718915624827,5.6692240775577,5.63564117072167,5.59641881898764,5.55210813508792,5.49565433410735,5.44249351667466,5.40478066719202,5.35349237809624,5.30503445154152,5.27934245315554,5.25614695561443,5.17546708844671,5.0426387857198,4.91772252517784,4.80744005141029,4.71116096466629,4.6211714132187,4.53272637426813,4.44691483810557,4.36311770053572,4.28134732624477,4.19981563681192,4.1215572511989,4.04866622213163,3.97921854242742,3.91242612324102,3.84811662751077,3.78501908425601,3.79052982471695,3.88162439254941,4.0084543609311,4.16667666589073,4.35344930278783,4.41860314149267,4.35697006051521,4.29523234400188,4.22748063530007,4.1508269415699,4.06592283871241,3.97819232145682,3.89437079002071,3.82175592538379,3.78148721171977,3.77540218378821,3.79093186591214,3.82429463931315,3.8676637667133,3.91322562407363,3.95457249378984,3.98952550488888,4.02433298486299,4.06481472993289,4.11168264381529
A,Annual,GRC,Greece,WB_WDI_SP_POP_65UP_FE_ZS,"Population ages 65 and above, female (% of female population)",F,Female,Y_GE65,65 years old and over,PT_W,Percentage of women,_Z,Not Applicable,2,Two,WB_WDI,World Development Indicators (WDI),0,Units,WB_WDI,World Development Indicators (WDI),A,Normal value,PU,Public,8.28687232863613,8.59467983588605,8.80164224137681,8.75280347327139,8.69842210739309,9.62251845470562,9.8294371085423,10.0927855063086,10.3626174483666,10.7139691317027,11.7039597106914,11.7994649019161,12.1319553084483,12.478993455046,12.8250641934988,13.131889238429,13.3849190521001,13.6467239500106,13.9559738037827,14.0038754315271,13.7923008269053,13.7714611481855,13.901281604089,14.0046543958784,14.0569808464216,14.1583865274596,14.3099029382104,14.4620256480816,14.6224666790858,14.7951222253528,15.1524563920168,15.627803864901,16.042248005928,16.449293251286,16.8641677509166,17.2465853567866,17.6082273520171,17.9394834608516,18.2608592034912,18.56523194459,18.859638967006,19.1336298130539,19.4420058967528,19.7830111982993,20.0933280998696,20.3522262719906,20.5323297979078,20.6396975137029,20.734060659046,20.8994897548681,21.1727653695351,21.5223181641795,21.9000005911622,22.2908047942626,22.6891034441524,23.0658034473176,23.3973527377855,23.680664654769,23.9523473750307,24.2342111390677,24.5407556806348,25.0435916034229,25.4964515694684,25.7950403590653,26.3199841336403
A,Annual,GRD,Grenada,WB_WDI_SP_POP_65UP_FE_ZS,"Population ages 65 and above, female (% of female population)",F,Female,Y_GE65,65 years old and over,PT_W,Percentage of women,_Z,Not Applicable,2,Two,WB_WDI,World Development Indicators (WDI),0,Units,WB_WDI,World Development Indicators (WDI),A,Normal value,PU,Public,4.86878804535923,4.80027395604617,4.7486312592415,4.70377911307543,4.64223143849786,4.56761433868974,4.50260432139108,4.45346540549661,4.41965883335321,4.40359127832407,4.40177223237702,4.51443986036179,4.75798942008599,5.01938541780285,5.29837539024439,5.60824165951245,5.93861656429403,6.28839935327405,6.66306794455252,7.06930570970527,7.51105941971796,7.84885239393654,7.99824855870977,8.07392188602499,8.15019828155982,8.23633356277674,8.30591937230543,8.36464447468367,8.42178545483897,8.47581631221311,8.53166900588288,8.59385814004074,8.66810103451325,8.76447725630359,8.87676234124364,9.00047325162499,9.13938718448841,9.29045333741229,9.45559011824244,9.6285638559691,9.80153908464966,9.96218554418098,10.1032393207152,10.2328830926875,10.3593942938844,10.4828186167899,10.5861839920292,10.6669855051137,10.7343285771925,10.8030505312826,10.8919108727575,10.9621615734396,11.0071987818832,11.073744465811,11.1631336733062,11.2643962410796,11.3922716010333,11.5409187576031,11.7153023669568,11.9230268016159,12.1436543436318,12.3777097789079,12.6748942899378,13.041279528234,13.4306781632793
A,Annual,GRL,Greenland,WB_WDI_SP_POP_65UP_FE_ZS,"Population ages 65 and above, female (% of female population)",F,Female,Y_GE65,65 years old and over,PT_W,Percentage of women,_Z,Not Applicable,2,Two,WB_WDI,World Development Indicators (WDI),0,Units,WB_WDI,World Development Indicators (WDI),A,Normal value,PU,Public,2.44858919177427,2.51199114500061,2.57059454307161,2.60872074567859,2.61783030201436,2.62204681840298,2.68897441939622,2.78914850880984,2.8873274283735,2.98097098618045,3.07268489086671,3.20746868789573,3.36866096866097,3.53791101208561,3.70889823905252,3.87603743598799,4.03563826285413,4.1652965033432,4.2786856439993,4.37248565587285,4.44493006993007,4.50364868949436,4.54972057506079,4.56777892540208,4.55890319623286,4.56381093666296,4.56927311652564,4.56251513439341,4.55961031701669,4.57893178003752,4.65421365914787,4.77943324569091,4.92591730664805,5.05981716627046,5.18121736449643,5.32211270582358,5.46064615089637,5.57353814330314,5.67905489497769,5.75835968190093,5.84049126700209,5.92066424177791,5.9582053324231,6.00966986477298,6.08689107569571,6.24248798076923,6.47354974451458,6.70502406738869,6.92187470578267,7.10068101643117,7.2338344025737,7.35164691122222,7.45756996740474,7.51113700870284,7.51609918229373,7.60540458708652,7.79702034334115,8.00166307593453,8.19353132320713,8.38068986349992,8.60146062538922,8.88226190026802,9.22803904170364,9.71396205041065,10.3417673716012
A,Annual,GTM,Guatemala,WB_WDI_SP_POP_65UP_FE_ZS,"Population ages 65 and above, female (% of female population)",F,Female,Y_GE65,65 years old and over,PT_W,Percentage of women,_Z,Not Applicable,2,Two,WB_WDI,World Development Indicators (WDI),0,Units,WB_WDI,World Development Indicators (WDI),A,Normal value,PU,Public,2.12589646578318,2.14692252248283,2.16902127760655,2.18746123055878,2.20458587357132,2.22679102447781,2.25197103169491,2.27417321076456,2.290766881674,2.30159791564237,2.31482609803758,2.3414328306148,2.38068362414612,2.42685903373031,2.48177361693967,2.54417759150525,2.60125986029812,2.66066378132292,2.72655978689605,2.78458935954927,2.82670684837445,2.85673430123941,2.90648714711451,2.96932359369031,3.01621891160267,3.06124092916637,3.12373222631775,3.20328174577822,3.28908213276909,3.37779265379233,3.46432613559916,3.56003524958039,3.65880937491418,3.75017209781887,3.81345309033365,3.84688227551342,3.88316002405966,3.9241907420047,3.95951865158946,3.98224192823832,3.99586583814406,3.99999068946042,3.99543522723424,3.98762634928868,3.98029839213836,3.97711295448341,3.98000991102752,3.99084592442094,4.01063081446186,4.03761520678966,4.0693754102186,4.10697659774478,4.15430214341215,4.21608210435978,4.28852203024848,4.36376977184963,4.44193269211641,4.53013484334033,4.63057350479026,4.74244429628637,4.85153742598002,4.93116408336534,5.02348298473585,5.15614598812116,5.29853507018521
A,Annual,GUM,Guam,WB_WDI_SP_POP_65UP_FE_ZS,"Population ages 65 and above, female (% of female population)",F,Female,Y_GE65,65 years old and over,PT_W,Percentage of women,_Z,Not Applicable,2,Two,WB_WDI,World Development Indicators (WDI),0,Units,WB_WDI,World Development Indicators (WDI),A,Normal value,PU,Public,2.10321668434076,2.0645293384975,2.02314998021369,1.98551926511865,1.96496102492861,1.96453667434142,1.97886313225764,2.00554515643252,2.0422121000725,2.08305621325388,2.12186527962416,2.16220942578413,2.20814851521048,2.26551986425604,2.33742373035135,2.42361539138857,2.51734348109587,2.6287637228529,2.75280331346601,2.89732660236893,3.02572439514201,3.11665016162484,3.22164948453608,3.32763818196456,3.42342184544244,3.52560804089054,3.63106437306814,3.74367622259696,3.87515102698349,4.03413437650343,4.20226436063069,4.3524536334609,4.48359929078014,4.59656993993777,4.70094259998723,4.81250695448982,4.93632529380451,5.07703034284872,5.22826717275555,5.38613014807809,5.57238540787893,5.79712901671359,6.0273247126618,6.24525377031073,6.44540043019359,6.60786086089206,6.72706245181187,6.81434703853502,6.89350009592356,6.9935076155916,7.1961627033484,7.53156612272022,7.93811068902037,8.37521041305702,8.83138069108705,9.30000557665735,9.77632446008281,10.2656258774639,10.7659534475737,11.2685186350649,11.7673257389472,12.2492165441062,12.7411276693809,13.256872072555,13.7771926222083
A,Annual,GUY,Guyana,WB_WDI_SP_POP_65UP_FE_ZS,"Population ages 65 and above, female (% of female population)",F,Female,Y_GE65,65 years old and over,PT_W,Percentage of women,_Z,Not Applicable,2,Two,WB_WDI,World Development Indicators (WDI),0,Units,WB_WDI,World Development Indicators (WDI),A,Normal value,PU,Public,4.04668168944927,4.15962790761489,4.11987594413125,4.08704726463668,4.06202038234557,4.0437052004412,4.03031929702052,4.01946403130149,4.00752775712954,3.99131562753691,3.98814167576845,3.97915891744951,3.94989754154953,3.92507347744099,3.90931701662215,3.90464485619247,3.91033877693072,3.9242357663324,3.94195001424707,3.95689770954511,3.96799211228694,3.97318274439131,3.97101108189139,3.96591755601691,3.96459105697208,3.97417774856618,4.00004132274094,4.04361630213787,4.0983702791515,4.15412473265014,4.19554940681199,4.21946120461522,4.22225654307201,4.20247574457222,4.17259881037829,4.13897640835806,4.11271388947318,4.1046616305922,4.11776360725999,4.14676704113798,4.18467916460251,4.23022446755044,4.27425324819704,4.32996654152464,4.40476315183005,4.48160833328962,4.56202269513983,4.65579392810717,4.76494798261818,4.88973402156324,5.03464749363645,5.2010004693033,5.35063718963524,5.47996144326661,5.62643973276992,5.7878700017086,5.96066313643532,6.14589776056755,6.25822937840091,6.41721111972942,6.65075289944322,6.7828534366601,6.97291022774209,7.2760771509993,7.57603111818674
A,Annual,HIC,High income,WB_WDI_SP_POP_65UP_FE_ZS,"Population ages 65 and above, female (% of female population)",F,Female,Y_GE65,65 years old and over,PT_W,Percentage of women,_Z,Not Applicable,2,Two,WB_WDI,World Development Indicators (WDI),0,Units,WB_WDI,World Development Indicators (WDI),A,Normal value,PU,Public,9.373697405799128,9.536694095467842,9.68350818686486,9.82194786659258,9.974188015699612,10.16978237361426,10.376516597086228,10.575185736775785,10.76741975838082,10.948033212929026,11.132777747612083,11.316611361702876,11.520226860985977,11.727423881456032,11.939985444236264,12.16048620228098,12.37904861734,12.60951362332657,12.845327538582351,13.059494993062875,13.207728596683436,13.249730978081592,13.233250787495418,13.21278230385085,13.249151377439592,13.374157057931509,13.544904890470216,13.731029601557651,13.92221410006964,14.119653661061903,14.33297558108122,14.545038328442237,14.75262919327515,14.948998503034472,15.14564659554194,15.3164832328157,15.452153351769832,15.58837601340566,15.703115518288175,15.799781410016502,15.913481135663467,16.056465923251057,16.213084010510755,16.37132670636701,16.54982301839446,16.744017941956734,16.927872667315796,17.073762870222268,17.177687305689222,17.27173122743716,17.37065408702314,17.539574508990952,17.838260807169537,18.164199010416333,18.50290814292032,18.823451822050565,19.12424274748194,19.43911756060574,19.76778402624606,20.10621597414826,20.44739078860896,20.808788710124297,21.14968278474928,21.53404309424624,21.949776071133435
A,Annual,HKG,"Hong Kong SAR, China",WB_WDI_SP_POP_65UP_FE_ZS,"Population ages 65 and above, female (% of female population)",F,Female,Y_GE65,65 years old and over,PT_W,Percentage of women,_Z,Not Applicable,2,Two,WB_WDI,World Development Indicators (WDI),0,Units,WB_WDI,World Development Indicators (WDI),A,Normal value,PU,Public,3.95531218890595,4.03060810329489,3.93533334345353,3.65904456726629,3.2507428731519,3.10973117128341,3.29894487372179,3.79674146704119,4.54004813334129,5.11585831127644,5.70215068322452,6.11445526522888,6.32563286054786,6.50187489846903,6.68195798461182,6.88744718157112,7.12220590340437,7.35975192433445,7.58308819958512,7.78894942839743,8.00537151854433,8.20582825535607,8.36164600639285,8.50042043110222,8.64961017070915,8.85989323810999,9.08640291347949,9.2795444379311,9.46290932977927,9.64158833963295,9.84071665029343,10.045636286923,10.2331951958624,10.4303244628011,10.6460404579577,10.9244015550605,11.1594825898067,11.2715880694757,11.3895151824414,11.5301443064801,11.6751128694695,11.8615383026824,12.0775857644691,12.2918508324704,12.4907510019516,12.6646594396372,12.7905656622898,12.8413386417271,12.8770715593495,12.9770299942003,13.1438636761689,13.381096600898,13.6945346569727,14.0726064632426,14.5319552148488,15.0713927476993,15.621076372108,16.14633408413,16.7225973455289,17.4169245687738,18.2058748953294,19.0513276645865,19.9392271934213,20.8800241705738,21.8821777972042
A,Annual,HND,Honduras,WB_WDI_SP_POP_65UP_FE_ZS,"Population ages 65 and above, female (% of female population)",F,Female,Y_GE65,65 years old and over,PT_W,Percentage of women,_Z,Not Applicable,2,Two,WB_WDI,World Development Indicators (WDI),0,Units,WB_WDI,World Development Indicators (WDI),A,Normal value,PU,Public,3.45273026429381,3.44066834139729,3.44225249559169,3.44898774461833,3.45040402526868,3.44328985802681,3.42825064205632,3.40677578526429,3.38108223886991,3.35394212126326,3.32796235645772,3.30170806210697,3.27417200886819,3.24531882848425,3.21714784336919,3.23169499001915,3.28776827540462,3.34421461895058,3.39420663214562,3.42924533416293,3.44882365474813,3.45447678908905,3.44862798910855,3.4407700088725,3.44156529872324,3.45430584359919,3.47711784068436,3.50867090390948,3.50738962996395,3.47136219693632,3.43741167624174,3.4059600864482,3.37561306049882,3.34746298274987,3.32514559487763,3.30879670297288,3.29751610155255,3.29129032300868,3.2826054534558,3.27421067671576,3.26962772562186,3.26597031532694,3.26565315169701,3.26751982053178,3.2693029278016,3.27072468114682,3.27423576863211,3.28191215664486,3.29530613208289,3.31610593990984,3.3458885086446,3.38654619671544,3.44270891864844,3.51817071008002,3.61863592549671,3.73793453101361,3.86409792916242,3.99577949346561,4.13168477366544,4.27100265948065,4.40206303729494,4.50836520532777,4.63158362845454,4.78629655046753,4.94171356799203
A,Annual,HPC,Heavily indebted poor countries (HIPC),WB_WDI_SP_POP_65UP_FE_ZS,"Population ages 65 and above, female (% of female population)",F,Female,Y_GE65,65 years old and over,PT_W,Percentage of women,_Z,Not Applicable,2,Two,WB_WDI,World Development Indicators (WDI),0,Units,WB_WDI,World Development Indicators (WDI),A,Normal value,PU,Public,3.3086253248302384,3.3048310090125965,3.3059363664513146,3.306806843456485,3.307495162332718,3.3078825911890544,3.308367479834984,3.309768393594533,3.3123372117505787,3.3148043926185062,3.315438007973619,3.3118483914790167,3.306866350049751,3.30351393558509,3.301032783505875,3.2999169469626186,3.300177934257871,3.3030069137228604,3.307025631925129,3.3114684103415173,3.3132355690605864,3.3121805182607456,3.3116681845624183,3.3097075813073995,3.305551864650162,3.301031364747616,3.2973584574857147,3.299790842706051,3.2985264871024533,3.2877389924560645,3.277379598670058,3.264604597872589,3.247210098821665,3.2294084407804298,3.209915730311829,3.1901167705822417,3.174891316307553,3.162288503103505,3.150613093353014,3.142814079321946,3.138980877538706,3.13595118282418,3.132291418254117,3.1273731518289662,3.121411836982237,3.114680523094876,3.108549833121753,3.104125600824381,3.1005077281125866,3.09858029677626,3.100740702239213,3.107224378549516,3.1181158168102248,3.129616113483225,3.138261628918337,3.147870162561901,3.161341147798896,3.1788348260137864,3.201376676202589,3.228621588128353,3.2547786538242898,3.274848386021845,3.300928933279398,3.340300955657105,3.3844691750319384
A,Annual,HRV,Croatia,WB_WDI_SP_POP_65UP_FE_ZS,"Population ages 65 and above, female (% of female population)",F,Female,Y_GE65,65 years old and over,PT_W,Percentage of women,_Z,Not Applicable,2,Two,WB_WDI,World Development Indicators (WDI),0,Units,WB_WDI,World Development Indicators (WDI),A,Normal value,PU,Public,8.51023381554225,8.64831256739349,8.80321993528422,8.9851745128472,9.2150289886089,9.49153721033878,9.79792484773125,10.1080083174359,10.4003959069748,10.6865558842498,10.9877369974215,11.2953987826544,11.5973287160887,11.9040070762515,12.2241128680226,12.5553593743633,12.8846153441725,13.1974086659045,13.4819959925258,13.6935202842336,13.7338315524608,13.5516721050688,13.2343612752203,12.9494667745394,12.8824978659996,13.0504864464145,13.3145408340034,13.5971796901722,13.8823030355176,14.1726128233475,14.4717488468054,14.842015558734,15.2762972923354,15.7110424904149,16.1547749718804,16.6401757373898,17.1443985145008,17.6210068890521,18.0771238672578,18.5189704192602,18.9672705619306,19.3741827088158,19.7343088695161,20.0793111854602,20.3835241069648,20.6479561156994,20.8554357720385,21.0463287489849,21.1935328749099,21.2206571930019,21.1513483971714,21.208601404743,21.4568363192708,21.7453435430934,22.0934423348403,22.5186297846953,22.9415779418962,23.4146494873907,23.9517348942077,24.4535995160315,24.9186650552185,25.3566950081877,25.7426527774621,26.0687102459617,26.4448270335334
A,Annual,HTI,Haiti,WB_WDI_SP_POP_65UP_FE_ZS,"Population ages 65 and above, female (% of female population)",F,Female,Y_GE65,65 years old and over,PT_W,Percentage of women,_Z,Not Applicable,2,Two,WB_WDI,World Development Indicators (WDI),0,Units,WB_WDI,World Development Indicators (WDI),A,Normal value,PU,Public,3.69818695192004,3.71997984938606,3.75530835637486,3.79946845723397,3.85387930740584,3.9199322187285,3.99354891217239,4.07382539577942,4.15784073137984,4.24154015527164,4.32249877388552,4.39920921462779,4.47017351992928,4.53461805405326,4.59188575912859,4.64131447121079,4.68252946398258,4.7151746671766,4.73914274490674,4.75453470506033,4.76144144667547,4.75988516415023,4.75004037888375,4.73286499560137,4.7087655269041,4.67780073794626,4.64090020410188,4.59881277572081,4.55165956529033,4.49992645879904,4.44479913964926,4.38812901224935,4.33167325936797,4.27731888271034,4.22759029397242,4.18537908447365,4.1510789098213,4.12393291174795,4.1048965718551,4.09530042918716,4.09451974015504,4.1037511209851,4.12472821714835,4.15387889018169,4.18412920890948,4.21595026841287,4.25173163347163,4.28955617344347,4.32955207622304,4.37029319595071,4.37675218784883,4.38328583063727,4.43130601889283,4.49129987017605,4.55200654980961,4.61515933389332,4.68548740705221,4.76121810419769,4.84252545287842,4.92736600165618,5.00883350382303,5.07559694527163,5.1439105168104,5.23395878747281,5.33300455121661
A,Annual,HUN,Hungary,WB_WDI_SP_POP_65UP_FE_ZS,"Population ages 65 and above, female (% of female population)",F,Female,Y_GE65,65 years old and over,PT_W,Percentage of women,_Z,Not Applicable,2,Two,WB_WDI,World Development Indicators (WDI),0,Units,WB_WDI,World Development Indicators (WDI),A,Normal value,PU,Public,10.1758024143768,10.4710461068338,10.7691269259326,11.0734302171005,11.3983146060964,11.7241657212585,12.0488004638627,12.3576371986628,12.6325528917167,12.8694610039449,13.0820683594314,13.303300968397,13.5777736300869,13.8800709018359,14.1792160477656,14.4530854993892,14.6878943916583,14.9428049614247,15.1907183598072,15.4185277931602,15.4728875987547,15.2295712458608,14.882893337588,14.5273955792416,14.4173020261955,14.6219717962241,14.8932500739563,15.1892561174215,15.4848552511146,15.7115445590779,15.9239259429584,16.1553054874083,16.3417122647187,16.5177871763379,16.7086549889079,16.9220876727262,17.1245623668154,17.3126073630904,17.5218018460033,17.6999978978691,17.8632969611507,18.0405340314225,18.2229013782524,18.4000428983853,18.5743674925861,18.7737387727454,18.9780064613133,19.2093004583662,19.4568796105004,19.7234828091978,19.9553360716211,20.16030737495,20.4445807303207,20.7930180675691,21.1835490305122,21.5780339136576,21.9985564543119,22.3845722325649,22.7760387052623,23.296828328881,23.8279247399694,24.1768522808662,24.4099103215499,24.6502747706407,24.8477791239601
A,Annual,IBD,IBRD only,WB_WDI_SP_POP_65UP_FE_ZS,"Population ages 65 and above, female (% of female population)",F,Female,Y_GE65,65 years old and over,PT_W,Percentage of women,_Z,Not Applicable,2,Two,WB_WDI,World Development Indicators (WDI),0,Units,WB_WDI,World Development Indicators (WDI),A,Normal value,PU,Public,4.527528054929054,4.529437512056733,4.542870547235299,4.558139081780259,4.576833182803888,4.612918344747945,4.657718856405705,4.70111185289655,4.751408700973564,4.803116312623979,4.8509943742584944,4.904972280933134,4.966017912299399,5.02950277718959,5.102418720345284,5.178690241998215,5.251263188976664,5.326761888275709,5.405845412684022,5.484375679899379,5.544013975205719,5.57011049072034,5.579221246343234,5.592461821182302,5.617612220545595,5.648215328043609,5.683373656303505,5.725854211418441,5.783333529943695,5.858118996841926,5.936218804921092,6.015827431780846,6.107983047369441,6.212899460855772,6.3200397184324135,6.426027140456887,6.529990319153992,6.636248376117424,6.744735937565993,6.848361395110898,6.95537465341795,7.070886080092116,7.194421028176055,7.319720726082078,7.435127088849566,7.540997749679039,7.641884412379242,7.728401984175778,7.791054224536556,7.848836799218498,7.921939918548161,8.026154185156818,8.163370016769273,8.32194480612082,8.518444152903264,8.76607394914224,9.038874077256368,9.340297104061024,9.665447793992165,10.00424037346806,10.34952594293158,10.648428557338972,10.963153945168466,11.31397333875739,11.625122425091078
A,Annual,IBT,IDA & IBRD total,WB_WDI_SP_POP_65UP_FE_ZS,"Population ages 65 and above, female (% of female population)",F,Female,Y_GE65,65 years old and over,PT_W,Percentage of women,_Z,Not Applicable,2,Two,WB_WDI,World Development Indicators (WDI),0,Units,WB_WDI,World Development Indicators (WDI),A,Normal value,PU,Public,4.314266423586273,4.312499678235692,4.322013087986817,4.334360278435527,4.349763300642191,4.379586610484635,4.416993850554603,4.45344764744773,4.495732300101505,4.539063150906885,4.578788421959743,4.621553163097321,4.669618681739674,4.720791889982555,4.779636507398845,4.841481222923907,4.90042175664615,4.961785011551162,5.025749935700997,5.088604683809692,5.13524694777678,5.154122507568666,5.159101714876144,5.167291125586456,5.185243616768111,5.207711197957031,5.234037845510713,5.266813033573424,5.311354215801154,5.368722985253412,5.428348264292692,5.488368081498016,5.556929425400177,5.634821416811015,5.714025031849831,5.791477874230783,5.866935088088545,5.9440886633352825,6.022860142214562,6.098186019751468,6.176374537379032,6.260819554260492,6.3507515870892455,6.441534372829639,6.524132756304275,6.598579861123525,6.668338132758652,6.726228059916629,6.766233430881296,6.803338164462193,6.853077747308179,6.928039386121959,7.029978194014733,7.148688289070185,7.295438868921113,7.480182166247557,7.683454835033166,7.907547250928292,8.148390255708325,8.397230867710936,8.645785218845898,8.855045299250405,9.075746127583376,9.324398765038609,9.544631686999407
A,Annual,IDA,IDA total,WB_WDI_SP_POP_65UP_FE_ZS,"Population ages 65 and above, female (% of female population)",F,Female,Y_GE65,65 years old and over,PT_W,Percentage of women,_Z,Not Applicable,2,Two,WB_WDI,World Development Indicators (WDI),0,Units,WB_WDI,World Development Indicators (WDI),A,Normal value,PU,Public,3.287803858079996,3.282562901895353,3.281532072787511,3.282658203367504,3.286014111091993,3.290635488538421,3.297161457441124,3.306001718799636,3.316157256063735,3.325490293514957,3.331651965770367,3.3262799059307016,3.320245437669423,3.32311382929595,3.327709040190032,3.335074238204751,3.344282934490108,3.3551347129022804,3.36693073627558,3.3781050430004806,3.3848110753789262,3.3877141396850816,3.3906107962217136,3.3935033918862905,3.39723736883877,3.4023554804631257,3.4084301140492688,3.4175271099985,3.4258670722118416,3.4305968068523955,3.435067746148192,3.4377708327755974,3.438457954794711,3.440207343740941,3.4412212537290423,3.440222482833871,3.440210374301617,3.441420044093189,3.44406583540131,3.450265351630512,3.459923419054094,3.4712241544266647,3.483892585605376,3.497239146480445,3.5095045518740267,3.5209045311214293,3.532400600259096,3.5441431090354123,3.557135205367046,3.573448891946479,3.5952564583342737,3.624081296813968,3.659417759564522,3.6941999256533617,3.732042645748298,3.77494859509324,3.823382873651784,3.876291217611003,3.934852235991531,3.99525406224928,4.047713216608394,4.091285510995263,4.143870637617201,4.209584277609562,4.277812693893186
A,Annual,IDB,IDA blend,WB_WDI_SP_POP_65UP_FE_ZS,"Population ages 65 and above, female (% of female population)",F,Female,Y_GE65,65 years old and over,PT_W,Percentage of women,_Z,Not Applicable,2,Two,WB_WDI,World Development Indicators (WDI),0,Units,WB_WDI,World Development Indicators (WDI),A,Normal value,PU,Public,3.215807709659629,3.2210603680021515,3.2285671980840034,3.238452591151939,3.249589172678164,3.260332526857221,3.2727227044501483,3.2864584699598978,3.300087016480319,3.310817139851985,3.3154252099515262,3.312755453925245,3.306001990356976,3.2988792167808687,3.291769044710448,3.2855984012904096,3.2804513439287524,3.277222590104008,3.2769009508107487,3.276535703591956,3.266853959519469,3.2537974763475352,3.2467347993188795,3.24370158481622,3.2445610414149773,3.247136313175844,3.249735390878329,3.253041752122081,3.258235235546416,3.265552162502043,3.2732382596154195,3.281772489032489,3.293564407924306,3.309495306490568,3.326654701807045,3.3412937266180456,3.352849924002792,3.3621728579480927,3.3698828601370066,3.3776735935446043,3.385286587578745,3.3929019654778645,3.402742159726397,3.4129009144643803,3.4206252542668096,3.4267161221396143,3.431921337773628,3.435056671583305,3.440261137719129,3.449601923500101,3.463022106916052,3.4822598212151954,3.504679292516183,3.5271729367420472,3.5467888852758973,3.5716615951313995,3.603513669376072,3.639721489419354,3.686763646212007,3.739296213245393,3.7821520871682783,3.8195316985010783,3.87078112265937,3.933842304163969,3.998184827576136
A,Annual,IDN,Indonesia,WB_WDI_SP_POP_65UP_FE_ZS,"Population ages 65 and above, female (% of female population)",F,Female,Y_GE65,65 years old and over,PT_W,Percentage of women,_Z,Not Applicable,2,Two,WB_WDI,World Development Indicators (WDI),0,Units,WB_WDI,World Development Indicators (WDI),A,Normal value,PU,Public,2.68130412582387,2.75097302498025,2.8159063661862,2.87535825515229,2.93243475511286,2.97572890065053,3.02326852350819,3.09036615465199,3.16035237721346,3.2309537075551,3.30270567024872,3.37584314291439,3.4493335985405,3.52180947613221,3.59336658329806,3.66378409854239,3.73162823152865,3.79651490228875,3.85591480886866,3.90804156084571,3.95343245706829,3.99177375792112,4.02462716833359,4.05552838784758,4.08652347271416,4.12000070061045,4.15842852349546,4.20230297774007,4.25219350426693,4.31136322941292,4.38297212193054,4.4663911217844,4.56180018823081,4.66902532577992,4.78357509711158,4.90186500738098,5.02296244382821,5.14689369089044,5.27450542291393,5.40583436333932,5.54064876790456,5.67799464154121,5.81649374035207,5.95329721703003,6.08239556133315,6.20392305200079,6.31857574671337,6.42408371095137,6.5214116815593,6.6107837191947,6.6914941110976,6.76545798865476,6.82991131980381,6.88562262304075,6.92915464510777,6.97744748010244,7.05233184490492,7.15137870797226,7.27457645052808,7.42106370179486,7.56160908774981,7.65937201178817,7.81098786837291,8.05122725450444,8.30972799372044
A,Annual,IDX,IDA only,WB_WDI_SP_POP_65UP_FE_ZS,"Population ages 65 and above, female (% of female population)",F,Female,Y_GE65,65 years old and over,PT_W,Percentage of women,_Z,Not Applicable,2,Two,WB_WDI,World Development Indicators (WDI),0,Units,WB_WDI,World Development Indicators (WDI),A,Normal value,PU,Public,3.320255016972504,3.3103184586094545,3.305465698097812,3.3026641281478466,3.3025237147561874,3.3043911393660967,3.308272456374881,3.314898365122605,3.323481632827573,3.332188757124418,3.3390783539741618,3.332489142016257,3.326804783994985,3.334302477383853,3.344351072305997,3.3580913424537173,3.3741472372938133,3.3918279232945863,3.4095883428840508,3.4265295408815137,3.441732114834877,3.453229266345388,3.461597860250292,3.4677507588850305,3.4732095839016024,3.48001306525221,3.4882970846384875,3.500796848424748,3.511242251288709,3.5151176347245823,3.518446806052291,3.518626171868988,3.5137850493571223,3.508213340909313,3.500873820460912,3.4917916120596293,3.485807379773783,3.4828390845445383,3.4828997691522843,3.488314882545918,3.499129064126,3.512478805771412,3.5266712647300364,3.541720994717681,3.556456612274648,3.570730419302172,3.5856126148442344,3.602063933661467,3.6193967763755976,3.639620545782599,3.666101945407981,3.700190850385295,3.742491333626962,3.783918681333704,3.831516593056778,3.883993020548776,3.941027901665403,4.002549985113873,4.066939658772585,4.131127848643675,4.188309049106842,4.234893483894532,4.287939315438612,4.354679974424887,4.424518707836392
A,Annual,IMN,Isle of Man,WB_WDI_SP_POP_65UP_FE_ZS,"Population ages 65 and above, female (% of female population)",F,Female,Y_GE65,65 years old and over,PT_W,Percentage of women,_Z,Not Applicable,2,Two,WB_WDI,World Development Indicators (WDI),0,Units,WB_WDI,World Development Indicators (WDI),A,Normal value,PU,Public,19.8740854177301,20.3215176853774,20.5994994691339,20.8386587474626,21.1184406678593,21.4807283482762,21.7968407196139,22.031185367696,22.2632182893459,22.5102673852392,22.7878025136482,22.9792997358125,23.0312721517944,23.0252456243087,23.0109667785289,23.0278606333693,23.0876587737181,23.162590418364,23.23966284744,23.3121789060139,23.3387575952107,23.3455364686004,23.2694529190486,23.0906124870236,23.0875534950071,23.2965461775613,23.3854097120221,23.2178181551762,22.932005197055,22.6422070534699,22.3521831094426,22.1254620720209,21.9291490180978,21.7140198171566,21.4934684592647,21.2811571391742,21.0130952541504,20.6021298742894,20.1366718556239,19.6888622066769,19.2982909739639,19.0396247693254,18.9303861788618,18.9129613301423,18.9202699325169,18.9437257358322,18.9744473014037,18.9834682531942,19.0229468599034,19.0989331674879,19.1915604020886,19.4626921899649,19.9328898569494,20.4269371388135,20.8919577195015,21.3518193462688,21.772383406767,22.123001755135,22.4031429720967,22.6331081400293,22.8829848704614,23.0835395310475,23.3577501943142,23.788618843053,24.2384308557578
A,Annual,IND,India,WB_WDI_SP_POP_65UP_FE_ZS,"Population ages 65 and above, female (% of female population)",F,Female,Y_GE65,65 years old and over,PT_W,Percentage of women,_Z,Not Applicable,2,Two,WB_WDI,World Development Indicators (WDI),0,Units,WB_WDI,World Development Indicators (WDI),A,Normal value,PU,Public,3.42305280597013,3.46248579663614,3.52251515166322,3.59006667453997,3.64639400319029,3.6848237813729,3.70757160177315,3.71672709894685,3.72378568512301,3.74085637259558,3.76555509141801,3.79883368209865,3.84185297616616,3.88904717831045,3.93405294108898,3.97452515201111,4.01209672793866,4.04546466394311,4.07665270635136,4.10534430078619,4.13085659799728,4.15530755167993,4.17893387290929,4.20119976607023,4.22175231421141,4.24173435279067,4.26181376644057,4.28295371970346,4.3062696693187,4.33219974808621,4.3616306970525,4.39505471815861,4.43168730118942,4.47141477139865,4.51585542294524,4.56422501743421,4.61543443795986,4.66987892821707,4.72735580779152,4.78737967992875,4.84825005085777,4.91055308982755,4.97764822659637,5.04693529771706,5.11027251967679,5.16786027548476,5.22275596855842,5.27754823783443,5.33588277659667,5.39775239536246,5.46609761969499,5.54478984105421,5.63304779837588,5.72692550048673,5.85315226860116,6.01712091779342,6.19188175497591,6.37739603379644,6.57507921401153,6.78299115265878,6.98535020065507,7.12127246756211,7.27755094380342,7.50650567210504,7.73837108280662
A,Annual,IRL,Ireland,WB_WDI_SP_POP_65UP_FE_ZS,"Population ages 65 and above, female (% of female population)",F,Female,Y_GE65,65 years old and over,PT_W,Percentage of women,_Z,Not Applicable,2,Two,WB_WDI,World Development Indicators (WDI),0,Units,WB_WDI,World Development Indicators (WDI),A,Normal value,PU,Public,11.8555312803403,11.9452025350375,11.9636317689992,11.9504654030872,11.9596150024533,12.0453174371412,12.1089966547158,12.119424414656,12.1334290814676,12.1327055987801,12.1455111761059,12.1398792397371,12.045706589704,11.91081304526,11.8078197320185,11.7743926240946,11.7868232347091,11.8168891588553,11.8595162887238,11.9001991396026,11.9230837118449,11.9298389648895,11.9287362950251,11.9326597011205,12.001897884474,12.1165832311814,12.2310944449742,12.3811354134114,12.5776968982814,12.7522921749139,12.8662290246212,12.9217512313011,12.9419311074146,12.9445427433175,12.9503835903525,12.9454805783812,12.9105835306642,12.8683170153739,12.8112682540978,12.7221062509069,12.6264745615501,12.544218954838,12.4684805220633,12.4177167821538,12.3905049968803,12.3026822482128,12.1130066059653,11.9510472109473,11.945961673728,12.1042630223403,12.3648787779413,12.6609628921074,12.9789650468722,13.3029559578029,13.6135556806257,13.9040236289932,14.1673851562142,14.4294267218026,14.6990548982721,14.9838199009195,15.2980149826432,15.5860427953562,15.9049025686028,16.3066146985043,16.6764737857873
A,Annual,IRN,"Iran, Islamic Rep.",WB_WDI_SP_POP_65UP_FE_ZS,"Population ages 65 and above, female (% of female population)",F,Female,Y_GE65,65 years old and over,PT_W,Percentage of women,_Z,Not Applicable,2,Two,WB_WDI,World Development Indicators (WDI),0,Units,WB_WDI,World Development Indicators (WDI),A,Normal value,PU,Public,4.19574214097006,4.11300001891009,4.03631353656444,3.96735025010556,3.90690467980579,3.85212527609692,3.80315216610138,3.75975463355961,3.7202731163124,3.68600134631495,3.65727826945431,3.63608782689674,3.62231841563077,3.60975188616376,3.59055661018703,3.56202377699191,3.5264307935228,3.4816041877156,3.42688100815718,3.37244594915498,3.32634247663076,3.26474382696165,3.20780564456956,3.17957358342084,3.17171817898999,3.18414070782957,3.21359423534426,3.2621191429459,3.32746156336252,3.39822032207299,3.46198632188374,3.52603136786845,3.60564163620949,3.72305286319266,3.85266617691336,3.97138918006917,4.09865623637752,4.22463117385194,4.34527729052771,4.46340726473826,4.57657532625977,4.68651434649382,4.83330804868221,4.97245627733168,5.06156674531353,5.1397460624177,5.21309186082139,5.29831141988061,5.39563659047107,5.49590163248823,5.60297282791313,5.72114971147207,5.8529286823685,5.99249163342839,6.16910421432689,6.39106515971211,6.62324517876457,6.86126312658796,7.10928523322363,7.3665643518101,7.5804984322669,7.75951969477303,7.98902718711857,8.28357523700389,8.61797560028014
A,Annual,IRQ,Iraq,WB_WDI_SP_POP_65UP_FE_ZS,"Population ages 65 and above, female (% of female population)",F,Female,Y_GE65,65 years old and over,PT_W,Percentage of women,_Z,Not Applicable,2,Two,WB_WDI,World Development Indicators (WDI),0,Units,WB_WDI,World Development Indicators (WDI),A,Normal value,PU,Public,3.84566637130663,4.01800619631443,4.16562270180811,4.29552888763764,4.42474340836525,4.55325911470791,4.68053334475326,4.80369830498481,4.91587427093863,5.01069333803358,5.08684149754675,5.14577892324077,5.1882885422745,5.21651619954286,5.23171602386135,5.23524988233336,5.22998479100875,5.21633468354051,5.19512174202558,5.16825639069058,5.13549939091527,5.09732872331237,5.05626683459082,5.00982047915601,4.952145307476,4.88375076215878,4.80663733625814,4.7225966857893,4.62266138445142,4.50236258327562,4.37570968723034,4.26182346489174,4.17330343690464,4.09778473647636,4.02723936503561,3.95985678452028,3.89783176710404,3.83972488709881,3.7855896052553,3.73653577946894,3.6935564168989,3.65852519298697,3.63113208142136,3.60990107526339,3.59394928377425,3.58260277132967,3.57399525937504,3.56765263630936,3.5650054880943,3.5651169468151,3.56475540092941,3.56029297119851,3.54942329961695,3.55408291930887,3.57573827562636,3.60494096536095,3.65297384248411,3.72816465289281,3.82244847414809,3.91884391969589,3.9796233782167,4.01436012342855,4.0344405392256,4.03541034448276,4.05727686326957
A,Annual,ISL,Iceland,WB_WDI_SP_POP_65UP_FE_ZS,"Population ages 65 and above, female (% of female population)",F,Female,Y_GE65,65 years old and over,PT_W,Percentage of women,_Z,Not Applicable,2,Two,WB_WDI,World Development Indicators (WDI),0,Units,WB_WDI,World Development Indicators (WDI),A,Normal value,PU,Public,8.92742046867087,9.02206384793056,9.07150184368849,9.10621190083185,9.16229386309782,9.25016819443277,9.30679762212458,9.32182691524872,9.36853521862259,9.46625483086381,9.60263918015273,9.72658836222751,9.80654574970769,9.89044459885209,9.99361340433725,10.0868654281158,10.2405189300279,10.4526857595354,10.6505697844973,10.8229595803433,10.9542603830124,11.016508599412,11.0628375378754,11.1378869210794,11.2145606103894,11.3144432965641,11.4716298135927,11.614108070336,11.6695433167172,11.7209816019165,11.8208395388604,11.9215710694076,12.0114017463726,12.0898428586641,12.2093373948186,12.4056402221906,12.5702893555179,12.6821915075204,12.7464809319866,12.7471607415454,12.7287157749376,12.7646422500386,12.8375698450362,12.8641657137527,12.883961384455,12.8934684158292,12.8711088585985,12.8420384790223,12.8312542468493,12.9477729157874,13.2002276391919,13.4644973113797,13.7096471588848,13.96367802567,14.2391956966585,14.5172014901582,14.7772622367535,14.9446145479909,15.0846922428453,15.2880501570252,15.5484996374042,15.8227464881765,16.0100480570971,16.2140655319914,16.5229282523475
A,Annual,ISR,Israel,WB_WDI_SP_POP_65UP_FE_ZS,"Population ages 65 and above, female (% of female population)",F,Female,Y_GE65,65 years old and over,PT_W,Percentage of women,_Z,Not Applicable,2,Two,WB_WDI,World Development Indicators (WDI),0,Units,WB_WDI,World Development Indicators (WDI),A,Normal value,PU,Public,5.28060281679655,5.47916513728971,5.60648069374463,5.7105281828617,5.83157966620721,5.97207649326628,6.12322241338232,6.27031779134816,6.41276276724728,6.56363468777965,6.73726513609966,6.94514648564506,7.17104295654979,7.40373109503367,7.64706968783764,7.91966630118014,8.18187313731543,8.44631143582852,8.7250942455594,9.00589289587793,9.2577220475517,9.41221276336801,9.47394915034409,9.48935159208998,9.48742697812114,9.5550089380229,9.6234923186596,9.67218495907459,9.77155108080809,9.89283019348512,10.0630880434825,10.224264474536,10.3453646762342,10.4576654895209,10.5371702155785,10.7684622285015,10.9676849406052,10.9887440236075,11.0018742882719,10.9707933831421,10.9546352519119,10.9847525754314,11.0650330052343,11.1532575861376,11.2021842416168,11.2147582081274,11.1958950907293,11.1361042329144,11.0641897670049,11.038494484315,11.0903894198794,11.2592819502867,11.527451715144,11.7755791793889,11.9778016490412,12.200772742564,12.4477387962874,12.6871831333873,12.906464916323,13.0971121832441,13.2762610843614,13.4355018227508,13.5492322271152,13.6690041695649,13.8175707573441
A,Annual,ITA,Italy,WB_WDI_SP_POP_65UP_FE_ZS,"Population ages 65 and above, female (% of female population)",F,Female,Y_GE65,65 years old and over,PT_W,Percentage of women,_Z,Not Applicable,2,Two,WB_WDI,World Development Indicators (WDI),0,Units,WB_WDI,World Development Indicators (WDI),A,Normal value,PU,Public,10.5691319290028,10.7900251710609,10.988428644533,11.1431165295922,11.3068625949938,11.4892411986339,11.684199380735,11.890048146789,12.0831018245692,12.2915519323963,12.5478203442578,12.8249547724549,13.0809665717475,13.313688802165,13.5631849834903,13.8195429906886,14.0679955635736,14.3337310654018,14.6327474163853,14.9377313802615,15.1362542416082,15.227932631105,15.2323513735453,15.1231209949665,15.0579015937957,15.2972826390865,15.7102704746109,16.1494267836902,16.5859883548146,16.9672185429503,17.3439885497809,17.734061127074,18.1328531674846,18.5023225742899,19.3104494983152,19.6771701976801,19.6197385074002,19.9775759476952,20.2782113783922,20.5747246283027,20.884849767245,21.1931548953768,21.4850284699813,21.7272592811466,21.9911375970362,22.2876106866322,22.5733897309913,22.7336398886632,22.7725885016345,22.8404897565807,22.9425873739454,23.1295615689323,23.4077747025622,23.7210228277756,24.0710788975487,24.3839354565473,24.6558192130815,24.9050134904145,25.1487025702465,25.4330655339179,25.6949259109956,25.9719573533822,26.2381809645005,26.5270612499107,26.9289819764763
A,Annual,JAM,Jamaica,WB_WDI_SP_POP_65UP_FE_ZS,"Population ages 65 and above, female (% of female population)",F,Female,Y_GE65,65 years old and over,PT_W,Percentage of women,_Z,Not Applicable,2,Two,WB_WDI,World Development Indicators (WDI),0,Units,WB_WDI,World Development Indicators (WDI),A,Normal value,PU,Public,4.78950896985389,4.95660360016282,5.09156689145107,5.21415435955299,5.35327370949634,5.52153843059247,5.72228917379607,5.94964164717217,6.18559797961059,6.40142406904147,6.57815160741008,6.78509229168514,7.00193225356231,7.16398639325782,7.31733859594158,7.48610211604161,7.67288664510171,7.8748630265457,8.07132873505925,8.23359627370326,8.34517739725218,8.4051399831015,8.42302411228747,8.39950547107645,8.36229912415059,8.34936635858444,8.36320606672378,8.39564614046651,8.42450829970511,8.43081458363313,8.40473508761713,8.33859444205686,8.1789684827715,7.95177446148189,7.73794694090855,7.54006846420087,7.35971771460655,7.20076343909434,7.05686041280191,6.91512592251522,6.77529841178889,6.64201847254728,6.5170643260271,6.40960632555583,6.3305346881385,6.28615192820131,6.27393209099843,6.29026083923524,6.33474280917988,6.40334974669588,6.49041046653208,6.59012672063075,6.69383126349361,6.79222318699404,6.86546128421867,6.95048998999212,7.0842112321641,7.24024762132811,7.41938205209322,7.6334725736575,7.87564835740127,8.10338215532099,8.39002172706456,8.78324985157249,9.20534597910619
A,Annual,JOR,Jordan,WB_WDI_SP_POP_65UP_FE_ZS,"Population ages 65 and above, female (% of female population)",F,Female,Y_GE65,65 years old and over,PT_W,Percentage of women,_Z,Not Applicable,2,Two,WB_WDI,World Development Indicators (WDI),0,Units,WB_WDI,World Development Indicators (WDI),A,Normal value,PU,Public,4.1025641025641,4.00522529820138,3.89429294226758,3.77518147711928,3.65661427166667,3.54545166833286,3.44163079282564,3.34443987374126,3.25481201561081,3.17292140264678,3.09757458014034,3.03095723673159,2.97355861522928,2.92258633369673,2.8750454586211,2.82774574457066,2.78090302161948,2.73462067747242,2.68973961518084,2.64882571328358,2.61377750635366,2.58532256578475,2.56273994268411,2.5464354752161,2.53839139819497,2.53878988616419,2.54758398105802,2.56588629662583,2.59196384945749,2.62135889654176,2.61931604015057,2.60879344206988,2.61651480146817,2.62349967723229,2.63526830538098,2.65677543051597,2.68990958027785,2.7348383053029,2.78978868988464,2.85298066222937,2.9258788272641,3.0082966617255,3.09595495940449,3.18398661737181,3.26875137012523,3.34927767259242,3.42278096100735,3.4864670170386,3.54730151038456,3.60425074765541,3.66065017210739,3.71918930034091,3.78517699332206,3.72184315952137,3.54612776830501,3.51161276696736,3.60449518233232,3.7157311040819,3.84197767739455,3.97913524515912,4.11696503606724,4.24271105109622,4.39381312140968,4.58833491014435,4.80414661818842
A,Annual,JPN,Japan,WB_WDI_SP_POP_65UP_FE_ZS,"Population ages 65 and above, female (% of female population)",F,Female,Y_GE65,65 years old and over,PT_W,Percentage of women,_Z,Not Applicable,2,Two,WB_WDI,World Development Indicators (WDI),0,Units,WB_WDI,World Development Indicators (WDI),A,Normal value,PU,Public,6.40410600414746,6.50616079688171,6.6131137644481,6.72661745180857,6.85588904061996,7.00377948845299,7.19229620832163,7.3959536289323,7.55463354952019,7.71161041032455,7.84830073356301,8.02147737462668,8.26304695811638,8.49741805905328,8.71993991536517,8.95096734609001,9.21995946832744,9.51222051973717,9.81732150523602,10.1255609438763,10.4288104970072,10.7366338423592,11.048257009665,11.3430819892918,11.7103280429423,12.136769336193,12.5369928889398,12.9595028710158,13.3902765889831,13.8490514876923,14.3436338194146,14.8681164109515,15.4164194972655,15.9563586588048,16.4942388882051,17.039793904584,17.6080818612349,18.192785292986,18.7678503546906,19.3354151135937,19.9295512101852,20.5451079453574,21.1340613434318,21.6476363586496,22.189079894357,22.8643781403191,23.5764644669283,24.2432989137135,24.8911046893064,25.4188616277745,25.7641648868324,26.3259054918129,27.1990986226983,28.1176257128478,28.9559229481127,29.6643849101618,30.2534073683225,30.7238410356383,31.0996674931916,31.3913650211119,31.6856553070272,31.9914710096934,32.1874605925622,32.356984158448,32.579516679651
A,Annual,KAZ,Kazakhstan,WB_WDI_SP_POP_65UP_FE_ZS,"Population ages 65 and above, female (% of female population)",F,Female,Y_GE65,65 years old and over,PT_W,Percentage of women,_Z,Not Applicable,2,Two,WB_WDI,World Development Indicators (WDI),0,Units,WB_WDI,World Development Indicators (WDI),A,Normal value,PU,Public,5.47776312072035,5.34712254528413,5.23602839484155,5.15497856818693,5.12067236678948,5.13267824273235,5.18837140111084,5.28606308785806,5.40539572243763,5.52382625384974,5.63238737783003,5.71817730040214,5.7807587301348,5.84340559433957,5.92865391419289,6.03529793767228,6.31961622724036,6.7633914115349,7.17344685775098,8.21155020685353,9.00035955460527,8.89916755155819,8.76758537862224,8.62313416051897,8.48591413387242,8.36747940451503,8.17034471965896,7.90829198089758,7.69475709700923,7.64064962614568,7.72719576390785,7.84598871847529,8.0092044483167,8.20070708241567,8.39855847453189,8.55615489036441,8.62293450100347,8.60465059507971,8.53043861178545,8.45965644912081,8.45447707971954,8.55551305593441,8.75659503088269,8.9857648883978,9.17434330023299,9.29426698307066,9.3184225315836,9.19523576917245,8.89151931497464,8.52281023001811,8.24346035739667,8.10560870075383,8.11110150517084,8.21437150697166,8.3756949900398,8.57289157579664,8.78509023399254,9.00270998238718,9.2083998319777,9.40707888287211,9.59769744759761,9.74506841245153,9.98018550466348,10.3372160067508,10.7098024366863
A,Annual,KEN,Kenya,WB_WDI_SP_POP_65UP_FE_ZS,"Population ages 65 and above, female (% of female population)",F,Female,Y_GE65,65 years old and over,PT_W,Percentage of women,_Z,Not Applicable,2,Two,WB_WDI,World Development Indicators (WDI),0,Units,WB_WDI,World Development Indicators (WDI),A,Normal value,PU,Public,2.74345615583173,2.61389694973182,2.50452625946766,2.41792683104623,2.34516021318354,2.27845529920616,2.21874382116075,2.16670168205027,2.12000644037342,2.07642124883504,2.03537700220589,1.99805282233704,1.96947097385908,1.95279857415379,1.94589682571235,1.94463143167926,1.94668066434716,1.95627673049841,1.9734069370027,1.99059294553488,2.00580442734939,2.02128248138385,2.0408115130312,2.06609103909172,2.09327770181891,2.11986281008109,2.14660316054751,2.17509876527909,2.20441101101271,2.23155328738833,2.25462063587981,2.27629779396007,2.30148737712983,2.33204596765838,2.36738457216704,2.40506805639523,2.44149156099577,2.47517174017841,2.50709138021191,2.5367106122252,2.56191476427323,2.58068820720867,2.59220165527026,2.59607268751605,2.59313507656153,2.58490707487211,2.57082693191173,2.54862028793592,2.51908914763407,2.48838050245673,2.47923615223554,2.50822785170109,2.55085393405196,2.60278101308096,2.68184013888037,2.78063425928189,2.83804265679289,2.88308454856095,2.99753428886978,3.11113805348729,3.15791849090804,3.19452219991011,3.24371214455309,3.29140361111115,3.34287367291797
A,Annual,KGZ,Kyrgyz Republic,WB_WDI_SP_POP_65UP_FE_ZS,"Population ages 65 and above, female (% of female population)",F,Female,Y_GE65,65 years old and over,PT_W,Percentage of women,_Z,Not Applicable,2,Two,WB_WDI,World Development Indicators (WDI),0,Units,WB_WDI,World Development Indicators (WDI),A,Normal value,PU,Public,6.75139340435023,6.55251504351416,6.36497461990878,6.20642895706526,6.10002331510285,6.04526471985813,6.04286250583889,6.09220172715176,6.16428723083435,6.22063473058619,6.24899461981408,6.2542108130865,6.23398906301611,6.20263873031534,6.18995023568249,6.19878149830898,6.22692991210252,6.27080713534759,6.3061346214177,6.30489996754176,6.25987356602724,6.17344718137808,6.04362991689528,5.88449767099598,5.78952160004521,5.79529363292532,5.84584721299484,5.94208955196849,6.10086076895537,6.25031076440118,6.33980718792907,6.41817879421381,6.51746960250532,6.69343478520517,6.8744853541802,6.92399193949182,6.86843390545822,6.76256072296991,6.61450677766396,6.48476397675287,6.42576286141825,6.41001949900247,6.41317259686698,6.41851759258657,6.41651108862008,6.38784717679279,6.30199948722632,6.12993598299244,5.86520505884046,5.54653448891462,5.27053076278109,5.12160659171095,5.09181575155791,5.12399752246274,5.20369322392444,5.3214543224735,5.44064191465402,5.55508750296389,5.67691274723035,5.77139751715268,5.82622665104647,5.87942850660314,6.03818100920462,6.31357924543576,6.61886746550942
A,Annual,KHM,Cambodia,WB_WDI_SP_POP_65UP_FE_ZS,"Population ages 65 and above, female (% of female population)",F,Female,Y_GE65,65 years old and over,PT_W,Percentage of women,_Z,Not Applicable,2,Two,WB_WDI,World Development Indicators (WDI),0,Units,WB_WDI,World Development Indicators (WDI),A,Normal value,PU,Public,2.92933494049049,2.94214111709925,2.95633736373324,2.97528724295049,2.99947262131187,3.02596207063566,3.05459188613556,3.08587842529271,3.11888064137164,3.15198287042783,3.22510827404354,3.31379674834643,3.36712640542454,3.41293228859247,3.46844165850957,3.49938108263237,3.50146886094486,3.51673645945894,3.54977814673392,3.55905356990796,3.59607531841554,3.65364657583123,3.667632744854,3.65306267616131,3.63492897041434,3.62544797273363,3.59966615075142,3.56834910567307,3.54771246565494,3.5278507947081,3.49908974965878,3.46976319211912,3.3949825076952,3.29982083146992,3.18330657366964,3.05919560632161,2.98354420059707,2.95053212714195,3.00507600627607,3.129305936966,3.25777931181379,3.38317164665004,3.50765454186314,3.63449863633494,3.76613081534099,3.90166562992164,4.03443856309095,4.16722845709082,4.29569944295579,4.4206512067515,4.55285498743906,4.69284267667461,4.84481554303539,5.01104806513389,5.193417170439,5.39265287986559,5.60057677144513,5.81971624693244,6.05330339628851,6.28628395606107,6.50497525610935,6.70995687228072,6.9233310445752,7.15128280826074,7.37883238686529
A,Annual,KIR,Kiribati,WB_WDI_SP_POP_65UP_FE_ZS,"Population ages 65 and above, female (% of female population)",F,Female,Y_GE65,65 years old and over,PT_W,Percentage of women,_Z,Not Applicable,2,Two,WB_WDI,World Development Indicators (WDI),0,Units,WB_WDI,World Development Indicators (WDI),A,Normal value,PU,Public,5.32224010703012,5.13360026148063,4.97017099303657,4.8495830410724,4.77259325483632,4.71664841386223,4.75470185158186,4.86991928509657,4.96906591545278,4.96498710051072,4.88127555754098,4.80990928827479,4.73456729024382,4.66464747898479,4.58152900078881,4.477756912517,4.36774488065736,4.2409099875074,4.09678488564799,4.04953090735214,4.0948660171511,4.12413881092115,4.14151076541893,4.1446303291959,4.13407313079862,4.12243927095412,4.10151429359583,4.06516723520503,4.02202868145367,3.98885328881829,3.95986288235989,3.94501665187928,3.94680286212738,3.95321346357245,3.96608549689403,3.97022631858322,3.97956280525392,3.99367338869118,3.99990867788407,3.99318209852316,3.97787376586742,3.97964255613425,3.9984763678302,4.02339375337011,4.06171860706227,4.10690094828273,4.15601147832198,4.20897634482627,4.25213215124933,4.2709745995675,4.28219042920572,4.28656916063854,4.2802364733275,4.29007191302273,4.32359384574062,4.38231523222631,4.45674052463879,4.53301224162151,4.60742755915475,4.67589742790578,4.72946045370938,4.759823023524,4.81458930454282,4.91874084919473,5.03982610830679
A,Annual,KNA,St. Kitts and Nevis,WB_WDI_SP_POP_65UP_FE_ZS,"Population ages 65 and above, female (% of female population)",F,Female,Y_GE65,65 years old and over,PT_W,Percentage of women,_Z,Not Applicable,2,Two,WB_WDI,World Development Indicators (WDI),0,Units,WB_WDI,World Development Indicators (WDI),A,Normal value,PU,Public,6.31484734975304,6.39524168551562,6.52314830609669,6.68814769659497,6.88610482419404,7.12054509252324,7.38164432361489,7.65287440497986,7.94362842397777,8.28099987686246,8.5754619582394,8.78722633183398,9.00077259850631,9.23419047002181,9.46415389291763,9.69157226114858,9.92562364246693,10.162503031773,10.4019331811027,10.6411457636193,10.7941282097324,10.814349897275,10.8084777719725,10.8082147921145,10.8144223015782,10.8229229554637,10.8101147272302,10.7922335600907,10.7829113622276,10.7647497773391,10.7292274761627,10.6269692010844,10.4390007276255,10.2155823601352,9.99359992414725,9.79317452509779,9.60603675755752,9.42511381053691,9.23456008680713,9.06411859260582,8.92589655476253,8.79398627301449,8.66383789400762,8.56028613289667,8.48490048043926,8.40486867392697,8.34112745514837,8.3081219455434,8.30666217468205,8.33962739174219,8.40339658245099,8.35739090414627,8.2432122689671,8.20009564006071,8.19604100095447,8.287418700029,8.49013688433067,8.75309661436829,9.04929795261953,9.41285537700865,9.87397553642766,10.3212520593081,10.7534627178991,11.3264887063655,11.9758394758395
A,Annual,KOR,"Korea, Rep.",WB_WDI_SP_POP_65UP_FE_ZS,"Population ages 65 and above, female (% of female population)",F,Female,Y_GE65,65 years old and over,PT_W,Percentage of women,_Z,Not Applicable,2,Two,WB_WDI,World Development Indicators (WDI),0,Units,WB_WDI,World Development Indicators (WDI),A,Normal value,PU,Public,3.79575416277879,3.84714245330657,3.90370771756509,3.94686167871068,3.96820934133767,3.99142535289453,4.01467588827945,4.05582547609688,4.10394446526981,4.13529285504494,4.19096986278683,4.26995584796823,4.33968739906807,4.39615434108232,4.4491955879662,4.49790672965424,4.55166397730574,4.61373025637673,4.67967956753486,4.75007426587365,4.82704577376756,4.93593159818209,5.06182679915337,5.15792894801395,5.23535858112605,5.35125267854351,5.508847673061,5.66514019005315,5.82642817133675,5.99281408445231,6.15194024891367,6.34273159982793,6.5659487429506,6.79908751865404,7.05929020633106,7.32685344475882,7.58972174194382,7.87651223917814,8.17032792510946,8.48560644945523,8.84834302556505,9.22877563645313,9.62287921867594,10.0274601229117,10.4466574437865,10.8766422280154,11.3407030565269,11.8232820670016,12.2555925215103,12.6603022469107,13.0740513403082,13.4522274488587,13.8126089807607,14.2136127684211,14.6505202812913,15.0892917235568,15.5075218019785,16.0326222610871,16.631172456405,17.2583545355354,18.0366441212789,18.8965429375432,19.7572112898471,20.6542897910551,21.6293881431679
A,Annual,KWT,Kuwait,WB_WDI_SP_POP_65UP_FE_ZS,"Population ages 65 and above, female (% of female population)",F,Female,Y_GE65,65 years old and over,PT_W,Percentage of women,_Z,Not Applicable,2,Two,WB_WDI,World Development Indicators (WDI),0,Units,WB_WDI,World Development Indicators (WDI),A,Normal value,PU,Public,2.61892611670148,2.64841966653282,2.62682995403456,2.55153209915873,2.47596667378765,2.39617543331991,2.33970281577463,2.30195495902786,2.26061256443186,2.21868735360947,2.17999900849487,2.13956025851894,2.09780796930528,2.0605550883095,2.02743196341819,1.9995760181964,1.94328833661067,1.85846844221372,1.7790785223326,1.71353389040576,1.66691825323446,1.63117211389005,1.60238863263738,1.58135488958563,1.57939073797926,1.58853227439459,1.62434521850603,1.69501056506032,1.77487630581195,1.86514176047395,1.98006205073512,2.16787362499355,2.26687870867255,2.17881596225781,1.79849199330241,1.49703490235542,1.45972015415608,1.52147562512224,1.58649051227252,1.65059397521837,1.71043114718345,1.76388845404473,1.81089732257555,1.85286594622322,1.89359430645357,1.91796014314976,1.92313388701231,1.93220622889534,1.94896592026682,1.97002042729891,2.00653751775492,2.06855941083403,2.14987046732134,2.24746808757251,2.36802669752419,2.52385943794397,2.69925956908121,2.90588509391407,3.14051666176093,3.38700661474702,3.65991456204027,3.58470504086121,3.41605915373105,3.57298197906527,3.72428575448778
A,Annual,LAC,Latin America & Caribbean (excluding high income),WB_WDI_SP_POP_65UP_FE_ZS,"Population ages 65 and above, female (% of female population)",F,Female,Y_GE65,65 years old and over,PT_W,Percentage of women,_Z,Not Applicable,2,Two,WB_WDI,World Development Indicators (WDI),0,Units,WB_WDI,World Development Indicators (WDI),A,Normal value,PU,Public,3.368468843414929,3.3807281288794777,3.40366610756347,3.434095343643102,3.467716767776317,3.5056000968376235,3.547736157990373,3.5920286357704296,3.6367017156246297,3.680223337724088,3.723304578126948,3.770881208111566,3.824024876286056,3.87668495257548,3.9303482764365945,3.989250489786421,4.0512631309676665,4.1135095430892346,4.173752482789204,4.2295991934692925,4.2780703571596135,4.328203660031506,4.382066838781008,4.433382372276453,4.485729359924956,4.543207324241616,4.610032652278727,4.686416378105961,4.76925551933316,4.857665675892745,4.94339858917756,5.0270820635481535,5.115268576422612,5.208841621348963,5.30934785900991,5.413413728924169,5.520153768679691,5.630011680935263,5.738507927300929,5.845092809538574,5.952455748230026,6.06665186319743,6.188851349797462,6.314708072658147,6.445042525764919,6.579995479984703,6.718733095734245,6.855383457790989,6.99039337924988,7.131174130310631,7.279216352068489,7.439320412558538,7.615828177735328,7.806387419631398,8.013646597607474,8.235969994244247,8.46352500568045,8.696767515769832,8.940892711193817,9.196944179266334,9.437245921499224,9.651225665190015,9.895852262180147,10.19632178708584,10.524339782544152
A,Annual,LAO,Lao PDR,WB_WDI_SP_POP_65UP_FE_ZS,"Population ages 65 and above, female (% of female population)",F,Female,Y_GE65,65 years old and over,PT_W,Percentage of women,_Z,Not Applicable,2,Two,WB_WDI,World Development Indicators (WDI),0,Units,WB_WDI,World Development Indicators (WDI),A,Normal value,PU,Public,2.75847152261326,2.83373718919964,2.90303602945109,2.96886206983702,3.03371121591282,3.09918818094062,3.1649925939735,3.23049781513474,3.29420855003286,3.35231294025449,3.40351821855142,3.44869540971793,3.48771518489267,3.52191572224761,3.55429899882749,3.58813914801503,3.62398785113559,3.66237573285751,3.70231006337231,3.73990001609461,3.77375159826525,3.80273735009986,3.82569890712501,3.84262088258378,3.85447023503424,3.86210937813561,3.86547336218961,3.86449805337893,3.85991638739979,3.8536882400958,3.84571680316379,3.83678831290167,3.82820741255357,3.81881375777283,3.80757642016835,3.79594787559834,3.7849141591051,3.77609899048047,3.77031694930181,3.76691977612609,3.76705696773097,3.7721218872234,3.78329041793083,3.79948520285392,3.81906913370506,3.84108110928635,3.89659177439483,3.98286191573598,4.06600023022727,4.14557412204854,4.22249035922466,4.29616627443463,4.36404600262075,4.4232955544356,4.47706747051618,4.47919995265992,4.4480845636454,4.44833141700362,4.4756104927013,4.5276811761776,4.60575493856032,4.69755646831098,4.80486231128942,4.9345260917432,5.08132307944222
A,Annual,LBN,Lebanon,WB_WDI_SP_POP_65UP_FE_ZS,"Population ages 65 and above, female (% of female population)",F,Female,Y_GE65,65 years old and over,PT_W,Percentage of women,_Z,Not Applicable,2,Two,WB_WDI,World Development Indicators (WDI),0,Units,WB_WDI,World Development Indicators (WDI),A,Normal value,PU,Public,6.27806236617273,6.15540006998483,6.02769555880387,5.9013807432505,5.78533120216731,5.68261270970708,5.59320226985501,5.51746435628668,5.45381098253487,5.39969401083451,5.35434810393906,5.31541091365528,5.27842958236066,5.24695976557115,5.22948718883036,5.22238849656389,5.11776093215399,5.02380613251192,5.02878467728586,5.00117420441147,4.93723051403991,4.84273917714757,4.67634596052782,4.51265845965234,4.42631774038572,4.37764343749499,4.36146521755568,4.3668747703664,4.38969764837626,4.44355305842802,4.52238259241316,4.61448565100608,4.72074285629851,4.83975482926571,4.96746580485796,5.09882376012551,5.22937411619499,5.35695751056407,5.48135447799087,5.60305036564551,5.72358914581309,5.84612941005798,5.97328681342724,6.10172253008395,6.22429900078924,6.3415865470056,6.45576978853253,6.5670307331439,6.67772665712091,6.79015752196416,6.90627572176849,7.02940627962768,7.16292481993008,7.3184535684022,7.49479184979431,7.83949278190101,8.33382525986639,8.78995473963694,9.19138276635186,9.54804478730539,9.8582464229111,10.0857636374828,10.3492234616055,10.7103698787721,11.0753932960079
A,Annual,LBR,Liberia,WB_WDI_SP_POP_65UP_FE_ZS,"Population ages 65 and above, female (% of female population)",F,Female,Y_GE65,65 years old and over,PT_W,Percentage of women,_Z,Not Applicable,2,Two,WB_WDI,World Development Indicators (WDI),0,Units,WB_WDI,World Development Indicators (WDI),A,Normal value,PU,Public,2.83079471572956,2.81289067926101,2.79585473236544,2.7797562354778,2.76268355018399,2.74449278948979,2.72656099042416,2.70882290108951,2.69150912069827,2.67562710898548,2.66287191967939,2.6531253116686,2.64438160800036,2.63677183900079,2.63209085038933,2.63067231919114,2.63196097019693,2.6356888383086,2.64026768487721,2.64420762779091,2.64865107406936,2.65335222376042,2.65728062437244,2.66221604380527,2.67169466558043,2.68535715774708,2.70431892531798,2.72986249368869,2.75891301237703,2.78920803357529,2.8241746981129,2.8675171756968,2.90120784470321,2.93319326878559,2.96019347935415,2.98832146028848,3.01644818643646,3.04756210635588,3.0804394691047,3.11540774637182,3.15097719065215,3.18640659297328,3.22092132183947,3.25119665717559,3.28018638064856,3.30793122506849,3.3305732473217,3.35032489326636,3.36666300349456,3.3816911805633,3.39517300544723,3.38849992488628,3.3753457003989,3.36646469465967,3.35595288400361,3.35474447439146,3.36361637294631,3.37957759646264,3.39958216975437,3.42299617571811,3.44676395156322,3.46991852154481,3.49757472664607,3.53037844406779,3.56567614474308
A,Annual,LBY,Libya,WB_WDI_SP_POP_65UP_FE_ZS,"Population ages 65 and above, female (% of female population)",F,Female,Y_GE65,65 years old and over,PT_W,Percentage of women,_Z,Not Applicable,2,Two,WB_WDI,World Development Indicators (WDI),0,Units,WB_WDI,World Development Indicators (WDI),A,Normal value,PU,Public,4.0267145865138,3.9228222444736,3.81573091143045,3.70826225155634,3.61618919915876,3.5578144133842,3.51661805998741,3.47029913469155,3.41546648309529,3.34982002955604,3.27598604712658,3.20446377081467,3.13841031676253,3.05439679368618,2.95479278802318,2.86182020487559,2.77868373747563,2.70530590979939,2.64144429475801,2.58685167430076,2.54189768579763,2.50748153439469,2.57182931781461,2.74484694247237,2.84475032331743,2.86123098185763,2.8911966958383,2.93183677677927,2.9820371813634,3.04260883798547,3.1128720833109,3.18916237300409,3.26995153184074,3.35361165006012,3.43673153104713,3.51970094664181,3.60596388443315,3.69558294481894,3.78334288685781,3.86161427273376,3.91142314637505,3.93797684017517,3.94834844234314,3.93816884838029,3.93498681295724,3.95008595122073,3.94878246516738,3.94635983801763,3.95364253872027,3.98258811381593,4.03875286787441,4.26984431648194,4.5035802708547,4.53951295450861,4.59844181868766,4.6907986006984,4.78729123222318,4.87494084692062,4.94518256264834,5.00177071746772,5.06316135031519,5.12466362082398,5.22626460752486,5.3757736664088,5.52271348810044
A,Annual,LCA,St. Lucia,WB_WDI_SP_POP_65UP_FE_ZS,"Population ages 65 and above, female (% of female population)",F,Female,Y_GE65,65 years old and over,PT_W,Percentage of women,_Z,Not Applicable,2,Two,WB_WDI,World Development Indicators (WDI),0,Units,WB_WDI,World Development Indicators (WDI),A,Normal value,PU,Public,4.73686934023286,4.79513201235467,4.85970671029766,4.91781828429942,4.96758751371298,5.01546641366974,5.06637449497667,5.1048322394177,5.1320711504695,5.16138754673976,5.1944307517741,5.23356758991319,5.2795819877354,5.32235964213109,5.35515455718351,5.37846175296722,5.39481822555151,5.41723202170963,5.45428628924068,5.50584996558844,5.54677713827235,5.57854739950144,5.61423587102517,5.64807202975142,5.68555941926182,5.71966362063208,5.7474013017778,5.77122782209063,5.85859320985408,6.02500865351333,6.21856555177965,6.33771417652179,6.36735206316435,6.38723515419835,6.38685636856369,6.37133898192008,6.35081374321881,6.3209181323351,6.46510585145566,6.79985314039019,7.1610532838446,7.37392900097955,7.41166631821033,7.4361305517759,7.4623701505194,7.50275173073338,7.55780959719957,7.66521550623326,7.84560631857738,8.07362771867056,8.26516401596274,8.39809665635107,8.53321914042834,8.6653157094828,8.79799321909649,8.93018909849188,9.06411034076157,9.21368852181566,9.38117588932806,9.5662816235519,9.77426875205172,9.93308401673455,10.14073282899,10.4708029398305,10.8296108263141
A,Annual,LCN,Latin America & Caribbean,WB_WDI_SP_POP_65UP_FE_ZS,"Population ages 65 and above, female (% of female population)",F,Female,Y_GE65,65 years old and over,PT_W,Percentage of women,_Z,Not Applicable,2,Two,WB_WDI,World Development Indicators (WDI),0,Units,WB_WDI,World Development Indicators (WDI),A,Normal value,PU,Public,3.432851550413057,3.448755153854909,3.474259188312097,3.506872311591477,3.542423092964818,3.5818278240454,3.625318891960216,3.671076593976903,3.717470243735222,3.763164248016696,3.8078691294817046,3.855809053953292,3.908978720079724,3.962314500541652,4.017086978264168,4.077173794054685,4.14080471800365,4.20527410816265,4.268314627730646,4.327249980157353,4.378994891262359,4.431753305586307,4.48776288141133,4.541640193645638,4.596833826131718,4.657325306635364,4.726835265416227,4.805631850301048,4.891247945512002,4.982957306528123,5.073232309456431,5.162926086537568,5.257874793790448,5.358089783288606,5.464007128494331,5.572343280404681,5.682673907733318,5.795312362385944,5.906283545523016,6.015277196896452,6.125374065600108,6.242011035231792,6.366423941582477,6.494400391537705,6.6263714886775045,6.763419364764715,6.90444847673743,7.044102199927905,7.182681178979632,7.326919168268673,7.477725788875464,7.639166915948153,7.816617658435165,8.008726541680497,8.217924258014671,8.442938985838628,8.675102703121299,8.918148588919312,9.176583146163082,9.450894061356031,9.709018399203922,9.9402317457899,10.196749909621978,10.505650738737431,10.84150037856948
A,Annual,LDC,Least developed countries: UN classification,WB_WDI_SP_POP_65UP_FE_ZS,"Population ages 65 and above, female (% of female population)",F,Female,Y_GE65,65 years old and over,PT_W,Percentage of women,_Z,Not Applicable,2,Two,WB_WDI,World Development Indicators (WDI),0,Units,WB_WDI,World Development Indicators (WDI),A,Normal value,PU,Public,3.233447281783148,3.2290958808306853,3.226185739481394,3.2249240401460457,3.2258310726672565,3.2285599429036465,3.232963600899237,3.239839946817228,3.2484784168242054,3.2576829727404863,3.2668046054633653,3.2641440812311657,3.2631517168488964,3.274774024965091,3.287603951456388,3.302420867535896,3.3187756945119826,3.335352223724397,3.3505587340044545,3.3649262279195646,3.38039444891246,3.395055149533975,3.404615025427388,3.408922058471585,3.411294776170481,3.4138637910944647,3.4166513942544503,3.4233850114373787,3.4271705992317067,3.424470929450292,3.421892493304099,3.416150121326261,3.405638427169563,3.394071429985773,3.3803998510065885,3.366519890970407,3.357326245867724,3.3515989943348954,3.3491149093811603,3.352054665578712,3.359757992650718,3.369134753298958,3.379472137257713,3.390937858412168,3.402661340844361,3.4148543076583526,3.4292276687239767,3.4467689363898235,3.464451590659059,3.4844871829786,3.510669196989026,3.542359980986085,3.5791374711836323,3.6149703451167854,3.6502348371716544,3.6909827707399807,3.7376150189954,3.7897221285126266,3.845806415924749,3.903200419481295,3.9537957167004727,3.9924173556722495,4.037760155888073,4.097826870875076,4.160314898933892
A,Annual,LIC,Low income,WB_WDI_SP_POP_65UP_FE_ZS,"Population ages 65 and above, female (% of female population)",F,Female,Y_GE65,65 years old and over,PT_W,Percentage of women,_Z,Not Applicable,2,Two,WB_WDI,World Development Indicators (WDI),0,Units,WB_WDI,World Development Indicators (WDI),A,Normal value,PU,Public,3.336734983309683,3.339253905094052,3.340141650724292,3.338999738785997,3.336448356932016,3.3332928892878857,3.3296130427442665,3.325316160894352,3.321134069199354,3.3180064740982305,3.3158069190463846,3.3146852524494768,3.3144393203505422,3.314406758657961,3.3160058867729263,3.3197028911359827,3.3232444529796923,3.324368225415077,3.322262677516902,3.321235430893118,3.325903209516293,3.3360302673735176,3.3442836684799992,3.3499065386609126,3.35878277049992,3.370728412404694,3.3849437184935214,3.407601192328657,3.424558427105775,3.4306413381284555,3.4403908458961565,3.447650042352254,3.447845512157495,3.447132711986276,3.4459528786518496,3.443099694119612,3.441434145688801,3.4417655572808696,3.4440189274222845,3.4537086193700324,3.470166102502704,3.4868783733171567,3.5019455459983373,3.517222494967308,3.531669241725406,3.5410240505262167,3.5455587232275354,3.54669758045295,3.543298816474889,3.5355039446617984,3.5293811966631234,3.527652101933944,3.530598167866631,3.5358891879524017,3.540269549087254,3.546732363852685,3.546431389927424,3.541067013843153,3.543508697348288,3.5549840681774194,3.5702842813526128,3.5826154275173887,3.604244637246096,3.640730958678237,3.679139792605593
A,Annual,LIE,Liechtenstein,WB_WDI_SP_POP_65UP_FE_ZS,"Population ages 65 and above, female (% of female population)",F,Female,Y_GE65,65 years old and over,PT_W,Percentage of women,_Z,Not Applicable,2,Two,WB_WDI,World Development Indicators (WDI),0,Units,WB_WDI,World Development Indicators (WDI),A,Normal value,PU,Public,8.66887730933207,8.79948988464437,8.83119827683936,8.78865122464812,8.73991444197758,8.713605082054,8.76093822813649,8.74867176036027,8.75653288630313,8.91836048243717,9.04307793488984,9.20513646614811,9.372460496614,9.51136313294644,9.75206611570248,10.029057345526,10.2365844434172,10.3893417187306,10.5091649694501,10.6485380820599,10.7474603739278,10.6555460285291,10.5162083269319,10.4994324631101,10.5484917409299,10.65965583174,10.9228760066749,11.218097863049,11.4612775579423,11.6916204236904,11.9022976609398,12.1162616567967,12.3040332306043,12.4039697978832,12.4663007113392,12.4291796037259,12.3340795157171,12.2623337889897,12.3315776580108,12.4788647342995,12.48434984797,12.4904169369582,12.6343144125204,12.8254078444984,12.9877576765389,13.1834077275183,13.4952880762937,13.921601615074,14.3873650138125,14.8799290111475,15.3077790924851,15.6970871666075,16.2124123744824,16.7911049041199,17.2266438758613,17.5544344131705,17.941479116646,18.46387673279,18.986683312526,19.3945493960979,19.7691086878616,20.219148827986,20.7829271372648,21.3581516694679,21.971037611226
A,Annual,LKA,Sri Lanka,WB_WDI_SP_POP_65UP_FE_ZS,"Population ages 65 and above, female (% of female population)",F,Female,Y_GE65,65 years old and over,PT_W,Percentage of women,_Z,Not Applicable,2,Two,WB_WDI,World Development Indicators (WDI),0,Units,WB_WDI,World Development Indicators (WDI),A,Normal value,PU,Public,3.80336150739535,3.71225478998125,3.63645194927205,3.57629848377766,3.53400236127509,3.50977659492316,3.50228396635181,3.5096885893383,3.52861512746159,3.55539187976442,3.58827932332673,3.62693527419253,3.67038451977654,3.7190091130873,3.77487250369087,3.83755645536718,3.90657882234073,3.98359620068727,4.06705757132731,4.15471537105881,4.24863460133789,4.35119523244973,4.47164917146173,4.61631979963214,4.7803991943563,4.94143296434171,5.08871739674958,5.24307150946912,5.40887601901105,5.57031087607058,5.75145296693143,5.93427304069,6.0765745233525,6.21041126600364,6.35059739832122,6.44494716126602,6.49247232554313,6.54280119697704,6.60147089955488,6.67312005842645,6.75931587155247,6.85875210400032,6.97042134265022,7.08189937826949,7.18422691873632,7.29431483999704,7.42776866483686,7.58685402109242,7.77867836912108,7.99731737957427,8.24735857765774,8.5403427075978,8.87632669450447,9.24916072187946,9.64591614447632,10.0573293833663,10.4702860122172,10.8779932356297,11.281585926041,11.6817371545317,12.0818401450735,12.4731694624226,12.8745715172497,13.29797671995,13.7260408133148
A,Annual,LMC,Lower middle income,WB_WDI_SP_POP_65UP_FE_ZS,"Population ages 65 and above, female (% of female population)",F,Female,Y_GE65,65 years old and over,PT_W,Percentage of women,_Z,Not Applicable,2,Two,WB_WDI,World Development Indicators (WDI),0,Units,WB_WDI,World Development Indicators (WDI),A,Normal value,PU,Public,3.453080792427889,3.475835747277008,3.511280865569001,3.5510434742439685,3.5863275674967325,3.61327734298824,3.6332758945472943,3.647561222387763,3.660250366615816,3.676301695041887,3.694062843518681,3.709874719146829,3.7288264212085593,3.753778206550935,3.779045272428255,3.804331830442329,3.829788400470512,3.854268337488577,3.878780963766576,3.901580971038694,3.919008448440559,3.932485858372462,3.9456085605527056,3.958906081644574,3.9725110213978594,3.9871331289039977,4.003305490741746,4.021233620582931,4.041131867508764,4.062463473538891,4.082689453107967,4.106866332411307,4.133052440061807,4.16193565487035,4.194233364584325,4.22858526769714,4.265590336474117,4.305240368950416,4.347008758178023,4.390732934665157,4.434656180184182,4.479189057975272,4.526581559086354,4.574442071161557,4.617361401610349,4.656014016268439,4.692463775809368,4.727712396942381,4.764414389674096,4.80497869586504,4.852714254147776,4.910003222603375,4.976981986599498,5.048557349816388,5.13905783080271,5.254158106951979,5.37949361246509,5.513474221597269,5.658916057979213,5.8123461009362245,5.959217270009131,6.0654164575207385,6.188570643874086,6.3593054976252965,6.53379885227956
A,Annual,LMY,Low & middle income,WB_WDI_SP_POP_65UP_FE_ZS,"Population ages 65 and above, female (% of female population)",F,Female,Y_GE65,65 years old and over,PT_W,Percentage of women,_Z,Not Applicable,2,Two,WB_WDI,World Development Indicators (WDI),0,Units,WB_WDI,World Development Indicators (WDI),A,Normal value,PU,Public,4.016636727016558,3.998981177731721,3.998461149768212,4.000134486005612,4.002273772386066,4.015648592072959,4.0362933272766295,4.0584076065814285,4.085546805842856,4.115114811485193,4.144861791212311,4.17708115717576,4.212651663896914,4.252898992254857,4.300754076612766,4.351085205716176,4.398454226851063,4.446669457734856,4.4996143750584885,4.555607909657492,4.601617644195271,4.633647642574766,4.661017314106253,4.689755878171069,4.722809108110186,4.759278900324587,4.797824412467499,4.838088358339291,4.885761155196008,4.940585923386093,4.993384362220071,5.046631967026225,5.107344687275627,5.178574395936809,5.256322904155201,5.3346614103766985,5.413383011941393,5.496187690367417,5.584663511273544,5.674270309752976,5.764727416565743,5.85683293001509,5.950381974446815,6.041411446793213,6.1232087335613565,6.199217592543837,6.274219027946403,6.343754696677941,6.403206669409614,6.4615482254578165,6.5299837231476925,6.615373277900511,6.720637097928406,6.84151226366306,6.987250008170267,7.170525051985083,7.373962861020631,7.597669485477375,7.838470402797173,8.086450788567301,8.336246902020445,8.550231454473556,8.77415980467891,9.022248672280716,9.238065754354132
A,Annual,LSO,Lesotho,WB_WDI_SP_POP_65UP_FE_ZS,"Population ages 65 and above, female (% of female population)",F,Female,Y_GE65,65 years old and over,PT_W,Percentage of women,_Z,Not Applicable,2,Two,WB_WDI,World Development Indicators (WDI),0,Units,WB_WDI,World Development Indicators (WDI),A,Normal value,PU,Public,5.21609701508912,5.16960890836297,5.13467451260378,5.10661492709713,5.08092463536311,5.05325760516909,5.0114827717487,4.98065677726641,4.96486997252206,4.93706982335868,4.89898081974671,4.85320840279378,4.80282366533615,4.75269631447925,4.70416966863244,4.66087461247566,4.62985123263387,4.61233849649125,4.60813347544357,4.61643071193822,4.63632458247206,4.66648811561971,4.70255745607154,4.74062336543491,4.7775334186097,4.80883209833276,4.82775899523379,4.85004991726436,4.88020237536851,4.90510434253325,4.92660141147392,4.94483584381592,4.96194426693326,4.98022401155977,4.99888949543631,5.01670737372072,5.035185652531,5.06780021295624,5.11804999936655,5.17568634006391,5.23528114535194,5.29073039788717,5.33886284022057,5.38122924158165,5.42102649121057,5.45840195190573,5.45279109714093,5.37766704091829,5.26870832927312,5.15506386137812,5.04871282961179,4.95425025953019,4.87719888608573,4.83088680691537,4.82401346549467,4.80820201491754,4.77204220647417,4.75240789418483,4.74840712374734,4.75923361207086,4.77920102585367,4.78027160780969,4.79214135870821,4.83430248493563,4.87138411220412
A,Annual,LTE,Late-demographic dividend,WB_WDI_SP_POP_65UP_FE_ZS,"Population ages 65 and above, female (% of female population)",F,Female,Y_GE65,65 years old and over,PT_W,Percentage of women,_Z,Not Applicable,2,Two,WB_WDI,World Development Indicators (WDI),0,Units,WB_WDI,World Development Indicators (WDI),A,Normal value,PU,Public,5.058997652659146,5.045168390647564,5.037779835888659,5.0231840885245305,5.017467323621946,5.0417877812435,5.087094219815207,5.142441990527311,5.206411511692809,5.269449132400744,5.32615572856939,5.38671257107308,5.452732127006104,5.524130132739923,5.613616725845032,5.711534481646318,5.80605594822309,5.9073661542051,6.020246773880133,6.142046193949324,6.24107097040994,6.29096847467016,6.313906938313581,6.33887710907295,6.381753094068486,6.433928748821259,6.490235487644381,6.553052185056507,6.634483797158741,6.746076425995691,6.869529299703832,6.993296355871044,7.134113100908088,7.293664912202211,7.451210420895027,7.609584861397596,7.764461297706151,7.9174966601227394,8.07807536896825,8.235223885839162,8.396558847928157,8.568309982374359,8.744125429910566,8.92125637984592,9.089019309112848,9.247647764715024,9.401840647619714,9.5305246896493,9.622925852629084,9.711590164609724,9.828884368696563,9.999223263529672,10.219493442616283,10.480207673702877,10.794185957100376,11.18069597324282,11.60206969728706,12.06432832852434,12.5640384362389,13.079270716534106,13.619741112443773,14.127999390935004,14.657974669103218,15.197820959614091,15.632674457406496
A,Annual,LTU,Lithuania,WB_WDI_SP_POP_65UP_FE_ZS,"Population ages 65 and above, female (% of female population)",F,Female,Y_GE65,65 years old and over,PT_W,Percentage of women,_Z,Not Applicable,2,Two,WB_WDI,World Development Indicators (WDI),0,Units,WB_WDI,World Development Indicators (WDI),A,Normal value,PU,Public,9.24865288360117,9.51570335442448,9.63671367773297,9.85275237263487,10.1493108851114,10.5018347641958,10.8515222295073,11.0894999406105,11.3445354995508,11.5765724786667,11.8077005109842,12.0511416079092,12.2911805879608,12.5145402735307,12.7488343695618,12.9665454032406,13.140265187871,13.3080960000181,13.445949898251,13.512088004922,13.4737453968951,13.3459362874614,13.1745105942761,12.97969040445,12.8268742684919,12.7560912574542,12.7768178226741,12.8808975813229,13.3536954281687,13.5545208492857,13.5282792775321,13.8658537679675,14.2160528875375,14.5924903612943,14.9497659266259,15.2970604542482,15.6608570629776,16.0470677259491,16.4356411988707,16.7707512974193,17.0665510525404,17.503333281089,18.0689073877804,18.6407515557736,19.1914688687068,19.7037227564066,20.1776721455761,20.6041738031226,20.968506201313,21.1976166873035,21.6055530487297,22.0846532140384,22.3458096760105,22.5883402827804,22.9024080314075,23.2304007547943,23.5888060569258,24.0212654085814,24.3508546140125,24.59440349402,24.8133710918581,24.8885728649562,24.7589678709916,24.7076915630922,25.0162375568646
A,Annual,LUX,Luxembourg,WB_WDI_SP_POP_65UP_FE_ZS,"Population ages 65 and above, female (% of female population)",F,Female,Y_GE65,65 years old and over,PT_W,Percentage of women,_Z,Not Applicable,2,Two,WB_WDI,World Development Indicators (WDI),0,Units,WB_WDI,World Development Indicators (WDI),A,Normal value,PU,Public,11.6964589395714,11.9208998979092,12.1033914315879,12.2792871214551,12.5178625917299,12.7720208027769,13.0165576119227,13.328312811707,13.6308235993912,13.8975098927834,14.2156607625095,14.4720106347242,14.6759193424533,14.9340101522843,15.15318618875,15.2790515415784,15.3560233117729,15.4918932832408,15.6541187263691,15.8363022916492,16.001085639197,15.9996679288939,15.9007242527223,15.7642315609513,15.7065807110487,15.8613331068402,16.0551561604168,16.1662708337712,16.3019311064718,16.4225136923336,16.5063070230595,16.6038118924955,16.6573475318501,16.6855210620512,16.7371649904998,16.8165500104738,16.9070901160304,16.9257749772273,16.8946357795801,16.8667816735334,16.6467350145249,16.4402904337546,16.44756165158,16.4297415958585,16.4320261635307,16.4256960644422,16.3311800487892,16.2315922794322,16.1434049966234,16.0557573534396,15.9642881643293,15.87950918265,15.8183579240368,15.8036095606969,15.8324962827755,15.8525441365747,15.8385531387665,15.8413589907297,15.8801789213457,15.9449441574136,16.044667737024,16.1820263668649,16.2863778783662,16.5063411430552,16.832722807154
A,Annual,LVA,Latvia,WB_WDI_SP_POP_65UP_FE_ZS,"Population ages 65 and above, female (% of female population)",F,Female,Y_GE65,65 years old and over,PT_W,Percentage of women,_Z,Not Applicable,2,Two,WB_WDI,World Development Indicators (WDI),0,Units,WB_WDI,World Development Indicators (WDI),A,Normal value,PU,Public,12.6776023364032,12.8590875510482,12.9729638149753,13.1186555509623,13.3555507455351,13.665574601862,13.9574496750864,14.2105110152965,14.4647539414156,14.6941390573595,14.8827489679232,15.079465707549,15.299282000686,15.4489839562373,15.6000537449937,15.7513704758093,15.886508083686,16.0276185074409,16.1433163195486,16.2023548754586,16.1183303015684,15.8613633137104,15.5311674047934,15.2844212713075,15.1155796011697,14.9403644548583,14.8619558556546,14.9186153466176,15.0748973730239,15.184963018615,15.1980200803156,15.6645294953632,16.3885401552065,16.831886337099,17.1813427878622,17.5016724755326,17.8181796228147,18.1621492271604,18.4537432293233,18.6730695205574,18.9347573488375,19.2758169179444,19.6858354912104,20.1295117064089,20.5899461942311,21.0458447818483,21.4886641117289,21.8485802852662,22.1200432018993,22.4287863696683,22.7508923339661,23.0362581318285,23.3002791480526,23.597766929831,23.9723544420539,24.3138475283185,24.593507345764,24.8678034876162,25.1004013168615,25.3571286574717,25.6567919954598,25.8364407615665,25.9963047410944,26.3137060665093,26.7274262847263
A,Annual,MAC,"Macao SAR, China",WB_WDI_SP_POP_65UP_FE_ZS,"Population ages 65 and above, female (% of female population)",F,Female,Y_GE65,65 years old and over,PT_W,Percentage of women,_Z,Not Applicable,2,Two,WB_WDI,World Development Indicators (WDI),0,Units,WB_WDI,World Development Indicators (WDI),A,Normal value,PU,Public,6.73718488830187,6.88370457741687,6.8271979787682,6.80331112544655,5.49901700011565,4.70419220247283,4.88036651034866,5.01489204729542,5.18435815902223,5.37421128879701,5.46057900454354,5.22508038585209,4.41151531367886,9.14118846033239,14.9154589371981,14.403491347384,13.7942931192622,13.0615445252291,12.1811306910798,11.1926613100191,10.1631812746303,9.44058194927256,9.13734282848701,8.91880349815251,8.69719964123518,8.47815267560695,8.27859410741615,8.08087118963869,7.88659207509444,7.7291244117833,7.62830209027534,7.60829480772828,7.64665257735706,7.69639818491208,7.74189560099899,7.79656182621559,7.85832544938505,7.90696704600215,7.9552915251542,8.0032197501795,8.04231274005228,8.05807247878832,8.00090609537912,7.90052489425674,7.79457618652114,7.66183241296704,7.52046564025535,7.41262806871284,7.35797331984303,7.35305867925643,7.41940022954638,7.55041337643754,7.71841051149938,7.94188055868225,8.22501284018738,8.56331107203489,8.94081705129862,9.35613828410198,9.83957021224473,10.4051388086648,11.0208507385748,11.6566714629327,12.3059733721442,13.00546547546,13.7767083362822
A,Annual,MAF,St. Martin (French part),WB_WDI_SP_POP_65UP_FE_ZS,"Population ages 65 and above, female (% of female population)",F,Female,Y_GE65,65 years old and over,PT_W,Percentage of women,_Z,Not Applicable,2,Two,WB_WDI,World Development Indicators (WDI),0,Units,WB_WDI,World Development Indicators (WDI),A,Normal value,PU,Public,4.66988727858293,4.57283069373188,4.58775156892447,4.575986565911,4.60004070832485,4.68411729974414,4.74211222369167,4.63229992790195,4.55963938973648,4.62651413189771,4.71836734693878,4.78605388272583,4.77143296906264,4.85799701046338,5.01449275362319,4.90608354359406,4.67036686070123,4.52938866343762,4.28099593495935,3.94362714797874,3.59165963601302,3.20226041911938,2.87861149327971,2.62393237650788,2.44137012650736,2.36738827699709,2.2994828914072,2.25764255607771,2.29810718751347,2.34450687851192,2.43937801297619,2.57877631764872,2.71181726523659,2.85890791776779,3.01630434782609,3.18492804421826,3.35993561800013,3.55397898400375,3.77137110291653,3.94016782196279,4.00051619563815,4.03331871985971,4.07020959450005,4.12020467922743,4.17506478548805,4.25717011842622,4.40117218524909,4.57941672692215,4.80552201984148,5.09462177074202,5.41925941038458,5.76464620847071,6.10896805587071,6.46278999698704,6.839859437751,7.28201772049939,7.84586580305637,8.48794181446982,10.9789018477264,17.7137748973378,19.7261343503198,16.8803418803419,17.3214227496495,18.2289534725065,19.540723253568
A,Annual,MAR,Morocco,WB_WDI_SP_POP_65UP_FE_ZS,"Population ages 65 and above, female (% of female population)",F,Female,Y_GE65,65 years old and over,PT_W,Percentage of women,_Z,Not Applicable,2,Two,WB_WDI,World Development Indicators (WDI),0,Units,WB_WDI,World Development Indicators (WDI),A,Normal value,PU,Public,3.05148090764338,3.08172771419491,3.11762977706202,3.15924011826711,3.21032290189806,3.26224420145126,3.31307601176695,3.3626487510812,3.40633863801189,3.43708626657705,3.45127423406402,3.45312689342019,3.44113194589478,3.41107052301292,3.36391065542792,3.30190742751324,3.22802722559732,3.14508994175704,3.05923038119687,2.97849420400628,2.90783156500107,2.84833875588948,2.80121464886202,2.77130944964653,2.76535601304426,2.78474827002997,2.82914592776075,2.89611823937408,2.98079232654528,3.0805143883127,3.19182568202843,3.3159039498026,3.45234744141967,3.59603194588712,3.73996679405975,3.87958188626628,4.01550357149204,4.14540244695946,4.26591647099041,4.37631209889229,4.47675018348638,4.57452800923265,4.68202407530896,4.79445220277647,4.89362691041581,4.98462116184253,5.09444261033394,5.22337247075849,5.34302197243423,5.44724019400506,5.55331105403625,5.67367399323446,5.80396850574155,5.93334713611317,6.07296047420189,6.23811530294731,6.42914222727387,6.64724093090328,6.88982011680487,7.15274779596423,7.41584513185413,7.68178811647095,7.98766885181832,8.32274593401195,8.66129785179429
A,Annual,MCO,Monaco,WB_WDI_SP_POP_65UP_FE_ZS,"Population ages 65 and above, female (% of female population)",F,Female,Y_GE65,65 years old and over,PT_W,Percentage of women,_Z,Not Applicable,2,Two,WB_WDI,World Development Indicators (WDI),0,Units,WB_WDI,World Development Indicators (WDI),A,Normal value,PU,Public,20.9431056727848,21.5370570171799,22.0120342894824,22.3488703439853,22.7018546083598,23.0756972111554,23.5215000593378,24.0569198628247,24.3762221353148,24.3816935048925,24.4089408371599,24.5813822813261,24.8609772373397,25.2437185005334,25.7095830285296,25.8818837689881,25.7150016107671,25.5040679165193,25.2993487850991,25.1310354403138,24.9982757431547,24.9124613800206,24.7700170357751,24.5411376418685,24.3567124929263,24.2318458751852,24.1654713782762,24.1640846888717,24.2293425428498,24.357917432938,24.4737421729964,24.4797850403049,24.4157537010025,24.3955840631553,24.4245563490361,24.4728181374939,24.5393939393939,24.6095869761833,24.6674873149788,24.792596364072,24.9206444271426,24.9572905739547,24.9587520623969,24.9827280646421,25.0767563662633,25.222695292448,25.3725454490273,25.5258652317476,26.0539680597198,27.2773828172069,28.7930070341702,30.2731957278982,31.7148090742567,33.0525327293819,34.264406779661,35.3672195850445,36.1630506245891,36.6958874177353,37.2877000950692,37.3328877005348,37.5183383522508,38.2861795237126,38.0010070493454,37.3400377121307,37.1927423850793
A,Annual,MDA,Moldova,WB_WDI_SP_POP_65UP_FE_ZS,"Population ages 65 and above, female (% of female population)",F,Female,Y_GE65,65 years old and over,PT_W,Percentage of women,_Z,Not Applicable,2,Two,WB_WDI,World Development Indicators (WDI),0,Units,WB_WDI,World Development Indicators (WDI),A,Normal value,PU,Public,5.93297060746098,6.04328390696899,6.17082611403397,6.32083239045333,6.49425977316351,6.69380893851427,6.90972370391185,7.11169798676517,7.28862897877466,7.44204233540895,7.55338623584897,7.63152297060203,7.71457106728575,7.8256004110611,7.97023761039879,8.14831850180593,8.35260313595977,8.55621765623941,8.73261038877612,8.75467214477458,8.72644692369607,8.76171565532284,8.77117857127507,8.7921159633159,8.85306090260474,8.95876381946762,9.1051411649877,9.28649873869987,9.491701727506,9.75525385410753,10.0609735642845,10.3448001279094,10.623116715909,10.8995097838389,11.1431760052861,11.3410862429328,11.4950809199319,11.6120616971255,11.700637896724,11.781696474808,11.9009108090316,12.0619771734646,12.2238907052517,12.3483995708032,12.4286203719778,12.5427466253645,12.7229625270372,12.8929567410236,12.9715247243364,12.924437183322,12.778604108851,12.6485523754732,12.6028804514737,12.7608890682682,13.3014332669991,14.0392300237814,14.7391984139137,15.3748594288073,15.9539815587734,16.5492476407252,17.1525468418242,17.6674025695275,18.1860716049232,18.7749119351671,19.4721971573885
A,Annual,MDG,Madagascar,WB_WDI_SP_POP_65UP_FE_ZS,"Population ages 65 and above, female (% of female population)",F,Female,Y_GE65,65 years old and over,PT_W,Percentage of women,_Z,Not Applicable,2,Two,WB_WDI,World Development Indicators (WDI),0,Units,WB_WDI,World Development Indicators (WDI),A,Normal value,PU,Public,3.70302867030081,3.7157748006096,3.72780885035901,3.741076548983,3.74869318643133,3.75227930212167,3.75993498091831,3.76788285213206,3.77756920501576,3.79198114180332,3.80899232467656,3.82934262055316,3.84988299279881,3.86114487251234,3.85080731465605,3.81394610365862,3.75405607745525,3.6732645738853,3.57757781933191,3.47627936152483,3.37531648071762,3.27423182875656,3.17481205267017,3.08206360102302,3.00133996199135,2.93513282062511,2.88422219418189,2.84916271843974,2.82578795567994,2.80793170320195,2.79288702580089,2.78080236213321,2.77151000441237,2.766661539021,2.76746832308065,2.77238453837418,2.78096921979493,2.7932402387086,2.80692940724167,2.81951165022417,2.83011322869853,2.8396405737709,2.84895886796309,2.85706419955013,2.86225161407254,2.86388023567004,2.86284763518424,2.86005221555746,2.85711491636637,2.85480110214771,2.85401776368234,2.85720225388145,2.86487873747101,2.88131533444441,2.93086936305492,3.01001378463617,3.0918952352085,3.17180923268459,3.24973094755866,3.32578250192415,3.39291609919745,3.45182737004517,3.51414910577588,3.58389250911063,3.65615346437321
A,Annual,MDV,Maldives,WB_WDI_SP_POP_65UP_FE_ZS,"Population ages 65 and above, female (% of female population)",F,Female,Y_GE65,65 years old and over,PT_W,Percentage of women,_Z,Not Applicable,2,Two,WB_WDI,World Development Indicators (WDI),0,Units,WB_WDI,World Development Indicators (WDI),A,Normal value,PU,Public,2.42439601284001,2.4040716765175,2.38597130909381,2.3629196563026,2.33855164839898,2.14660501844252,1.79624611460907,1.56344534183561,1.5196379686016,1.55375279232348,1.59077141878901,1.62779604422563,1.66767211814193,1.70999125754939,1.76194997431787,1.81421968194603,1.86636886514262,1.93071756804525,1.96672021088183,1.97277503688522,1.98269038628726,1.98904637957005,1.98600062464404,1.97972626889495,1.97597336807063,1.99755835312038,2.04868734053628,2.099715706809,2.1365011969827,2.16751638747269,2.21132759487013,2.26668544967895,2.32969378395541,2.3918166560068,2.45421905308537,2.53163002590981,2.62951397229562,2.75062683685761,2.89068791590726,3.05096437004218,3.22396608235544,3.40163739088033,3.58707211997765,3.77604074307885,3.96601851948804,4.15218018661793,4.29894157536585,4.38939923691522,4.44686776608561,4.48661036234555,4.51157847071106,4.52423100408939,4.52516331962255,4.52251316667903,4.52124098342522,4.5143038036054,4.50653246122137,4.51049381870953,4.54153376524616,4.61368717516913,4.72702544163375,4.86668114627384,5.09726151980598,5.43596019581093,5.8074017318968
A,Annual,MEA,Middle East and North Africa,WB_WDI_SP_POP_65UP_FE_ZS,"Population ages 65 and above, female (% of female population)",F,Female,Y_GE65,65 years old and over,PT_W,Percentage of women,_Z,Not Applicable,2,Two,WB_WDI,World Development Indicators (WDI),0,Units,WB_WDI,World Development Indicators (WDI),A,Normal value,PU,Public,3.426735733480949,3.444951265632164,3.470388072257123,3.492521968402333,3.512754349010216,3.531411515097572,3.545089487352925,3.556091356051236,3.5667061812443666,3.576085001779062,3.583450159516584,3.5876517854004866,3.590227094407368,3.5927465090444843,3.5919397098465824,3.5887312895851373,3.582444228415677,3.5733955840128764,3.5623779844845127,3.5508647987518693,3.538485577721153,3.524372013271809,3.512359100096659,3.5054059805940256,3.501852186799946,3.502695426178492,3.509507307385045,3.5219979777458965,3.5382544892397,3.5567022084271125,3.571711325408648,3.597264164828798,3.62738068983783,3.6665072680470767,3.7082941754649448,3.754069521918872,3.803439791408049,3.852235556005781,3.898255026021857,3.940592496304074,3.981415742864532,4.021384222357222,4.065232093262933,4.106792989078576,4.140294593039195,4.169380598001477,4.194628320844932,4.217874127214152,4.243843921872403,4.2767201285413545,4.319488457824956,4.37070996915558,4.432526526410412,4.496963461639312,4.564124555384776,4.63878456744809,4.727301583496849,4.829032144232825,4.940254550453377,5.054988183653919,5.149733066729314,5.231892132883102,5.331579745266684,5.462055462980671,5.599435881636331
A,Annual,MEX,Mexico,WB_WDI_SP_POP_65UP_FE_ZS,"Population ages 65 and above, female (% of female population)",F,Female,Y_GE65,65 years old and over,PT_W,Percentage of women,_Z,Not Applicable,2,Two,WB_WDI,World Development Indicators (WDI),0,Units,WB_WDI,World Development Indicators (WDI),A,Normal value,PU,Public,2.87724074543766,2.82282878794389,2.78661278546644,2.76158849161467,2.74509596402364,2.74255642857202,2.75160462668875,2.7665148964244,2.78388890001792,2.79884759199886,2.8123714507773,2.82870256743044,2.85081219720718,2.87870367806052,2.91160798149761,2.95013755475776,2.99265532176248,3.03651631182837,3.08083556332411,3.12476904861187,3.16723416849123,3.24500410501728,3.35660492356137,3.46670893340232,3.57708534357551,3.69058430050811,3.81138051478564,3.93867927329337,4.06638331780648,4.19240002523104,4.28779871635499,4.35070687827456,4.41583944530822,4.48976718736019,4.57170659671345,4.66196371709586,4.76208882831468,4.8726601339763,4.99056514039823,5.1144645078896,5.23801309839889,5.37305391709226,5.52281169382313,5.67066866691103,5.8133516350203,5.94781221226413,6.06932902832895,6.1652934140021,6.2418608091965,6.31807270264625,6.39990397637612,6.49337972683323,6.6034472432876,6.72648643913464,6.86185111355384,7.01368149003002,7.18037970170917,7.36116109381121,7.55750181824086,7.76844461384036,7.95527667379964,8.10580916870698,8.30568728682295,8.5743757888314,8.86464317736181
A,Annual,MHL,Marshall Islands,WB_WDI_SP_POP_65UP_FE_ZS,"Population ages 65 and above, female (% of female population)",F,Female,Y_GE65,65 years old and over,PT_W,Percentage of women,_Z,Not Applicable,2,Two,WB_WDI,World Development Indicators (WDI),0,Units,WB_WDI,World Development Indicators (WDI),A,Normal value,PU,Public,5.90212140306658,5.8071930773391,5.73235946263206,5.66964848179413,5.6513001644236,5.67760174333,5.76098759787392,5.56597528684907,4.92946667365882,4.20864559035188,3.7275307473983,3.70437624841111,3.95675581039086,4.24198806147073,4.27787784509579,4.08727962684797,3.95812638496218,3.84345319487047,3.70913513126833,3.59368508516826,3.51592526987734,3.43875421415958,3.37251523170657,3.34542879900876,3.30239402343087,3.23719515507034,3.19770474700052,3.16489028213166,3.13248349096539,3.10341587182258,3.06993392070485,3.03350335932409,2.98240579262235,2.91623173277662,2.83561585025544,2.75885486301225,2.67016806722689,2.54339591225076,2.40762517794145,2.33133096318091,2.33395356362754,2.36867967668826,2.40639578930579,2.42406194163192,2.4006491450285,2.357214775038,2.3352054389595,2.30579895638476,2.25035438651756,2.19514115840454,2.11865241105007,2.10486787754215,2.2176533993373,2.37550375665769,2.5558578613241,2.75709779179811,2.95939435650378,3.14615164142249,3.32933209521437,3.5092624956309,3.66298607777244,3.87618032664998,4.18937939859245,4.51554944909768,4.79766260717601
A,Annual,MIC,Middle income,WB_WDI_SP_POP_65UP_FE_ZS,"Population ages 65 and above, female (% of female population)",F,Female,Y_GE65,65 years old and over,PT_W,Percentage of women,_Z,Not Applicable,2,Two,WB_WDI,World Development Indicators (WDI),0,Units,WB_WDI,World Development Indicators (WDI),A,Normal value,PU,Public,4.057445284914916,4.038954274311634,4.038490753236847,4.040278604684328,4.042688982862284,4.05707992691116,4.0791897797014895,4.102955251729502,4.132061754235085,4.16366415042387,4.195404160168683,4.229713577108491,4.267550774713807,4.310400810094611,4.361313126295255,4.414788167861562,4.465182002034743,4.5166994287348325,4.573687326603608,4.633983593514875,4.682951893133072,4.716157892231831,4.744709506477264,4.775371429161776,4.810513911540206,4.849066112318433,4.889599547644536,4.931385984571259,4.9813917213142105,5.039854331789769,5.095867287614655,5.152533491239075,5.218224922651138,5.295815324113066,5.3803163594904015,5.465630930958245,5.551562879962045,5.641782378277186,5.738163160180821,5.835517241672317,5.933239457853037,6.032922637837794,6.135045941776114,6.234814337382981,6.324689943864096,6.40904028503231,6.493211430156712,6.5719521006152455,6.640175558365886,6.707787042837444,6.786395818628353,6.883187145698408,7.00111112724024,7.135645320774125,7.297503765285773,7.500770141454152,7.727743987906071,7.9784233821368415,8.248452542400793,8.52696218489331,8.80818595468939,9.051201469953112,9.305206817945354,9.585662861568862,9.831011539702091
A,Annual,MKD,North Macedonia,WB_WDI_SP_POP_65UP_FE_ZS,"Population ages 65 and above, female (% of female population)",F,Female,Y_GE65,65 years old and over,PT_W,Percentage of women,_Z,Not Applicable,2,Two,WB_WDI,World Development Indicators (WDI),0,Units,WB_WDI,World Development Indicators (WDI),A,Normal value,PU,Public,5.35716832090589,5.28015834381794,5.23776158538159,5.22988866402054,5.23545536833086,5.2622423019953,5.31409244532057,5.38440882731165,5.45816472174692,5.51977876953987,5.58288953565924,5.65919030233436,5.74777285423153,5.86014232055229,5.99264190745507,6.13492144916843,6.28486002215554,6.43155858863049,6.55612267579638,6.64189009274186,6.68343871031812,6.69274235151793,6.70846061180245,6.75046616991245,6.82577731729778,6.95058371685705,7.12266440301725,7.33007752749578,7.5621692105616,7.82119911554571,8.11086140908973,8.48238880001514,8.91889249128108,9.34844633097776,9.71266766836734,9.99624810397862,10.2332185944633,10.4532729763536,10.7053792043845,10.9840809042237,11.2587668273226,11.5205312270222,11.7393652024919,11.8972579966072,12.0572161947133,12.2267270325858,12.4131576747624,12.6296126257003,12.8601197586624,13.0852762528215,13.2930429708015,13.5170332625129,13.8184952007131,14.25550892202,14.7696105792993,15.2790258171925,15.8031628120884,16.3716320829867,17.0053328851061,17.6773352350903,18.2687025683081,18.6665320133096,19.0223868398961,19.4993716239734,20.031565117074
A,Annual,MLI,Mali,WB_WDI_SP_POP_65UP_FE_ZS,"Population ages 65 and above, female (% of female population)",F,Female,Y_GE65,65 years old and over,PT_W,Percentage of women,_Z,Not Applicable,2,Two,WB_WDI,World Development Indicators (WDI),0,Units,WB_WDI,World Development Indicators (WDI),A,Normal value,PU,Public,2.7296141248222,2.75484386627346,2.78153066388284,2.81225909025358,2.85171542548996,2.9015144533848,2.96027397749034,3.02711735129114,3.09983670946945,3.17368546214801,3.24608272606889,3.3177945672938,3.38817765479423,3.45553379550233,3.51948260856767,3.57936092913717,3.63346165891016,3.68078726189973,3.72240838661014,3.76011430223047,3.79419020182089,3.82596008621509,3.85642797787669,3.88552043944416,3.91007557399529,3.92727270120563,3.93661891865007,3.93794507222399,3.93022351883786,3.91266443208817,3.88618042262121,3.85262875760042,3.81396907538695,3.77047818366246,3.72331979868705,3.67494026567648,3.62555962178376,3.57447209872259,3.52008914250485,3.4601498602168,3.39571141603448,3.33103652966955,3.26905970995352,3.21145051271469,3.16149116287671,3.12712232799534,3.10792638693865,3.09475111201704,3.08215555043631,3.06440706341826,3.03713477469173,3.00548377703189,2.97983045962638,2.95035278547203,2.90928505758707,2.87304933316519,2.84423353013154,2.81493157784675,2.78604368469234,2.75881851670435,2.72618544818317,2.68796459077998,2.65697041057779,2.63286384258811,2.60747549694102
A,Annual,MLT,Malta,WB_WDI_SP_POP_65UP_FE_ZS,"Population ages 65 and above, female (% of female population)",F,Female,Y_GE65,65 years old and over,PT_W,Percentage of women,_Z,Not Applicable,2,Two,WB_WDI,World Development Indicators (WDI),0,Units,WB_WDI,World Development Indicators (WDI),A,Normal value,PU,Public,7.62063237467871,7.81748244748545,8.00032074596347,8.17888255808947,8.35125974433626,8.51442883337286,8.68160939589511,8.87619626665419,9.07682666854077,9.28310865320535,9.5187665018307,9.76155816932573,9.991024721229,10.1959284656857,10.3726984383756,10.5211779849167,10.6355498023863,10.717565375604,10.7733892950421,10.8089367820992,10.8238239684145,10.8139771225962,10.7940062683225,10.7847232540601,10.8042278384841,10.8738830965071,10.9893877641308,11.1470848892755,11.3434753377266,11.5684432711981,11.7982354027344,12.0180304947774,12.2318922913856,12.4114279753289,12.58392951861,12.8032275792642,13.0489869171077,13.3002470085643,13.5605910240917,13.804456816175,14.0469585892609,14.3378265361342,14.6616513788375,14.9660739837379,15.246286916468,15.4868542740124,15.6530823497912,15.7507012004933,15.9386916845321,16.4383076316243,17.1280984931526,17.8387493412963,18.604488307711,19.3796679821271,19.9640059821044,20.3303610319325,20.6229309666612,20.78043940162,20.7906980646839,20.7601373393358,20.777367763832,21.0674948338708,21.5990850447734,22.1655807495266,22.622391228131
A,Annual,MMR,Myanmar,WB_WDI_SP_POP_65UP_FE_ZS,"Population ages 65 and above, female (% of female population)",F,Female,Y_GE65,65 years old and over,PT_W,Percentage of women,_Z,Not Applicable,2,Two,WB_WDI,World Development Indicators (WDI),0,Units,WB_WDI,World Development Indicators (WDI),A,Normal value,PU,Public,3.9108596682673,3.94412840343604,3.97539197766305,4.00706324998844,4.04159725756319,4.07904249231295,4.12018307408966,4.1659201294463,4.2131921687577,4.25783605929737,4.29811838013026,4.33536100279533,4.3697206750979,4.4031873030527,4.43634700815432,4.46838268539956,4.49899017009362,4.52598918783886,4.55182077880573,4.58315713986195,4.62109204557281,4.66606735419441,4.71907455129509,4.77003086742282,4.81193524881272,4.84952562478111,4.88599113837658,4.9209121335607,4.95682078080564,4.99914094306776,5.04943710249782,5.10768361864708,5.17378418218076,5.24407501102538,5.31369460640037,5.38106458318238,5.44908592083191,5.51686117957094,5.58099822611818,5.63846481619718,5.68801005315368,5.73218151717947,5.77250297025444,5.80909366729586,5.84058267288893,5.86768879114596,5.89261592087546,5.91698154667738,5.9310259259465,5.95217549504561,5.99454301595999,6.04517934516989,6.10213235898351,6.16985427081972,6.28185703983608,6.44109168903541,6.61797520567057,6.80674802903751,7.00821325699839,7.22050990869993,7.43873992877085,7.64464174297384,7.85799130351799,8.09389193924017,8.33412796273462
A,Annual,MNA,Middle East & North Africa (excluding high income),WB_WDI_SP_POP_65UP_FE_ZS,"Population ages 65 and above, female (% of female population)",F,Female,Y_GE65,65 years old and over,PT_W,Percentage of women,_Z,Not Applicable,2,Two,WB_WDI,World Development Indicators (WDI),0,Units,WB_WDI,World Development Indicators (WDI),A,Normal value,PU,Public,3.389610017237115,3.4058329206434514,3.430353888863496,3.452365898607394,3.472178088491048,3.490362473871925,3.5036496512242663,3.51353472414936,3.524088911764,3.53310207104691,3.539321827410217,3.541871265037156,3.543034797180105,3.5433688886331582,3.540804082671416,3.535761230273388,3.528328241223108,3.518655448580922,3.50695659363786,3.4944546079293737,3.48160294855395,3.468645226787359,3.4591440126031263,3.4556922276461943,3.456322079076703,3.459578088285608,3.4689652510415394,3.484361968480121,3.5025961056104618,3.522437423188721,3.534137326499229,3.554605997969834,3.5852234546694453,3.625859682816975,3.670355771362064,3.7163223032347688,3.7657663952143,3.8169099552269192,3.865198993829796,3.909668511493922,3.9518620920068175,3.99256087533214,4.037054200451677,4.07918315197131,4.113122268328062,4.1428717723769415,4.1701632802882855,4.198614629475384,4.231109770099811,4.267906288169988,4.310999079689059,4.364421368106404,4.42786598845617,4.496465836836285,4.567486161045224,4.648355940244246,4.742346596504164,4.845380037954409,4.95433995700914,5.069033434974103,5.165964650771936,5.24307655563547,5.348022357504446,5.482634235597279,5.625784279558261
A,Annual,MNE,Montenegro,WB_WDI_SP_POP_65UP_FE_ZS,"Population ages 65 and above, female (% of female population)",F,Female,Y_GE65,65 years old and over,PT_W,Percentage of women,_Z,Not Applicable,2,Two,WB_WDI,World Development Indicators (WDI),0,Units,WB_WDI,World Development Indicators (WDI),A,Normal value,PU,Public,7.2731132321076,7.23939235201676,7.23630105544041,7.23967127352531,7.26865132528232,7.37854970724844,7.54630791063051,7.66901370579367,7.71598359450798,7.76062823526413,7.8653042970187,7.99642665713775,8.08389863989809,8.13226707152283,8.22717187263065,8.43500977719071,8.72302081172055,9.00823227917306,9.20904412111891,9.28837761466049,9.27147379062329,9.19224728432929,9.0778680144924,8.96811715930677,8.91710872646285,8.94723947739134,9.03405109026674,9.14782009393506,9.28498432164121,9.46485692327843,9.69779228319029,9.97604313795875,10.2826138284124,10.604617064517,10.919600436291,11.2147108171295,11.4973568854854,11.7874458042331,12.0971914489543,12.4223791133945,12.7581224919234,13.1052479418278,13.4754174179712,13.8742147290485,14.2883452160091,14.6751981144191,14.9703425735383,15.1639878597136,15.2952756503538,15.3792665874452,15.3872525342715,15.4242056377973,15.6075574140691,15.8744977870648,16.2428211078908,16.7198369410785,17.1700043898428,17.6127266475074,18.1078502186492,18.6289988060558,19.1279686704449,19.4526905815282,19.7017157692742,20.0326453868235,20.4182632352897
A,Annual,MNG,Mongolia,WB_WDI_SP_POP_65UP_FE_ZS,"Population ages 65 and above, female (% of female population)",F,Female,Y_GE65,65 years old and over,PT_W,Percentage of women,_Z,Not Applicable,2,Two,WB_WDI,World Development Indicators (WDI),0,Units,WB_WDI,World Development Indicators (WDI),A,Normal value,PU,Public,6.35622328002134,6.60941798921047,6.85605278163038,6.90927405728549,6.77878883188254,6.6587038552743,6.55823004177081,6.48017864710245,6.42422905467366,6.37466911718583,6.31209363404891,6.23567027764511,6.15264211102456,6.06903933636607,5.98896396858976,5.91082563533441,5.82866784758408,5.74002295833257,5.64744876625774,5.57224302195713,5.505862176888,5.4244100439461,5.33351440037248,5.23837860353903,5.14177649861161,5.04258643904488,4.93689628640589,4.8212072946232,4.69385562399332,4.56716545460794,4.44717996770543,4.33143103783308,4.22568326726644,4.13624935040618,4.06860159438272,4.02343694044031,3.99614434494218,3.9792896184525,3.96524154336855,3.94800764730858,3.94862784952525,3.96707800655252,3.9863946970329,4.01608386800384,4.06115764344489,4.12113472730129,4.18853971437014,4.25328533522211,4.3075821410511,4.34758044642549,4.37527845283348,4.38828908438459,4.39835024661262,4.42228775251355,4.46294402710622,4.52200505694897,4.60096282437191,4.70613347965549,4.84392107186726,5.019556492703,5.20522927393926,5.37758234891514,5.60807588409984,5.91813438841826,6.25866098515604
A,Annual,MNP,Northern Mariana Islands,WB_WDI_SP_POP_65UP_FE_ZS,"Population ages 65 and above, female (% of female population)",F,Female,Y_GE65,65 years old and over,PT_W,Percentage of women,_Z,Not Applicable,2,Two,WB_WDI,World Development Indicators (WDI),0,Units,WB_WDI,World Development Indicators (WDI),A,Normal value,PU,Public,3.19514429683921,3.1493434231026,3.14119170984456,3.17294645652855,3.1893419459023,3.19367125695869,3.1551105233327,3.13113375081783,3.13706563706564,3.10306236646658,3.09765664286433,3.15645013723696,3.14144736842105,3.16874905916002,3.18730793968413,3.13108822710827,3.10546344115249,3.15971529302202,3.23820693249935,3.27439841705496,3.1814376270781,2.94790613526313,2.70640468543359,2.49449432491953,2.33671710400306,2.21360985999092,2.09160794362588,1.99515251832585,1.92761173567316,1.87637404775295,1.87715800223703,1.9338061465721,1.97637595062527,1.99439218523878,2.04099683789222,2.03232177366264,1.89216407793314,1.72755984329427,1.61592213626154,1.53306427461103,1.53209053137984,1.64131637168142,1.77201159552095,1.89953134153486,2.03816066213742,2.18416558294032,2.30958151033619,2.43217169067244,2.57917593475267,2.75896432723716,2.98268670361694,3.23203087313073,3.49516832917706,3.80303060158821,4.11732992552066,4.44318320022702,4.79732932182084,5.1389122041296,5.50727739726027,5.87090141522847,6.40181007519798,7.17815110951397,8.07124518613607,9.05598500819864,10.1009617685057
A,Annual,MOZ,Mozambique,WB_WDI_SP_POP_65UP_FE_ZS,"Population ages 65 and above, female (% of female population)",F,Female,Y_GE65,65 years old and over,PT_W,Percentage of women,_Z,Not Applicable,2,Two,WB_WDI,World Development Indicators (WDI),0,Units,WB_WDI,World Development Indicators (WDI),A,Normal value,PU,Public,3.64250669226951,3.61742530290789,3.58670562694203,3.55240716780536,3.51485916928836,3.4754251310314,3.43799637859338,3.40412878936509,3.37481632156439,3.35175556598541,3.33526658209152,3.32035091263836,3.30184628012162,3.28266205352421,3.26620233648493,3.25225714841721,3.24099665307784,3.22507548354877,3.20249609711881,3.18243532998815,3.18511785032751,3.20440374852988,3.2212040159462,3.2347577667727,3.24098395785612,3.23947569962924,3.23332589850952,3.22165209762243,3.20116895350972,3.17335410851747,3.13993008590829,3.10326267454953,3.06565613859312,3.0288360424887,2.99466421793379,2.96167709532659,2.92485537986434,2.88808978151359,2.84991889607019,2.80790916871208,2.76876891616415,2.74378533853682,2.73121656435466,2.7228474284954,2.72038110727099,2.72526378635489,2.73845222235342,2.76015410209803,2.78806447010025,2.82008367624892,2.85648174711099,2.89710809469069,2.94405442582787,3.0012882207218,3.06512087876554,3.13251798022039,3.20457542786734,3.27842696428608,3.35205086462282,3.42241236722263,3.48043762122532,3.51143813785581,3.5379458125998,3.57110735050066,3.59045903449551
A,Annual,MRT,Mauritania,WB_WDI_SP_POP_65UP_FE_ZS,"Population ages 65 and above, female (% of female population)",F,Female,Y_GE65,65 years old and over,PT_W,Percentage of women,_Z,Not Applicable,2,Two,WB_WDI,World Development Indicators (WDI),0,Units,WB_WDI,World Development Indicators (WDI),A,Normal value,PU,Public,2.25476848209656,2.33972515143276,2.42217560574277,2.50121095901318,2.57474448833675,2.64214406886842,2.70425011598055,2.76114608256241,2.8145552880248,2.86630851339178,2.91564816381486,2.96083340683601,3.00298696719422,3.04294234199838,3.08038300065112,3.1154064280278,3.14779371872928,3.17723450556338,3.20388840206351,3.22797867576884,3.24916451304921,3.2675643683498,3.28359081690309,3.29765154977949,3.3104445160783,3.32212715541003,3.33299316835332,3.3439987922153,3.35504777856192,3.36993731150884,3.38392745255655,3.39227490581688,3.38805761751838,3.37850614271763,3.37375332104603,3.37587505849523,3.38956262522065,3.40346158600285,3.41515143823311,3.42746547091113,3.43843620362632,3.4527339350723,3.47130882552079,3.49025861913257,3.50641461948258,3.52672604441621,3.55214857817715,3.57523223289232,3.62972815376691,3.70359193771027,3.75389355949267,3.7802790832511,3.78350362801718,3.73066995859534,3.6412830324546,3.56621964244619,3.5061172532641,3.46098253830126,3.43023925200038,3.4129056240611,3.39708759057929,3.38141118456434,3.38702071229652,3.41254973929647,3.44475645102774
A,Annual,MUS,Mauritius,WB_WDI_SP_POP_65UP_FE_ZS,"Population ages 65 and above, female (% of female population)",F,Female,Y_GE65,65 years old and over,PT_W,Percentage of women,_Z,Not Applicable,2,Two,WB_WDI,World Development Indicators (WDI),0,Units,WB_WDI,World Development Indicators (WDI),A,Normal value,PU,Public,3.79200213220574,3.92759658842936,4.05474991867452,4.11088295101036,4.12825724032808,4.15849743428117,4.20333255931267,4.25117402177918,4.29128855229379,4.32115220666085,4.34508108108108,4.37067907609686,4.41443737340019,4.48877864343015,4.58231916801565,4.67667602338912,4.76298410978652,4.8464883855021,4.939553422003,5.04381234030421,5.14240295314759,5.2223491802108,5.29026008901785,5.35421915000469,5.4215781549756,5.50611448154126,5.61087500944898,5.72829581525521,5.8666356988818,6.03218658582394,6.21167209382016,6.38462916550464,6.52721425397542,6.63510215516235,6.72271736924973,6.79211137053385,6.8337116048631,6.86201961285863,6.91379922258617,6.99823175723738,7.10152284685706,7.2100127483224,7.31015606658863,7.40145725733157,7.49274192052131,7.58233753078366,7.66776879257459,7.7603862835113,7.89704324338396,8.10186385368207,8.3506030847637,8.61194657176076,8.89808623902878,9.23861023059233,9.64273512237545,10.1089474162357,10.6099814869916,11.1159326293917,11.6136403284694,12.0989760160055,12.5842624586458,13.0619662657627,13.5639401974949,14.1399212098426,14.7634788358853
A,Annual,MWI,Malawi,WB_WDI_SP_POP_65UP_FE_ZS,"Population ages 65 and above, female (% of female population)",F,Female,Y_GE65,65 years old and over,PT_W,Percentage of women,_Z,Not Applicable,2,Two,WB_WDI,World Development Indicators (WDI),0,Units,WB_WDI,World Development Indicators (WDI),A,Normal value,PU,Public,3.23169399864276,3.2163896575066,3.19865230359322,3.18071201640765,3.16785128934028,3.15943840266935,3.15545375914317,3.15804660501071,3.16037378495585,3.15141651331995,3.13003443123389,3.09501743829441,3.04915503465341,3.00523664923309,2.97489220736267,2.96323401283038,2.96676766531102,2.98249061571738,3.06198327863757,3.2076270586585,3.35734926524994,3.50101351708363,3.64519937335571,3.7853943630373,3.90835444015914,4.00857321374831,4.07204936870534,4.30414942850456,4.41772435088755,4.26014362586848,4.12282529668532,3.99797257770248,3.88213371796048,3.77211985329374,3.66374256187264,3.55886584291232,3.46289917569197,3.37335689994754,3.2891970827977,3.38929339007064,3.6262910533095,3.81354491856775,3.98237497808658,4.13931142233764,4.28139200329707,4.3978270885078,4.4820213171323,4.51363068994282,4.41095386239512,4.2269671446999,4.07196247931929,3.94063016579526,3.826257851801,3.71381864509413,3.60872673888471,3.50674853635329,3.40366126151807,3.31337588312082,3.23430306182907,3.16470150799696,3.10175823833365,3.04284029318089,2.99784052613878,2.97699610320142,2.97447525831756
A,Annual,MYS,Malaysia,WB_WDI_SP_POP_65UP_FE_ZS,"Population ages 65 and above, female (% of female population)",F,Female,Y_GE65,65 years old and over,PT_W,Percentage of women,_Z,Not Applicable,2,Two,WB_WDI,World Development Indicators (WDI),0,Units,WB_WDI,World Development Indicators (WDI),A,Normal value,PU,Public,2.87939532134759,2.83415127182605,2.82014068779055,2.82325962688882,2.8248051756673,2.82067320543572,2.80651807959939,2.78212129345811,2.76304100636189,2.76939554070498,2.80548807718956,2.87191063263298,2.97122505070024,3.08514798069235,3.18884254269779,3.27402026700169,3.3412506997676,3.39267813170128,3.43820367818757,3.48980179847469,3.54222128744453,3.59045855040708,3.64195449788396,3.69417399377547,3.74089150098301,3.77991565873367,3.8146575566343,3.84501339016366,3.86996844936184,3.88734755182443,3.89708157167909,3.90991429167605,3.93278834265215,3.97082635708191,4.01709789396202,4.0573312353779,4.09527432637484,4.137713733442,4.17759955086217,4.21169901943841,4.25815284392246,4.3302799980836,4.42368143509541,4.52493966037492,4.62374773447705,4.72069940239611,4.82069512533239,4.9277548511958,5.04466285443598,5.17755791787472,5.3281961793213,5.48623322155838,5.64753557386027,5.81624223132121,5.99420943384969,6.18143500600478,6.3788638813956,6.59146990265364,6.82122392725701,7.06701454900029,7.33672549398457,7.59056136513997,7.8380894080807,8.12712005799873,8.4387377135711
A,Annual,NAC,North America,WB_WDI_SP_POP_65UP_FE_ZS,"Population ages 65 and above, female (% of female population)",F,Female,Y_GE65,65 years old and over,PT_W,Percentage of women,_Z,Not Applicable,2,Two,WB_WDI,World Development Indicators (WDI),0,Units,WB_WDI,World Development Indicators (WDI),A,Normal value,PU,Public,9.43029759109298,9.567615319828928,9.685126065542198,9.794995804652007,9.90780348297682,10.066190076641888,10.223935870749171,10.351897366647943,10.485786141170324,10.620988451271533,10.769307564932207,10.910832648438726,11.061068500211658,11.231541441783872,11.409720827903543,11.605616147553322,11.809350774275336,12.022101289108988,12.24429345206369,12.467175896621002,12.67857691684018,12.85788651854417,13.022926027326667,13.193337918113771,13.368171156898054,13.537890596447994,13.713608821653477,13.891074893921678,14.043085366191338,14.177029616508356,14.292914584276687,14.36603405081516,14.41335624255161,14.438218855221011,14.43734156506195,14.427015234653435,14.403345832306762,14.36496552163397,14.303028266076431,14.2274726692962,14.153142651487745,14.082335952005476,14.02204901430476,13.980149132718502,13.967334999108008,13.975797580086551,14.013931600044886,14.115741300193935,14.2633022033933,14.41881492096769,14.568982062991887,14.771859138371015,15.065978565432276,15.380780788594825,15.68346691968232,15.982013344031254,16.287243778178457,16.615515624380453,16.973442764468803,17.36140530299841,17.777530088706104,18.209285469795592,18.675610719627272,19.192289887607355,19.69443514386575
A,Annual,NAM,Namibia,WB_WDI_SP_POP_65UP_FE_ZS,"Population ages 65 and above, female (% of female population)",F,Female,Y_GE65,65 years old and over,PT_W,Percentage of women,_Z,Not Applicable,2,Two,WB_WDI,World Development Indicators (WDI),0,Units,WB_WDI,World Development Indicators (WDI),A,Normal value,PU,Public,4.82190101572905,4.81669322823681,4.80923843827889,4.80170107982519,4.79519391571451,4.79146462572553,4.79096947211127,4.79197458082158,4.79148479851703,4.78315967148621,4.76525926256186,4.74099305387087,4.70966501195957,4.67561450750108,4.64368321503893,4.61614755486355,4.6027985425683,4.60100115485827,4.64479951356281,4.69279211865525,4.72263038978686,4.78321923819554,4.81310647093724,4.79819638102848,4.77286583018316,4.73609501406713,4.68506301811195,4.62118708483426,4.53980565796632,4.34624554870732,4.17923799052893,4.12601221463225,4.07972237045778,4.03162649055596,3.98501351806046,3.94308108499795,3.90648085973598,3.87347942455479,3.842783750967,3.81541711561232,3.79430365795815,3.78315193472771,3.78373761967372,3.79557611477207,3.81712052953214,3.84566368267505,3.87988167750512,3.92044329436719,3.96708257061164,4.01942261325821,4.07560676155196,4.12860415984765,4.16321041429141,4.18435363198658,4.21361534376318,4.24720317013615,4.27354040308774,4.2937301022903,4.31343902644672,4.33491345626013,4.35155130556552,4.33339575450344,4.32312827642919,4.38793774742568,4.51266815431221
A,Annual,NCL,New Caledonia,WB_WDI_SP_POP_65UP_FE_ZS,"Population ages 65 and above, female (% of female population)",F,Female,Y_GE65,65 years old and over,PT_W,Percentage of women,_Z,Not Applicable,2,Two,WB_WDI,World Development Indicators (WDI),0,Units,WB_WDI,World Development Indicators (WDI),A,Normal value,PU,Public,3.89097843937066,3.84773187681104,3.80844832721136,3.79541327432564,3.78340529816781,3.74637484139931,3.71445536715709,3.69402148977262,3.6779324055666,3.60784470842765,3.57544044933033,3.63365176970096,3.69381863219684,3.76129928233445,3.84420117404411,3.93452060813114,4.01345865486596,4.07822390445673,4.13565688946633,4.18189030628223,4.22339958273855,4.26209082167477,4.29425293504132,4.32706556459314,4.38661758140799,4.47261192654135,4.56297517976398,4.65647308686231,4.75372175894941,4.72588230434706,4.67814737084208,4.73423135924396,4.79740415553253,4.8748976532012,4.96967873465132,5.07679764213767,5.18789030412795,5.3289095033348,5.49907119865005,5.67048427202056,5.84167589433007,6.01840184283712,6.20966101181329,6.42052804580638,6.64202341109279,6.84784925958117,7.07483764393412,7.34121902810679,7.62005744716206,7.88933065668914,8.10645844849825,8.29271964322677,8.49043378169986,8.70077828892168,8.93645770365893,9.2254759915536,9.54482991308504,9.86541582967863,10.1842328064541,10.5085881626114,10.7811902194706,11.0730763506474,11.392339829041,11.7005200533667,12.0567280231174
A,Annual,NER,Niger,WB_WDI_SP_POP_65UP_FE_ZS,"Population ages 65 and above, female (% of female population)",F,Female,Y_GE65,65 years old and over,PT_W,Percentage of women,_Z,Not Applicable,2,Two,WB_WDI,World Development Indicators (WDI),0,Units,WB_WDI,World Development Indicators (WDI),A,Normal value,PU,Public,1.32765867634492,1.4149077888801,1.50222817916645,1.58416065407004,1.65422453562151,1.7112356544278,1.75684201583375,1.79115517463678,1.81762702686733,1.84319861752044,1.87066575801088,1.89900932182969,1.92945999361279,1.96275555913215,1.99746344824371,2.03308739206598,2.07008028064494,2.10825834516374,2.14669070174766,2.18492325388288,2.22255333406357,2.25869272620157,2.29319191006639,2.32589142575002,2.35600339379111,2.38347402819864,2.40890304849002,2.43267137421699,2.45547110003044,2.47720373445647,2.49737642106245,2.51617818748471,2.53333526015573,2.54884408214481,2.5634936300536,2.57702087202847,2.58964119476307,2.60205990266232,2.61319204846637,2.62225386864001,2.62992355483101,2.63737716028465,2.64549796944561,2.65510297529849,2.66640736419033,2.67955705568151,2.69535006867724,2.714207697393,2.73647680895165,2.76109982337548,2.78591427329085,2.80853299771553,2.82329724729585,2.81801429825568,2.80031018521405,2.78780167835969,2.78119457655939,2.77880292312181,2.77981729272185,2.78388854248436,2.78795821103146,2.78744990322624,2.78842839154084,2.79759842319742,2.81109681170934
A,Annual,NGA,Nigeria,WB_WDI_SP_POP_65UP_FE_ZS,"Population ages 65 and above, female (% of female population)",F,Female,Y_GE65,65 years old and over,PT_W,Percentage of women,_Z,Not Applicable,2,Two,WB_WDI,World Development Indicators (WDI),0,Units,WB_WDI,World Development Indicators (WDI),A,Normal value,PU,Public,3.74552893981825,3.75888454635918,3.76932928993495,3.77492912746662,3.77315437184195,3.76386262287122,3.74742744566026,3.7215866363919,3.69397617916476,3.67045471997947,3.64792428696232,3.62808397337133,3.61176459326183,3.596615521093,3.5803061505377,3.56254753397675,3.54415537723542,3.52476652048976,3.50608229858882,3.49028206388359,3.47621662654643,3.46612873893642,3.46077915385642,3.45772683179062,3.4545093344343,3.45008332124745,3.4447502125526,3.43791811665534,3.43003735955049,3.42098678666869,3.41032556380118,3.39908077358072,3.38712585510332,3.37607185231818,3.36592454478837,3.3546943882203,3.34207918331699,3.32748815540765,3.31087150567211,3.29374415061022,3.27788825990394,3.26271492445981,3.24838127949562,3.23603735365785,3.22487486862518,3.2147563250636,3.20606532661565,3.1991906143773,3.19434303531536,3.19123789965158,3.18878083586655,3.18413111816777,3.17546593814493,3.16343927082438,3.15050611163709,3.14243786241129,3.14007020513289,3.14049005409093,3.14586777416955,3.15651904345403,3.16707182996693,3.17976740932615,3.1984930820051,3.21945230703184,3.24021050537953
A,Annual,NIC,Nicaragua,WB_WDI_SP_POP_65UP_FE_ZS,"Population ages 65 and above, female (% of female population)",F,Female,Y_GE65,65 years old and over,PT_W,Percentage of women,_Z,Not Applicable,2,Two,WB_WDI,World Development Indicators (WDI),0,Units,WB_WDI,World Development Indicators (WDI),A,Normal value,PU,Public,2.86767288139095,2.83723655490265,2.80701182071408,2.77906440531167,2.75693892811642,2.74427171250706,2.74169897644667,2.74788611120769,2.7594871038902,2.77266879012203,2.78644737301341,2.80096942707751,2.80704168090142,2.81469719322349,2.83261583921339,2.85093916963834,2.86985702379014,2.88996202291368,2.90844161135343,2.92554996992016,2.94725664276241,2.97275881693307,2.99838176826715,3.02578179448536,3.05874657239721,3.09752875813957,3.14088006293676,3.18847000372223,3.23819471194208,3.28739980402745,3.33477775570694,3.3809417977598,3.42606159893085,3.46926033645333,3.5091210126862,3.54535959535027,3.6187980393358,3.72957154856867,3.83688279923727,3.94424354475489,4.05641141777171,4.17400221147372,4.29850874913069,4.42809448239657,4.56009204009233,4.68017212736366,4.75475781062172,4.79593048749666,4.83438743001157,4.87152050062184,4.90886433388625,4.94642963259088,4.99184281192649,5.05827968996322,5.1602212164442,5.28697067154302,5.41543169467864,5.54040917642238,5.66915056558119,5.80128279525994,5.88197926478518,5.93032294579325,6.03822755832252,6.19813692284891,6.3704867875369
A,Annual,NLD,Netherlands,WB_WDI_SP_POP_65UP_FE_ZS,"Population ages 65 and above, female (% of female population)",F,Female,Y_GE65,65 years old and over,PT_W,Percentage of women,_Z,Not Applicable,2,Two,WB_WDI,World Development Indicators (WDI),0,Units,WB_WDI,World Development Indicators (WDI),A,Normal value,PU,Public,9.54313111673588,9.73002333480329,9.90497309815818,10.0649329566681,10.2370876983933,10.414517104413,10.5933041122964,10.7997087988729,11.0075190418871,11.1926673379926,11.3715128351465,11.5459164580023,11.7209365071507,11.9232204945303,12.1510768413164,12.3613413712679,12.5501483588702,12.7726648988886,13.0163974582088,13.243511461819,13.4301454824045,13.5932549819023,13.7568760882489,13.8937053455055,14.0215353519656,14.2134846982266,14.4447066961033,14.6491311872834,14.8483422652306,15.0241291945507,15.1501324720479,15.2445620733636,15.3237116151354,15.3862098147972,15.4530891779001,15.5455433730191,15.6307973550318,15.6965992743877,15.7329751663549,15.7380407754132,15.7325511081418,15.7230351036827,15.7240761362932,15.7644386192946,15.8676512016236,16.0254939317327,16.1920647067923,16.3626696914464,16.5638544019335,16.8037383952451,17.0412785730609,17.4372155275882,17.99361435121,18.4861592401307,18.9112590320857,19.271653028558,19.5697239091975,19.8514948335652,20.138837430309,20.4192910088759,20.7046372349594,20.9810442122539,21.1990626561389,21.4335750459381,21.7573471724197
A,Annual,NOR,Norway,WB_WDI_SP_POP_65UP_FE_ZS,"Population ages 65 and above, female (% of female population)",F,Female,Y_GE65,65 years old and over,PT_W,Percentage of women,_Z,Not Applicable,2,Two,WB_WDI,World Development Indicators (WDI),0,Units,WB_WDI,World Development Indicators (WDI),A,Normal value,PU,Public,12.0829864249364,12.3093359836015,12.5357680284693,12.746942334012,12.9557567190021,13.1987754259821,13.49493790194,13.783264308725,14.015667006195,14.2247642051276,14.4365765048718,14.645218401545,14.8422891553468,15.0457426786987,15.2775228351044,15.5252438928545,15.7761296888358,16.049785213012,16.3236801380208,16.575949787824,16.8203438600492,17.0573102309354,17.3148292981092,17.5888451449863,17.8088568952736,18.0635733859241,18.3515339848583,18.5538003521325,18.6904085621998,18.7917838813547,18.8309562461438,18.8166883696017,18.7715318428361,18.6643592836682,18.5430048173424,18.4376399004074,18.3291075571597,18.1979467550474,18.0124098769865,17.777412909603,17.5526485929898,17.3650275307036,17.1776170173541,17.02165320513,16.9281299960415,16.8635250576563,16.7754896715623,16.6941950037389,16.6717242114883,16.7262004591337,16.8546952905812,17.0622424020286,17.2909520417773,17.4799992248451,17.6713786140943,17.8661515141817,18.0528153697601,18.2599460560016,18.515469879957,18.7911377477173,19.0958633423696,19.4083127495083,19.6233947511743,19.7882950576008,20.0042656988109
A,Annual,NPL,Nepal,WB_WDI_SP_POP_65UP_FE_ZS,"Population ages 65 and above, female (% of female population)",F,Female,Y_GE65,65 years old and over,PT_W,Percentage of women,_Z,Not Applicable,2,Two,WB_WDI,World Development Indicators (WDI),0,Units,WB_WDI,World Development Indicators (WDI),A,Normal value,PU,Public,3.28419824620624,3.31744770107785,3.35006105548659,3.38335447506812,3.41812086809734,3.45382362052821,3.48978196993495,3.52518829999333,3.55947291682182,3.5934966122588,3.62629576861887,3.65736302499095,3.68770350059979,3.71739494682545,3.74518440559001,3.77227052583034,3.79958825677129,3.82661919606671,3.85427052358662,3.88269103083101,3.91160105047241,3.9390875092958,3.96308036898161,3.98213737333626,3.99670535269357,4.00892247651964,4.02056724426884,4.03340459864691,4.04676027059682,4.05934517561287,4.07035756726664,4.08010145765529,4.08692261554491,4.09510338692105,4.10686829334038,4.11941759712888,4.1366029305738,4.15953759904677,4.18647401180052,4.21614755947784,4.24872358488514,4.28552761468022,4.33079253441176,4.38358512748899,4.4410679590925,4.51641581042401,4.61412759111577,4.72269169745981,4.83570062183979,4.94829396895755,5.05624274281981,5.17074964788381,5.30417214076638,5.45467202634905,5.60153113167568,5.72921311405186,5.86013506726857,6.00506782503059,6.14892141863489,6.26058586756218,6.3398384872002,6.39206406921343,6.47858249894414,6.62423091429067,6.75620649147226
A,Annual,NRU,Nauru,WB_WDI_SP_POP_65UP_FE_ZS,"Population ages 65 and above, female (% of female population)",F,Female,Y_GE65,65 years old and over,PT_W,Percentage of women,_Z,Not Applicable,2,Two,WB_WDI,World Development Indicators (WDI),0,Units,WB_WDI,World Development Indicators (WDI),A,Normal value,PU,Public,5.67270567270567,5.38506079907354,4.98073747936158,4.52791355801389,4.24922415851038,3.89811738648948,3.54879594423321,3.25571811250773,2.49073692877727,1.80647840531561,1.64237322931636,1.59789644012945,1.61515453639083,1.47521636506688,1.35553834237026,1.29302148697471,1.17471564422898,1.32568971694733,1.88679245283019,2.68562401263823,3.41651812240048,4.04252342985033,4.73802296423387,5.09159823120657,5.03446578040374,4.81012658227848,4.47954732995403,4.11148220661062,3.61960431654676,3.00471542932339,2.3975168575404,1.73821989528796,1.33910177173465,1.33864704680155,1.40615447320155,1.47402663413642,1.53392929703373,1.57376383389177,1.51222977773267,1.4032946918853,1.37628708329086,1.34969325153374,1.26270403449338,1.17175454825779,1.09811165845649,1.07581967213115,1.08528719156343,1.06426524764634,1.04294478527607,1.06122448979592,1.06805004577357,1.10402106755799,1.23653769445552,1.39186295503212,1.50504858068203,1.66324051579144,1.86324001835704,1.9884309472162,2.12386221666964,2.28798586572438,2.40224443275469,2.59355961705831,2.95285788292178,3.33790973056461,3.62380627557981
A,Annual,NZL,New Zealand,WB_WDI_SP_POP_65UP_FE_ZS,"Population ages 65 and above, female (% of female population)",F,Female,Y_GE65,65 years old and over,PT_W,Percentage of women,_Z,Not Applicable,2,Two,WB_WDI,World Development Indicators (WDI),0,Units,WB_WDI,World Development Indicators (WDI),A,Normal value,PU,Public,9.72687854434358,9.68844918786132,9.65347565980317,9.62216335663118,9.58286782441094,9.56344342413849,9.56885595715667,9.59506472253781,9.63973323040377,9.69470535090873,9.76090907224479,9.82681296197119,9.88150448143625,9.92502682403433,9.97959521423383,10.0759264936029,10.2292034870007,10.42825122149,10.6643739758449,10.9139109110273,11.1395576171369,11.3463586357252,11.5037513554748,11.5933381253833,11.7042388504316,11.8687774559121,12.0508316245433,12.2346379433043,12.3912155150949,12.5125415290254,12.5941378551401,12.6868436817801,12.7983936979073,12.8758007036984,12.9253467189396,12.9428536233802,12.9239727261018,12.901108422918,12.9230501379266,12.9644740137574,13.0207405114146,13.0638912642356,13.0299705514659,12.9792592249314,12.9900440488223,13.089692933651,13.2455312678349,13.3943852225718,13.5191970628102,13.6590177858532,13.853329024441,14.1306211150178,14.5004862564374,14.8802274899519,15.1747757899114,15.3827154590327,15.5519517933955,15.7160642294348,15.9132411914545,16.1664627257632,16.4994087679382,16.9485591291828,17.3615719846196,17.7256303336869,18.1543844561928
A,Annual,OED,OECD members,WB_WDI_SP_POP_65UP_FE_ZS,"Population ages 65 and above, female (% of female population)",F,Female,Y_GE65,65 years old and over,PT_W,Percentage of women,_Z,Not Applicable,2,Two,WB_WDI,World Development Indicators (WDI),0,Units,WB_WDI,World Development Indicators (WDI),A,Normal value,PU,Public,9.3241903898132,9.462377781315803,9.589745214083928,9.701652714706563,9.822349653204066,9.979454020225289,10.136253999714995,10.285619495674752,10.422699853044442,10.548681682974898,10.690259083034858,10.829223614313731,10.984306640647846,11.14470707964206,11.307551660054012,11.478035193071936,11.644080736026297,11.81482181344116,11.993592983757804,12.159597503769753,12.272024422878683,12.316144282181584,12.328378151255844,12.327609693214962,12.374413157994285,12.51663968738543,12.70279776311654,12.892401195813424,13.073273731783068,13.238130422354716,13.396536924938824,13.5485517243249,13.691769181128953,13.824035116003897,13.97560011874724,14.109917701552533,14.219462526549204,14.340436779859482,14.455017702651132,14.566788861555017,14.685615341557376,14.817120863077983,14.94675469309995,15.065443576658376,15.20429142183598,15.371476124321104,15.547368401719377,15.71981457412573,15.880670251816689,16.03777410230274,16.17577423230088,16.364567962831266,16.6610635039248,16.98263845616523,17.292579240596606,17.581023905847307,17.854467897009886,18.12827371908454,18.405868318397257,18.697499526854443,19.008573855700416,19.32790175130025,19.659240668807413,20.02588703234403,20.418688270749904
A,Annual,OMN,Oman,WB_WDI_SP_POP_65UP_FE_ZS,"Population ages 65 and above, female (% of female population)",F,Female,Y_GE65,65 years old and over,PT_W,Percentage of women,_Z,Not Applicable,2,Two,WB_WDI,World Development Indicators (WDI),0,Units,WB_WDI,World Development Indicators (WDI),A,Normal value,PU,Public,3.52337617332871,3.54780139116415,3.57319685227872,3.59764268475174,3.6174699109594,3.63187846102808,3.64213535434118,3.64777140113482,3.65024231611181,3.6500141001558,3.64561846197236,3.63806446622798,3.62802270209389,3.61601644407829,3.59085934060965,3.55364366266242,3.5144028085844,3.46967457612045,3.42104616978104,3.37063604506936,3.31894446584742,3.26638429045289,3.21424205880797,3.1654035932872,3.12072960364144,3.08997142427669,3.06894765701301,3.04643355555017,3.02174476807594,2.99300258393664,2.9604683570662,2.92366030480948,2.88275834283887,2.84118588948145,2.81170734036394,2.79601752178736,2.78606693854735,2.78144738012632,2.7811376930528,2.78085418064424,2.77661854660092,2.76681496178946,2.74620528519967,2.72516343173103,2.74753845049919,2.80259229677089,2.85176708595121,2.89533045824196,2.93893027705977,2.98830576079166,3.04667794631628,3.20293477477955,3.39613842898529,3.44891916503352,3.48876502991845,3.57128684023706,3.60922006928792,3.63944081013803,3.66098449756037,3.62835496317922,3.52485898667635,3.48067403655985,3.58474390797822,3.63088994366711,3.62114416480559
A,Annual,OSS,Other small states,WB_WDI_SP_POP_65UP_FE_ZS,"Population ages 65 and above, female (% of female population)",F,Female,Y_GE65,65 years old and over,PT_W,Percentage of women,_Z,Not Applicable,2,Two,WB_WDI,World Development Indicators (WDI),0,Units,WB_WDI,World Development Indicators (WDI),A,Normal value,PU,Public,7.063026151813388,7.117787381959494,7.170079005894481,7.231745129252207,7.311278744256212,7.400970243563615,7.478499988985017,7.539492533230611,7.605412962925936,7.666768388161802,7.722231824639278,7.784946778036482,7.853617296979023,7.905070732467999,7.952984734163237,8.004849781527417,8.034450932769431,8.049961715049633,8.045797334189771,8.017005500356682,7.967574982187862,7.89022406463796,7.797843624650433,7.714936553746532,7.640413978735448,7.570177755475179,7.5339526474072995,7.525376688254622,7.519227895562221,7.524069406000015,7.536265327958407,7.566417451950975,7.646667251297705,7.733584827396212,7.811123858972401,7.893523939884646,7.952719102495691,8.006572160962628,8.049258773222688,8.184047218324121,8.333102311734855,8.393412563844786,8.4702470179776,8.572121209201047,8.695467738586268,8.81565684865449,8.92863335861691,9.025372318485454,9.1030911882875,9.199913044169216,9.31267598885056,9.44184576861555,9.606112909886733,9.790716091680174,9.993317008549338,10.204623822991506,10.4119927821636,10.606628139435516,10.78015627033675,10.953148161154282,11.123739710490833,11.273008521503137,11.45758760616867,11.697359183217149,11.93892151266821
A,Annual,PAK,Pakistan,WB_WDI_SP_POP_65UP_FE_ZS,"Population ages 65 and above, female (% of female population)",F,Female,Y_GE65,65 years old and over,PT_W,Percentage of women,_Z,Not Applicable,2,Two,WB_WDI,World Development Indicators (WDI),0,Units,WB_WDI,World Development Indicators (WDI),A,Normal value,PU,Public,2.13533999804285,2.14549303416709,2.15822088728908,2.17699864846334,2.20441793043844,2.24001946274896,2.28659975042973,2.34495184641256,2.40856570264085,2.47139458604554,2.52907633476518,2.57427886081846,2.61540664150455,2.66005755232558,2.70316960750267,2.74614861283754,2.78923610904531,2.83182568090007,2.87367480761314,2.9121985052735,2.93802838604516,2.95826747105438,2.98404528993755,3.01345017108227,3.04576487428888,3.07530536021444,3.09969272423795,3.12068436928015,3.1399721145426,3.15894964763433,3.17501635450825,3.18943221131454,3.20728009193835,3.22512342141546,3.24111319198248,3.25702010931247,3.27313719409669,3.29128560400766,3.31158310438993,3.33360556937963,3.3549431355542,3.37779577474756,3.40731691165883,3.44041185493948,3.47434197500802,3.51129476039896,3.55136841031905,3.58984457956203,3.63067648924758,3.67719487586265,3.72741514769434,3.78343969487538,3.84397962523022,3.90038575696837,3.94496821954729,3.99022354416256,4.04908227495294,4.11551474036908,4.18541548011311,4.26175303704718,4.32867617044426,4.38424451951701,4.46203991102166,4.56391340672647,4.66635208601722
A,Annual,PAN,Panama,WB_WDI_SP_POP_65UP_FE_ZS,"Population ages 65 and above, female (% of female population)",F,Female,Y_GE65,65 years old and over,PT_W,Percentage of women,_Z,Not Applicable,2,Two,WB_WDI,World Development Indicators (WDI),0,Units,WB_WDI,World Development Indicators (WDI),A,Normal value,PU,Public,3.38837838595831,3.39229762319685,3.39931570889187,3.40720018033893,3.4157114076978,3.42620236294103,3.43937313581304,3.45375450875344,3.46944328215387,3.48783196453431,3.50977340720965,3.53734461479074,3.56951276578746,3.60573334303943,3.64917607676938,3.7014180833559,3.76071270371454,3.82476719944406,3.89134248305176,3.95935237839094,4.02885855812646,4.10029101085778,4.17047698632621,4.23726326333936,4.30312818505495,4.36674246190841,4.42769608502986,4.4860641317557,4.54344741050919,4.60152282665513,4.6600758719232,4.71999279507041,4.7832685373155,4.85155115079166,4.92357267105119,4.99763293359907,5.07511889888608,5.15814223880931,5.24670321477616,5.34018368825662,5.44022521364239,5.54951265320449,5.66804739427801,5.79660438303426,5.93314041230151,6.07649955216891,6.22827231858808,6.38674713253481,6.55241926815587,6.72768390582374,6.90979205016862,7.096199146186,7.28698377000158,7.48010603131696,7.68645486972856,7.90050013507593,8.11650392756515,8.34184101093202,8.58171191640524,8.84241738519761,9.09791863247002,9.34553313736155,9.62515704741985,9.93749569572071,10.2566981761613
A,Annual,PER,Peru,WB_WDI_SP_POP_65UP_FE_ZS,"Population ages 65 and above, female (% of female population)",F,Female,Y_GE65,65 years old and over,PT_W,Percentage of women,_Z,Not Applicable,2,Two,WB_WDI,World Development Indicators (WDI),0,Units,WB_WDI,World Development Indicators (WDI),A,Normal value,PU,Public,3.9141087859902,3.926544166198,3.99662709276016,4.11493568881681,4.22370793838097,4.31730827028637,4.38958348152838,4.44467508519764,4.48144625885034,4.5023964769735,4.51213611901595,4.5546349491886,4.6454328549089,4.67307499625305,4.63929639427475,4.61615800399948,4.5926167635266,4.55136291614743,4.48619191352892,4.4117549594808,4.313098847958,4.2002135111302,4.09965913257412,4.01051702964586,3.93578129542266,3.87645123636907,3.83256475988407,3.80332156594499,3.78555448956899,3.77723886569512,3.7777981234939,3.78878264503672,3.80864582663266,3.83729278626215,3.9026262689876,4.00470700793843,4.10931757816929,4.20866031790672,4.3035210885107,4.41789904590894,4.58073870591677,4.79740580451648,5.0621020632377,5.36036271453932,5.67378179974782,6.00450827522672,6.35258892636952,6.70202891953527,6.99800355422269,7.2369005266672,7.46738223123939,7.68875546875666,7.91020488860875,8.13688490236916,8.35696170784963,8.55401751990745,8.69496111660977,8.82404000120234,8.94907733748694,9.07873663691441,9.24563458008796,9.34164419421267,9.41814288054955,9.61266474993142,9.87024428986883
A,Annual,PHL,Philippines,WB_WDI_SP_POP_65UP_FE_ZS,"Population ages 65 and above, female (% of female population)",F,Female,Y_GE65,65 years old and over,PT_W,Percentage of women,_Z,Not Applicable,2,Two,WB_WDI,World Development Indicators (WDI),0,Units,WB_WDI,World Development Indicators (WDI),A,Normal value,PU,Public,2.26817864594445,2.2360686609618,2.2145937581329,2.20204397377109,2.19780725121382,2.20208373284813,2.21411522445089,2.23268332167842,2.25689442367744,2.28457314640808,2.31626043910203,2.35900084416504,2.41274029097721,2.47264660467584,2.53760621050227,2.60606170850019,2.67151620225524,2.73283124592901,2.7916737322661,2.84827064935858,2.90540862115465,2.96120635553676,3.01152616456168,3.05523597516562,3.09549239786601,3.1358170277214,3.17490290161169,3.20820782216033,3.23833305706641,3.27086501560927,3.30041421184946,3.33110574140405,3.36079338985885,3.38903607279709,3.42099999588601,3.45354051771794,3.48901749419322,3.52939772802375,3.57344872211518,3.62003874194402,3.66925426650069,3.72429838624731,3.786129039404,3.85041439721166,3.91436267735636,3.97708664704824,4.03876644371368,4.09425648953091,4.14416375453994,4.18803208713829,4.22691732385937,4.27314969427151,4.33308654666578,4.41898227890644,4.54121007325425,4.68977920704121,4.85206512121964,5.02450434362185,5.20599283016605,5.39338564466195,5.59237411499886,5.7496993847649,5.91861254464932,6.15458317035827,6.40109537166168
A,Annual,PLW,Palau,WB_WDI_SP_POP_65UP_FE_ZS,"Population ages 65 and above, female (% of female population)",F,Female,Y_GE65,65 years old and over,PT_W,Percentage of women,_Z,Not Applicable,2,Two,WB_WDI,World Development Indicators (WDI),0,Units,WB_WDI,World Development Indicators (WDI),A,Normal value,PU,Public,4.88543017725897,4.81266490765172,4.74621641099557,4.66961237196224,4.58688620993825,4.52848252752513,4.52929066067752,4.48889298552862,4.39399487367265,4.3517761424548,4.39020028612303,4.51337457523743,4.67464155425469,4.82128013300083,4.93816982687551,4.99876268250433,5.0157258731998,5.12521840419336,5.37058725112933,5.70947368421053,6.01134535602405,6.14440615281163,6.13441215323646,6.0873794277377,6.11239170177251,6.18572764100966,6.27388048295889,6.46758703481393,6.76979742173112,7.01462284638772,7.18592608356388,7.24667774086379,7.20361868755063,7.12027400869451,7.06850019277728,7.06007642673683,6.99779789576707,6.84775439227679,6.70792808723843,6.6511762997386,6.62114866027885,6.62090094179054,6.73136253996746,6.91834358889074,7.11079483249398,7.19542109566639,7.14560545264662,7.17823159534806,7.31116121758737,7.42857142857143,7.54246622992637,7.75927995764457,8.03198472371405,8.39850800144387,8.84357845207215,9.19095416616278,9.53909514868875,9.99393203883495,10.4430379746835,10.8803225609384,11.3013698630137,11.6964067465167,12.146219206553,12.6399510553686,13.1414574402939
A,Annual,PNG,Papua New Guinea,WB_WDI_SP_POP_65UP_FE_ZS,"Population ages 65 and above, female (% of female population)",F,Female,Y_GE65,65 years old and over,PT_W,Percentage of women,_Z,Not Applicable,2,Two,WB_WDI,World Development Indicators (WDI),0,Units,WB_WDI,World Development Indicators (WDI),A,Normal value,PU,Public,1.01859167750463,1.00607716382451,0.98280023712648,0.953042772919717,0.919491812644646,0.885874281053964,0.860444073223359,0.846317664668076,0.837300439990212,0.830842498952656,0.82759597640675,0.827879581151832,0.828753856667435,0.832065987274424,0.843372564449742,0.863464265242707,0.893620112980431,0.935251487071874,0.989224986449577,1.05618319343999,1.13735540155796,1.21355456485666,1.28194258334348,1.35777729067454,1.43952879540382,1.52570236212214,1.61400430846715,1.70233066837486,1.78786572350736,1.87477047117816,1.98459439580322,2.08837016956349,2.15816046117582,2.21443980093488,2.26370493870883,2.30708991799988,2.34576625024179,2.38017063988066,2.41032342173372,2.43823892944809,2.46486338971864,2.49277390873095,2.52064807159395,2.54427345666223,2.56422379021796,2.58048003367986,2.59348542925066,2.60415817171286,2.61337805089059,2.6222816877085,2.63130863170887,2.64331726045206,2.65738304207433,2.67304772671605,2.70109863587772,2.7453391501414,2.79763625878642,2.85421463025522,2.91574757232322,2.98163611259417,3.05446540220814,3.1308671339027,3.22080470633382,3.33686094515203,3.46823678449233
A,Annual,POL,Poland,WB_WDI_SP_POP_65UP_FE_ZS,"Population ages 65 and above, female (% of female population)",F,Female,Y_GE65,65 years old and over,PT_W,Percentage of women,_Z,Not Applicable,2,Two,WB_WDI,World Development Indicators (WDI),0,Units,WB_WDI,World Development Indicators (WDI),A,Normal value,PU,Public,6.91924782038691,7.16505778002346,7.41088966609493,7.66307354008052,7.91367665923035,8.22379196743562,8.56963716516912,8.8834074794568,9.19447983812795,9.49064222965564,9.78828755094129,10.0866166062952,10.4018428791845,10.7125374498108,11.0026950949134,11.2796683551144,11.5076820685301,11.7384070985126,11.9445590975704,12.1041681113469,12.122702931001,11.9947777154094,11.8319762267727,11.6283333309326,11.5082144759018,11.491570669257,11.5156227092742,11.6374183013481,11.8470992769416,12.0772278191408,12.339129684706,12.582347070456,12.7862890511342,13.0061313041745,13.2528180971375,13.5299634002697,13.8078561906744,14.0614878402127,14.2942154252117,14.5279495601204,14.7789234953101,15.0327448948976,15.2841186211507,15.5111969343153,15.726642307417,15.9263465546024,16.0894488798121,16.1924236495323,16.2496787379619,16.275382028512,16.321647563352,16.5093663682813,16.8452005257746,17.2648177709623,17.7342606279304,18.2510816269605,18.8113564199455,19.3890417593274,19.9611883445577,20.5291530323901,21.0839069895908,21.5942421804358,22.1154039368305,22.6780225701523,23.2868854711668
A,Annual,PRE,Pre-demographic dividend,WB_WDI_SP_POP_65UP_FE_ZS,"Population ages 65 and above, female (% of female population)",F,Female,Y_GE65,65 years old and over,PT_W,Percentage of women,_Z,Not Applicable,2,Two,WB_WDI,World Development Indicators (WDI),0,Units,WB_WDI,World Development Indicators (WDI),A,Normal value,PU,Public,3.3534819872460737,3.355244052764517,3.3563800010215448,3.3569410419910093,3.3561093400495863,3.3536269165009225,3.349990600548229,3.3446857660622697,3.339244401561424,3.3348952904866107,3.331200020481781,3.3286058686937747,3.326992401791564,3.32530935015254,3.323783206863629,3.322383686127301,3.320738008530094,3.31855998466502,3.3154005695275304,3.312945425480605,3.31236599272387,3.314005121804936,3.314977388275554,3.313817790540812,3.3124342411147647,3.310348270496745,3.30778270410108,3.3086686179677542,3.3042444057174825,3.291817131289028,3.2793744669656006,3.265628993609805,3.249899277274292,3.234546702944213,3.217606179284161,3.2010241179851446,3.1887182937296106,3.175829303718316,3.159108057521596,3.1440596232332974,3.1321571862759514,3.1200504793844406,3.1082695355105123,3.0966620125663376,3.0843721668454176,3.0712316372838884,3.0581099393528155,3.0459847893514262,3.0349642930680343,3.0258057273648897,3.0211735355864846,3.0209928243146424,3.0231312744237804,3.025719975870761,3.0272095757851982,3.0322292780003943,3.041127936892089,3.054302017325457,3.076628152644839,3.1033528673905773,3.1248730487783565,3.1420346019769347,3.163887647084662,3.192780807046804,3.224894260400008
A,Annual,PRI,Puerto Rico,WB_WDI_SP_POP_65UP_FE_ZS,"Population ages 65 and above, female (% of female population)",F,Female,Y_GE65,65 years old and over,PT_W,Percentage of women,_Z,Not Applicable,2,Two,WB_WDI,World Development Indicators (WDI),0,Units,WB_WDI,World Development Indicators (WDI),A,Normal value,PU,Public,4.90253180722841,5.10627697071516,5.30493644198943,5.50776552628063,5.70528017304582,5.89472566649459,6.08941946519756,6.30093260693657,6.53480517637596,6.79185353644437,7.00124077698063,7.13697673214329,7.26041740968324,7.38263783809545,7.502288752726,7.62727485179931,7.75920100456976,7.89336763382906,8.02984352521869,8.16942702127869,8.28018937052083,8.35898482545281,8.44072012807314,8.54057041605775,8.66562220646357,8.81616786361482,8.9832154228048,9.17010944815326,9.38203939751529,9.60264040987116,9.84730060731406,10.1372164811695,10.4523788221595,10.7616720436648,11.0519005371442,11.3255617692236,11.5861113470441,11.8420007755424,12.0991656665861,12.355001584043,12.6518272428613,13.0234873688453,13.4522848565036,13.9255038112646,14.4275706412893,14.9488142705214,15.4917076175683,16.0523574363182,16.5987664668878,17.0975906043444,17.4283284007997,17.6211772583679,17.8799813973531,18.2845434669134,18.8449400525405,19.5386471045721,20.3311328060044,21.4203700582509,22.4989567585441,23.2711985940733,24.0785974132717,24.901115355909,25.596422008037,26.153753278023,26.7414021678658
A,Annual,PRK,"Korea, Dem. People's Rep.",WB_WDI_SP_POP_65UP_FE_ZS,"Population ages 65 and above, female (% of female population)",F,Female,Y_GE65,65 years old and over,PT_W,Percentage of women,_Z,Not Applicable,2,Two,WB_WDI,World Development Indicators (WDI),0,Units,WB_WDI,World Development Indicators (WDI),A,Normal value,PU,Public,3.85267084783086,3.94020094558225,4.01303183649406,4.06684364001097,4.11097908453892,4.15092275646431,4.18240502730343,4.20122369190046,4.21377100294249,4.22499841777018,4.23226068935705,4.23999773160418,4.24745228296549,4.26007944154348,4.28079403673702,4.30283529187085,4.32753836495466,4.35569145782742,4.38601469059235,4.4226549767522,4.47240480999943,4.54480851629775,4.64306705128969,4.76399759704147,4.90260870631122,5.05315001239957,5.21584664530542,5.39054536126583,5.57614837406292,5.77110451854297,5.97443137345743,6.18696885290996,6.41191592288416,6.65196173767306,6.91738526920571,7.18054264083406,7.4339068062536,7.70048376181848,7.98540885029579,8.29522065069308,8.62551635683262,8.97925534703174,9.35846884833714,9.77820233466444,10.2169147496235,10.6364878277673,11.0294823638263,11.3877477183188,11.707813581514,11.9911319288342,12.2526580404095,12.5099543958753,12.7522882292376,12.9518959008285,13.1069354630296,13.2571921411543,13.2355865513153,13.054194123893,12.9619395865162,12.9930257664076,13.1066687561074,13.2404093224338,13.4879859563015,13.8695960943094,14.1908729404057
A,Annual,PRT,Portugal,WB_WDI_SP_POP_65UP_FE_ZS,"Population ages 65 and above, female (% of female population)",F,Female,Y_GE65,65 years old and over,PT_W,Percentage of women,_Z,Not Applicable,2,Two,WB_WDI,World Development Indicators (WDI),0,Units,WB_WDI,World Development Indicators (WDI),A,Normal value,PU,Public,9.14283404226618,9.27356674009236,9.40920838433665,9.52972345256022,9.59219348081488,9.81030130744357,10.0667967484234,10.213891520152,10.4253797811112,10.6323750486234,10.9257061520728,11.1845412167011,11.3425417397459,11.5194601243739,11.6416195602082,11.8606015284295,12.1042666140547,12.2769250359731,12.4769065663778,12.6843922910241,12.9111468510547,13.1116223401646,13.2744807615676,13.3865320579984,13.4874959655645,13.695311851364,13.9827631558349,14.2756209878089,14.5860029059878,14.9349187703243,15.2996931221113,15.6654529814488,16.0158075177415,16.3249027703958,16.6196808941631,16.9168889151307,17.1953775149581,17.4654608761533,17.7304833107673,17.9509218151332,18.1975623863785,18.4866850119045,18.7332061580553,18.949773924479,19.2059219442827,19.4596533004962,19.6836251647805,19.9065521368663,20.1497406319288,20.4434144698502,20.8046179891219,21.1483743071921,21.4708835738504,21.907227336798,22.3922792297506,22.8379977905806,23.2794608471456,23.7359305054878,24.1654281762765,24.594656616685,25.0419721794645,25.4626859148953,25.8820217581531,26.3445583506188,26.7956318995705
A,Annual,PRY,Paraguay,WB_WDI_SP_POP_65UP_FE_ZS,"Population ages 65 and above, female (% of female population)",F,Female,Y_GE65,65 years old and over,PT_W,Percentage of women,_Z,Not Applicable,2,Two,WB_WDI,World Development Indicators (WDI),0,Units,WB_WDI,World Development Indicators (WDI),A,Normal value,PU,Public,4.31231867382462,4.2904514153688,4.27353043450336,4.30545208030561,4.37437454659108,4.42439904614126,4.45910630262069,4.48286876552613,4.49749600352073,4.50327729133955,4.50059579680333,4.47899996906852,4.42857313380576,4.42152140678728,4.4552014888526,4.48934602545201,4.55180747870729,4.63338263418075,4.71522139072939,4.77137968756276,4.78180453899215,4.75046454236367,4.65634017832049,4.52242643991171,4.40518312386202,4.31138319155488,4.24161694168551,4.19346197614972,4.16502667932724,4.15532699852982,4.16442367627729,4.19158060182115,4.23378953388755,4.28456976342705,4.33376043458644,4.37351450910748,4.40165201187322,4.41862748154771,4.42879261465241,4.44130693871305,4.46527572177009,4.50720193077057,4.56788902660186,4.64336532190511,4.72619047395917,4.81643474414208,4.92600179394035,5.05725937331703,5.19908242289953,5.34150858981627,5.47578791977864,5.59995410214664,5.72116887843234,5.84845890483033,5.98136862645501,6.10785851036969,6.23046017421832,6.35804837520632,6.49303904955468,6.63725748959863,6.77995700765882,6.85390872208882,6.93207817789139,7.09878044920082,7.29681042489559
A,Annual,PSE,West Bank and Gaza,WB_WDI_SP_POP_65UP_FE_ZS,"Population ages 65 and above, female (% of female population)",F,Female,Y_GE65,65 years old and over,PT_W,Percentage of women,_Z,Not Applicable,2,Two,WB_WDI,World Development Indicators (WDI),0,Units,WB_WDI,World Development Indicators (WDI),A,Normal value,PU,Public,3.89612355288326,3.78854134234238,3.66939474616444,3.54628324135709,3.4274257878559,3.31446956775943,3.20606303983317,3.10327897815701,3.00857141574285,2.9237411946269,2.84766665193793,2.78064701622865,2.72298676693054,2.66990311577978,2.61686153387073,2.56540169369381,2.51775373484137,2.47364445221766,2.43293381063494,2.39847740792662,2.37205207599123,2.35016194118967,2.33370820028999,2.32396957916348,2.32200823108177,2.32600208638561,2.33616427866156,2.35215917542672,2.36688354291684,2.37640941799732,2.38236908043925,2.38641736825856,2.38584624295202,2.38710643139868,2.39469232522705,2.40613771955306,2.42139582489756,2.44130218832154,2.47041871885844,2.5080287100848,2.54802419328976,2.59586724906819,2.6566972539941,2.72273441519614,2.78597717795124,2.84527252095611,2.90073004720606,2.9521783481602,3.00098726465107,3.04803329262234,3.0940288842521,3.14134934991507,3.19187680193922,3.24184143062244,3.31450542322086,3.39696561679179,3.47288799102152,3.55649896627632,3.643581020928,3.73799665192434,3.829467121997,3.90765062855513,4.00209409284749,4.12622113009651,4.21428739206401
A,Annual,PSS,Pacific island small states,WB_WDI_SP_POP_65UP_FE_ZS,"Population ages 65 and above, female (% of female population)",F,Female,Y_GE65,65 years old and over,PT_W,Percentage of women,_Z,Not Applicable,2,Two,WB_WDI,World Development Indicators (WDI),0,Units,WB_WDI,World Development Indicators (WDI),A,Normal value,PU,Public,3.077987696602093,3.007105449491509,2.9481710532026013,2.90032280616142,2.8678610035791423,2.847647812191967,2.8421018517642134,2.842642134357896,2.847227842992088,2.853281905978958,2.859442253236567,2.8752195234784423,2.895873628730828,2.9127260454611457,2.915868491011751,2.9142066500948074,2.9147846738195504,2.917865968235907,2.930560772718267,3.0112416788380707,3.093773445670982,3.1162174990520435,3.1367967604026106,3.15769836407804,3.178565021467382,3.196717069156442,3.2161107376142124,3.2369071517373764,3.258640195182552,3.2840416009940707,3.3077010555706154,3.327422813238831,3.355927430093699,3.3944119668431205,3.43277257326531,3.463240354128793,3.485317263868066,3.5152016459123936,3.554240816404456,3.598738867881717,3.652919073722321,3.716634904420236,3.783054227122962,3.849803794576202,3.9207808226635072,3.991454925704523,4.06163981605403,4.13359185519986,4.202227453682713,4.266567875282019,4.338089809277851,4.426626557652099,4.5172401972703184,4.606629927773264,4.703261782993255,4.79806287542186,4.890152115070093,5.000157364248807,5.125867717604096,5.244457476777425,5.347753601798286,5.427454612277246,5.509566935171203,5.6138658071747765,5.728370702458698
A,Annual,PST,Post-demographic dividend,WB_WDI_SP_POP_65UP_FE_ZS,"Population ages 65 and above, female (% of female population)",F,Female,Y_GE65,65 years old and over,PT_W,Percentage of women,_Z,Not Applicable,2,Two,WB_WDI,World Development Indicators (WDI),0,Units,WB_WDI,World Development Indicators (WDI),A,Normal value,PU,Public,9.893932628278325,10.056383492661237,10.20252161208908,10.334552668219118,10.47881326364432,10.672910695311588,10.871340078458186,11.05823881524817,11.241186501688166,11.41308233643842,11.596972782063114,11.77611709230939,11.975546789633214,12.181248941930413,12.392682550428791,12.613898886933228,12.837280743358589,13.073313445937224,13.315532669980753,13.533984993423417,13.687870652787192,13.75110105169889,13.770743509313826,13.789052342601964,13.865914227682046,14.04478334191895,14.272815360516605,14.507187396151451,14.739798758832643,14.95253822629694,15.15165503121419,15.344467377625373,15.52803759243363,15.699676926348287,15.8979599040806,16.061810025725144,16.18222787855743,16.32101811130144,16.445016940296085,16.55714626411628,16.682871332055157,16.834812462107337,16.995483106162435,17.14889631449276,17.32128604025631,17.51911868246099,17.720452020895618,17.912134764480918,18.08405408723926,18.252559052378054,18.398101364230403,18.6015789261462,18.938533475140343,19.30312566908453,19.656278488671923,19.99083024650216,20.29903806672488,20.609735648249814,20.9239000313878,21.24734909091837,21.59007281589921,21.94817109663051,22.3136827933667,22.712483129171385,23.12645190526237
A,Annual,PYF,French Polynesia,WB_WDI_SP_POP_65UP_FE_ZS,"Population ages 65 and above, female (% of female population)",F,Female,Y_GE65,65 years old and over,PT_W,Percentage of women,_Z,Not Applicable,2,Two,WB_WDI,World Development Indicators (WDI),0,Units,WB_WDI,World Development Indicators (WDI),A,Normal value,PU,Public,2.37510438669745,2.37271438525673,2.35588560148521,2.33622983203352,2.31277654562106,2.28988102852757,2.27176767416714,2.26368555060471,2.25694611181007,2.2438870542837,2.2355883433878,2.27606397303472,2.36322188449848,2.44959611216917,2.52712769779864,2.59779618606531,2.66484015500121,2.74628666436154,2.84592807887388,2.94200712253656,3.02101722013123,3.08156282019062,3.12548718812165,3.1597075351985,3.19178315617527,3.22006240874868,3.24466334595798,3.27345851789451,3.31236386184528,3.36348526662973,3.43228435452071,3.51639726993652,3.59978360358516,3.67030010579579,3.7331275061654,3.81186582750971,3.91304347826087,4.04317739009697,4.19923722215135,4.36432965712235,4.52320660763753,4.65727111389498,4.80681547447894,4.99246260603881,5.18857606477965,5.40559596695536,5.62938196868147,5.84032604261581,6.05175986568451,6.26598561670629,6.47682545383798,6.68016194331984,6.88180950760742,7.10540230898035,7.35564881015317,7.60288785124596,7.84503684282555,8.16541196827893,8.61374463128514,9.1075474986927,9.54964573777695,10.0087265406327,10.5437656202597,11.1067102591062,11.7180151783855
A,Annual,QAT,Qatar,WB_WDI_SP_POP_65UP_FE_ZS,"Population ages 65 and above, female (% of female population)",F,Female,Y_GE65,65 years old and over,PT_W,Percentage of women,_Z,Not Applicable,2,Two,WB_WDI,World Development Indicators (WDI),0,Units,WB_WDI,World Development Indicators (WDI),A,Normal value,PU,Public,3.65901898734177,3.55390877778938,3.42417061611374,3.28651565109408,3.14743342338865,3.0025905384495,2.87063385346634,2.7564246436988,2.64502327922486,2.55175298759737,2.46525154466328,2.38260601149824,2.3082267801229,2.23631621731473,2.16714072870107,2.09870606092484,2.03357096196995,1.96920512665417,1.9003873400948,1.82807399347116,1.75492982002928,1.67913195751436,1.59884173490675,1.51399031876863,1.42697944998489,1.33662515713033,1.28124688991489,1.26726729209994,1.25970794082854,1.25568395144133,1.25722275016111,1.26330159619154,1.27303543809874,1.28452464468522,1.29866058974174,1.31775454625318,1.34023731964264,1.35549641391132,1.36335162427309,1.3684202433943,1.3675046463856,1.36308614106177,1.35661298510767,1.34687786763634,1.34152172855916,1.34300326283618,1.3963125662721,1.52299275469466,1.56207474361407,1.46338637060954,1.41254723391067,1.46767125394019,1.55091705335954,1.59146534815144,1.54060318230234,1.5075875100603,1.57488128034403,1.6432577742138,1.66507618119976,1.66642692990878,1.78980359354806,1.95632481989015,2.07316496594358,2.22867240701687,2.30842552472134
A,Annual,ROU,Romania,WB_WDI_SP_POP_65UP_FE_ZS,"Population ages 65 and above, female (% of female population)",F,Female,Y_GE65,65 years old and over,PT_W,Percentage of women,_Z,Not Applicable,2,Two,WB_WDI,World Development Indicators (WDI),0,Units,WB_WDI,World Development Indicators (WDI),A,Normal value,PU,Public,7.93460769484285,8.05174109957387,8.21397705886682,8.41938243668644,8.64213983345464,8.8724555526926,9.11380620833983,9.31226110077765,9.45470262971405,9.58186945871861,9.70389332968034,9.84557899475064,10.0280684511697,10.2314254782085,10.4419702263179,10.6888141069325,10.954072139327,11.2540324254545,11.5426692908147,11.7691812357538,11.8772101700206,11.820791903238,11.6020183824726,11.2587886473755,11.1443537546046,11.2730739962041,11.4406879669732,11.6487927312046,11.8358940772456,12.0180689644757,12.2279455106085,12.4507389782223,12.7113150369497,13.0340184636941,13.3716149581166,13.7277082142334,14.0729067832617,14.4042615530419,14.7295318158209,15.0335299953627,15.3476621760102,15.7020798170181,16.0922389973799,16.4681849357997,16.8124273593547,17.0956412831631,17.3360389546451,17.5650586596649,17.7960437666824,18.0846412641215,18.3687008165622,18.6488543778213,18.904939176307,19.1392361860237,19.535040499157,20.0175085972326,20.4449486636109,20.8460358616911,21.2519175419387,21.6813253878153,22.1789217119294,22.5679857710059,22.8069949116408,23.0886727387897,23.3620815202116
A,Annual,RUS,Russian Federation,WB_WDI_SP_POP_65UP_FE_ZS,"Population ages 65 and above, female (% of female population)",F,Female,Y_GE65,65 years old and over,PT_W,Percentage of women,_Z,Not Applicable,2,Two,WB_WDI,World Development Indicators (WDI),0,Units,WB_WDI,World Development Indicators (WDI),A,Normal value,PU,Public,7.6205363539079,7.81004773640849,7.95338178253006,8.13347400173062,8.35767676116318,8.64640907341322,8.97908366591087,9.28725165977548,9.64046576351524,9.99473857802201,10.2812562733146,10.589108929833,10.9431519561445,11.2818745778282,11.6441073569419,12.0191288579227,12.3929174103707,12.8013768934314,13.2020925638404,13.5462228182187,13.774464309738,13.7515488560577,13.5679910863985,13.4506791503932,13.3751522006174,13.2389406737495,13.1279215840753,13.1100561970348,13.2031937503236,13.4596477136585,13.8175833396145,14.213154499235,14.6801955202529,15.1217813396179,15.4280898844559,15.6711536498539,15.861373163362,15.9945966562987,16.0133145219998,15.9004399722909,15.8698759160407,15.9992422200629,16.2626348480726,16.630745349716,17.0254528748359,17.3346698207512,17.5190238763223,17.46561857351,17.087186399151,16.5881386700339,16.1872566790478,16.0681091652507,16.1983103830268,16.3824000610071,16.693885905257,17.0898706003578,17.44734021962,17.8473393346553,18.2738836025444,18.758737343996,19.2294906630009,19.5381052992274,19.9325039228323,20.529026356947,21.1827915767278
A,Annual,RWA,Rwanda,WB_WDI_SP_POP_65UP_FE_ZS,"Population ages 65 and above, female (% of female population)",F,Female,Y_GE65,65 years old and over,PT_W,Percentage of women,_Z,Not Applicable,2,Two,WB_WDI,World Development Indicators (WDI),0,Units,WB_WDI,World Development Indicators (WDI),A,Normal value,PU,Public,3.27318814322698,3.28292612865646,3.29804668026568,3.31079003060246,3.31300395574565,3.30224475942375,3.27555932715984,3.23488068116934,3.18762124524846,3.14169065023443,3.10014572714948,3.06259964752155,3.02910090056966,3.00293358961253,2.97993194353907,2.95252632346662,2.92396308714675,2.89738835561672,2.87015492006028,2.83605903086666,2.79560693003505,2.74851124790766,2.69389933701592,2.63861135610621,2.59192737615948,2.55747522287407,2.53282285990493,2.51670803330815,2.50772833374948,2.50411274337578,2.50514889458413,2.5096089046464,2.50703442445159,2.49327689190299,2.31246653912522,2.05104329376886,2.03729416266276,2.02495679791341,2.0814712434681,2.21482271863588,2.3645629974252,2.53334768385764,2.69817674713452,2.80835783974286,2.87984838392627,2.94973195945686,3.01359188259441,3.07397289130452,3.13100129291486,3.18102488367757,3.22277443115781,3.26049584518167,3.30344700866279,3.35382143329907,3.41723686481468,3.50023234859562,3.59778069239548,3.70614748881298,3.82170580549815,3.94191860604167,4.06956922467685,4.20796613073744,4.33250329029821,4.44353546053279,4.56030858656455
A,Annual,SAS,South Asia,WB_WDI_SP_POP_65UP_FE_ZS,"Population ages 65 and above, female (% of female population)",F,Female,Y_GE65,65 years old and over,PT_W,Percentage of women,_Z,Not Applicable,2,Two,WB_WDI,World Development Indicators (WDI),0,Units,WB_WDI,World Development Indicators (WDI),A,Normal value,PU,Public,3.3652561160070413,3.3954031403624643,3.4441889992459256,3.5003001542001857,3.547690239379376,3.5803260641963344,3.600151753293177,3.609149225314645,3.616849538135676,3.633475839841597,3.656363839508801,3.680643892247976,3.714697970171565,3.7591400008675664,3.802563466368272,3.843773718880511,3.883682954906901,3.9203669725802937,3.955070627876224,3.9870857743143775,4.0156557551765335,4.041813162207101,4.066002491178783,4.08906773873248,4.111026623400604,4.132517081866537,4.154120205016844,4.176920766820564,4.201644967441558,4.228116467236179,4.257241567256533,4.288925943440374,4.322489626566172,4.358956837910685,4.399539031560794,4.443019269291185,4.488940661207594,4.538255179262393,4.590917356073378,4.646801840155894,4.704917050319898,4.765543659377751,4.831321929697225,4.900077332805664,4.964492105570007,5.025083617198952,5.08499958850446,5.1464739398307975,5.212800492987771,5.284059556371783,5.362801584034433,5.452776956989931,5.553105481386615,5.656710831366314,5.789463129336712,5.956225627358615,6.134923947558247,6.324871235926694,6.5259345272234,6.734148546698922,6.933186526418527,7.070586355851911,7.226463410966082,7.447786372384372,7.671427718992065
A,Annual,SAU,Saudi Arabia,WB_WDI_SP_POP_65UP_FE_ZS,"Population ages 65 and above, female (% of female population)",F,Female,Y_GE65,65 years old and over,PT_W,Percentage of women,_Z,Not Applicable,2,Two,WB_WDI,World Development Indicators (WDI),0,Units,WB_WDI,World Development Indicators (WDI),A,Normal value,PU,Public,3.57684698928902,3.55010953846953,3.51948661762404,3.48537273024637,3.44839750875119,3.40949522546577,3.3690259611925,3.32615434881794,3.28015242333495,3.23098599694229,3.17839364604764,3.12027030661236,3.05559597173888,2.98678545515221,2.91618760358961,2.84693487415568,2.77955710102489,2.71299246434628,2.64846730628897,2.58722393258631,2.53039764544331,2.47671505916158,2.42548348190843,2.37897899529999,2.33936022874129,2.30741067735265,2.2800536706728,2.25683928625753,2.24259004554265,2.23609455079599,2.23465082504052,2.23852280572577,2.24745358896792,2.26132447236979,2.27930484198014,2.30102012768944,2.32692513357613,2.35724274655036,2.39166613588328,2.4300148753843,2.47187589169139,2.5143480579185,2.55542783350974,2.59532397906677,2.63344044447293,2.66965851927386,2.70408399281099,2.73585856384513,2.76301029657561,2.78257681812727,2.79124541685795,2.78639852621756,2.76611039630511,2.72889431744699,2.67670759271922,2.61131078572227,2.57150834384031,2.61363985451945,2.71503960331245,2.81263800019107,2.90519873891364,3.02179280485651,3.11858395760155,3.22029824868834,3.35522687697063
A,Annual,SDN,Sudan,WB_WDI_SP_POP_65UP_FE_ZS,"Population ages 65 and above, female (% of female population)",F,Female,Y_GE65,65 years old and over,PT_W,Percentage of women,_Z,Not Applicable,2,Two,WB_WDI,World Development Indicators (WDI),0,Units,WB_WDI,World Development Indicators (WDI),A,Normal value,PU,Public,3.07388939844005,3.04585878582794,3.01345463143317,2.97973412065906,2.94739811028064,2.91644372968726,2.88795571279051,2.86214937139336,2.83926103399361,2.81951423740908,2.80224035587277,2.78745436372664,2.77595807927954,2.7528230995325,2.73333892224073,2.72562974871919,2.71664361534698,2.70757956275403,2.68830856757942,2.66570392646479,2.64465482150864,2.62806474714082,2.61455127628233,2.60177389233674,2.62517191131165,2.68133659165954,2.74490433464719,2.81282009588355,2.87842332080639,2.94114034902979,3.00111473710981,3.05694053539758,3.10668837614966,3.14295420142154,3.16190520717081,3.16900696945639,3.17325403293647,3.16529963217295,3.13888644221651,3.10328031916559,3.05878430868049,3.00878152863397,2.95509709090495,2.89882563721455,2.83154308001431,2.75468598759752,2.68472193007819,2.62384319685258,2.5623184179634,2.50548624044853,2.46344350829092,2.43510280162159,2.41931816385779,2.41466085651886,2.41736964213294,2.43454644260943,2.47178054179386,2.52343513301669,2.58947572337882,2.67132434272884,2.76013156357587,2.84758022344817,2.94477160221726,3.0606916734257,3.18350050050688
A,Annual,SEN,Senegal,WB_WDI_SP_POP_65UP_FE_ZS,"Population ages 65 and above, female (% of female population)",F,Female,Y_GE65,65 years old and over,PT_W,Percentage of women,_Z,Not Applicable,2,Two,WB_WDI,World Development Indicators (WDI),0,Units,WB_WDI,World Development Indicators (WDI),A,Normal value,PU,Public,3.07413975551472,3.04193265093976,3.01462106893548,2.99187984312302,2.97253397128162,2.95573556734959,2.94138723783329,2.92973365789101,2.92037541223129,2.91269677547194,2.90708212813256,2.90377442804959,2.90230060361675,2.90320823010039,2.90599488003839,2.91102817940416,2.91941718318411,2.93115586897358,2.94558517697354,2.96231308935927,2.98080813577524,2.9998800495706,3.01957605685162,3.04065829368835,3.06375097328851,3.08877958380677,3.11621790632858,3.14608660230468,3.1777857663432,3.21138699396757,3.24512399690715,3.27822019516441,3.31137352332285,3.34351425455207,3.3743172073536,3.40307340936651,3.4283183666764,3.44969043155174,3.46695278129623,3.47915872359071,3.48722116771319,3.49481531163959,3.53669889676962,3.59802301628318,3.64354215630656,3.6831732560827,3.71920212781975,3.75472826043077,3.78969636332371,3.82476104077626,3.85910250799381,3.8825473827578,3.89668285077244,3.87670740487501,3.82437184697164,3.77696234315235,3.73719514205528,3.705556072546,3.68425935254002,3.67489707054635,3.67620938320284,3.6797080845127,3.68760494325831,3.72272823226337,3.77717717803548
A,Annual,SGP,Singapore,WB_WDI_SP_POP_65UP_FE_ZS,"Population ages 65 and above, female (% of female population)",F,Female,Y_GE65,65 years old and over,PT_W,Percentage of women,_Z,Not Applicable,2,Two,WB_WDI,World Development Indicators (WDI),0,Units,WB_WDI,World Development Indicators (WDI),A,Normal value,PU,Public,2.97475744477411,3.03927556123816,3.10615540057181,3.18086287666859,3.26424265408104,3.35179275864025,3.44169451394878,3.53942654716403,3.6495875815202,3.77125370876487,3.89612718412799,4.01697184150632,4.14086138879314,4.27309156208738,4.4130106423457,4.56324436937856,4.7229169444193,4.88982871902976,5.05308908288404,5.19877871613259,5.30622914237801,5.36301461800055,5.42501284772608,5.52904017783589,5.65966579404936,5.81668210259665,5.98342898942156,6.13281863434338,6.24273928016448,6.29655112801452,6.28971924556216,6.27665082281064,6.33067939571271,6.42728359612477,6.51411647022388,6.57749678128937,6.62484530482649,6.67809468431122,6.77793336954957,6.94607473521665,7.1113708822568,7.21972915593321,7.31643275408767,7.47759872542044,7.73554627843238,8.01242038639516,8.22142335397876,8.31894234043697,8.38289480580176,8.49205253001521,8.57430994694127,8.71398863520354,9.05102152911739,9.5015894877621,9.95642042705252,10.3919929989539,10.8323735981044,11.3176241949077,11.8374046344035,12.3896756477284,13.0636915722177,13.776520831172,14.2408900487604,14.6635968708249,15.2363267690852
A,Annual,SLB,Solomon Islands,WB_WDI_SP_POP_65UP_FE_ZS,"Population ages 65 and above, female (% of female population)",F,Female,Y_GE65,65 years old and over,PT_W,Percentage of women,_Z,Not Applicable,2,Two,WB_WDI,World Development Indicators (WDI),0,Units,WB_WDI,World Development Indicators (WDI),A,Normal value,PU,Public,2.54724608769902,2.49508376088596,2.45890965912379,2.44494623808142,2.45773921233232,2.48723193844236,2.52099727101714,2.55566850771492,2.5960553116658,2.63951175518575,2.66716527739243,2.67907086289634,2.68700781748106,2.69156932651999,2.68765963935801,2.67541886133242,2.65260826998683,2.62403211930026,2.60699999523226,2.60574486966678,2.61648411610482,2.63476797512964,2.65669715968305,2.6805409034238,2.7074947657934,2.73639926620861,2.76504028583414,2.7849872328518,2.80092631721293,2.82401640067878,2.85160032658435,2.88127645358727,2.91434273597177,2.94748540941456,2.98005663001167,3.01161899240661,3.03780762567269,3.06193547399129,3.08437534086289,3.10518728514881,3.1290586707324,3.1561147996443,3.18296220218277,3.20870288739002,3.23427787616766,3.25968450819393,3.28598565986161,3.31197019555067,3.3356767743508,3.35590628044334,3.37389093799621,3.39533816443,3.42249614242265,3.45692899355362,3.5025148301992,3.5604983801365,3.63150550080592,3.71305534568281,3.80111891909066,3.8411339298523,3.82272207186393,3.78934200583327,3.76769628877461,3.76881401369036,3.78454932727865
A,Annual,SLE,Sierra Leone,WB_WDI_SP_POP_65UP_FE_ZS,"Population ages 65 and above, female (% of female population)",F,Female,Y_GE65,65 years old and over,PT_W,Percentage of women,_Z,Not Applicable,2,Two,WB_WDI,World Development Indicators (WDI),0,Units,WB_WDI,World Development Indicators (WDI),A,Normal value,PU,Public,4.14662817895061,4.1925900228134,4.23346880935441,4.2692895347809,4.30016778204744,4.32686638570218,4.35007216785049,4.36994153277896,4.38690121281866,4.40107709823745,4.41257661992931,4.42170087622103,4.42865606321435,4.43359885154632,4.43633962520689,4.43729202258961,4.43722441401717,4.43574060300604,4.43226510936236,4.42690631357381,4.42015057682238,4.41156063233165,4.40036213788377,4.3867332947223,4.37064610152352,4.35182860037494,4.33047426148568,4.30717516126891,4.28237288313882,4.25604180976586,4.22773805358971,4.19590182098446,4.16009339531271,4.12389244397768,4.08417276022865,4.0411010030765,3.99863902933729,3.95818279088516,3.91542190173102,3.87325360435577,3.83350842878806,3.79679927548552,3.76428539630249,3.73336449626045,3.70380974899695,3.67555950147534,3.6502019944586,3.62865261300608,3.61166549396606,3.60020155426193,3.59124250631205,3.57946980010432,3.56756994558482,3.54489199389753,3.50400924218242,3.47481420453919,3.46424373104375,3.45845910296791,3.45897320673105,3.46723187752092,3.47945739842852,3.49663365921951,3.52493152559952,3.56150948022615,3.60279608832027
A,Annual,SLV,El Salvador,WB_WDI_SP_POP_65UP_FE_ZS,"Population ages 65 and above, female (% of female population)",F,Female,Y_GE65,65 years old and over,PT_W,Percentage of women,_Z,Not Applicable,2,Two,WB_WDI,World Development Indicators (WDI),0,Units,WB_WDI,World Development Indicators (WDI),A,Normal value,PU,Public,3.50854450655647,3.46443089640991,3.45452086668723,3.47668342751014,3.49775890585363,3.51672385485126,3.53417398661372,3.54862991832874,3.55603139221802,3.55305550253702,3.49061354487873,3.38541666666667,3.29698483735846,3.22093253950658,3.15378421940005,3.09379929608455,3.05060034021407,3.0250985804234,3.00789847830988,2.99498413711207,2.9864662460759,2.9837277902125,2.98141484997404,2.97517979234113,2.9744062433041,2.98848040124648,3.01979599954819,3.05963451638277,3.10917195921998,3.1783232103452,3.2565086218225,3.34208746644659,3.43270760286326,3.57498547167702,3.77686864600469,3.99221864420551,4.2215222844042,4.46250629799236,4.7102897349766,4.96245575560358,5.22034733613819,5.48451078079785,5.75653049446523,6.04116677512179,6.3394589512714,6.65098684567494,6.97352654947511,7.15845896190021,7.20753015036276,7.26928153985374,7.34869230448325,7.44506172781411,7.55273947796284,7.67240994332553,7.80415009518674,7.94958671382291,8.11258907560839,8.28947905756831,8.47409975509463,8.65914313053422,8.80491313049315,8.91649294011112,9.07075666705794,9.26826124194287,9.47470585291872
A,Annual,SMR,San Marino,WB_WDI_SP_POP_65UP_FE_ZS,"Population ages 65 and above, female (% of female population)",F,Female,Y_GE65,65 years old and over,PT_W,Percentage of women,_Z,Not Applicable,2,Two,WB_WDI,World Development Indicators (WDI),0,Units,WB_WDI,World Development Indicators (WDI),A,Normal value,PU,Public,11.1396067600447,10.9726326609277,10.7958825006277,10.6008583690987,10.4355118912119,10.30345800988,10.2482125210719,10.2240654340188,10.2271430202032,10.2796331937054,10.3070175438596,10.3469297273332,10.4445286696627,10.5895546299263,10.8332446525487,11.0592230948843,11.2465695587925,11.5936935127536,11.9306270249666,12.1531683539558,12.2931879101581,12.3168895176379,12.4063205417607,12.6303073687978,12.9275877387828,13.3139483654948,13.7703916950188,14.2547566419625,14.5900442382854,14.7908197831978,15.0381902416628,15.3906282140947,15.7258718572587,15.9319597508385,16.1470195554857,16.4482078645169,16.6545898325769,16.7500658414538,16.8312054631829,16.8716597115455,16.9392987397537,17.033632606527,17.1218672009561,17.2475982381299,17.3744909482906,17.5173857268247,17.6819317235637,17.8581993886205,18.0721328489881,18.2981855419373,18.525858814647,18.7828542248656,19.0698213199734,19.3680565574953,19.6691123579341,19.9290089883781,20.1192842942346,20.3048694424841,20.5811206120612,20.8771487058692,21.1645980096165,21.6569849416277,22.3324990650442,22.9786861824649,23.6371092949
A,Annual,SOM,Somalia,WB_WDI_SP_POP_65UP_FE_ZS,"Population ages 65 and above, female (% of female population)",F,Female,Y_GE65,65 years old and over,PT_W,Percentage of women,_Z,Not Applicable,2,Two,WB_WDI,World Development Indicators (WDI),0,Units,WB_WDI,World Development Indicators (WDI),A,Normal value,PU,Public,3.53714472575519,3.56728907006397,3.59345230232135,3.61602481572474,3.63521896421124,3.65130513171676,3.66450830402562,3.67507921473909,3.68312887901547,3.6890277963369,3.69309558421467,3.69527099390289,3.69537572869078,3.69335136580164,3.68570127296608,3.67284624897916,3.6586433700635,3.64664524933822,3.63531248529006,3.62133699063123,3.6053375167706,3.58565431040428,3.56280210322009,3.53889436398066,3.51340154497916,3.4858459404652,3.456080341306,3.42543062170825,3.38692930650841,3.3466363951513,3.31290816953529,3.23023221317519,3.09683592944745,3.02167671842481,2.99791830903513,2.97141743095936,2.94323659071303,2.91099638955865,2.87929159002904,2.85353674251025,2.83352075627132,2.82046684465478,2.81496889285913,2.81138935817969,2.80184930556677,2.78510457630238,2.76511999468948,2.74331532552938,2.72154189946244,2.70196909406368,2.68273794125505,2.64072328771923,2.60622450824777,2.60786989235755,2.62060356429838,2.65136660756151,2.69215226680735,2.72490997704269,2.75390010614316,2.78470888125855,2.80807257681674,2.81072215048735,2.81644766754352,2.84148106941915,2.87057929118338
A,Annual,SRB,Serbia,WB_WDI_SP_POP_65UP_FE_ZS,"Population ages 65 and above, female (% of female population)",F,Female,Y_GE65,65 years old and over,PT_W,Percentage of women,_Z,Not Applicable,2,Two,WB_WDI,World Development Indicators (WDI),0,Units,WB_WDI,World Development Indicators (WDI),A,Normal value,PU,Public,7.55199184753256,7.69002163338822,7.81893750765653,7.97324775008546,8.18714121762727,8.45165628339917,8.73998652453185,9.02279218839343,9.27147305639929,9.49586909013379,9.71384601210622,9.93172208195375,10.1487033139999,10.3646278437794,10.5993968965787,10.8661085196308,11.1456647601911,11.3929668997326,11.5598647070739,11.6137820096386,11.5212106461301,11.2997955441157,11.0280782782387,10.8083021327087,10.7566376595336,10.9034012938639,11.1858657236897,11.543333865296,11.946382965515,12.3800723922986,12.8373416811797,13.3390967335441,13.8855825652693,14.4408326934458,14.9900792511588,15.5334596183428,16.066938334901,16.5810541603192,17.0704384790901,17.5266049250248,17.9412371754895,18.3126125896759,18.6613629774645,18.9803825270798,19.2311065222291,19.4112662698784,19.526012700097,19.577964317182,19.5695793178049,19.532118786398,19.485600394055,19.4921879556486,19.7075311942785,20.1131578581379,20.5879905567747,21.1078203070245,21.6236977799304,22.1479113112968,22.7212501615064,23.2901144897475,23.7898240667817,24.0985069014006,24.3902093060326,24.8161763155298,25.2744182998635
A,Annual,SSA,Sub-Saharan Africa (excluding high income),WB_WDI_SP_POP_65UP_FE_ZS,"Population ages 65 and above, female (% of female population)",F,Female,Y_GE65,65 years old and over,PT_W,Percentage of women,_Z,Not Applicable,2,Two,WB_WDI,World Development Indicators (WDI),0,Units,WB_WDI,World Development Indicators (WDI),A,Normal value,PU,Public,3.420268825092033,3.415840000010428,3.416357426116112,3.4165106829082723,3.41494762095092,3.411247449676652,3.405939147215483,3.3989134157185736,3.391955151032911,3.3859232240534185,3.3790952499432563,3.3702310984205246,3.362023558787388,3.3562469410534685,3.351833814619768,3.348518326447439,3.3454716889458407,3.3447597290965323,3.347020697341179,3.3508556216610126,3.3507234798123,3.3482301238968426,3.350324177614373,3.356188217211589,3.3640354071130862,3.370645814364534,3.374237556548932,3.379486982816558,3.380216170054334,3.373553302827903,3.3667987225716107,3.3602291287864663,3.355206143595784,3.349502365622401,3.3451262600669143,3.3445568915608126,3.347375029945705,3.3508914926148505,3.350966161084592,3.3516220738440685,3.3529945465852853,3.35291684203238,3.3525734647826804,3.35089193224578,3.346959801485744,3.3410829350398195,3.3333027790341028,3.324381013538856,3.3143245914535893,3.303444403532653,3.295273956848934,3.2911782562372607,3.290777585119093,3.292670615015434,3.295302660962355,3.303383209262861,3.317199941568771,3.3364892566821887,3.3648703562715205,3.398428798023968,3.428284259737345,3.45161379012669,3.4797987387824145,3.518022336843571,3.559720225005374
A,Annual,SSD,South Sudan,WB_WDI_SP_POP_65UP_FE_ZS,"Population ages 65 and above, female (% of female population)",F,Female,Y_GE65,65 years old and over,PT_W,Percentage of women,_Z,Not Applicable,2,Two,WB_WDI,World Development Indicators (WDI),0,Units,WB_WDI,World Development Indicators (WDI),A,Normal value,PU,Public,3.07120733358561,3.03125711580338,2.99018329437815,2.93490081277348,2.88425611520236,2.8398949530939,2.7720995133509,2.69842852953771,2.63457522895053,2.57482401991073,2.51889733882417,2.48933456725672,2.48290341081316,2.4915324061388,2.51430593237687,2.53775960321212,2.56154339029416,2.58662591534802,2.61113724921069,2.63184232183568,2.64874466017868,2.66314400451671,2.67610007087714,2.68651945242974,2.69465362377414,2.70535714828584,2.71995823413376,2.72761980789088,2.65648782343988,2.59526084064109,2.62271394504592,2.65139084531175,2.67358070983542,2.68981221108078,2.71882769948927,2.75097733410134,2.77432291798868,2.7948158495269,2.78425231891459,2.77333746142534,2.78832325419495,2.80011243780649,2.80833404394417,2.81369417340115,2.81730359268177,2.81990351787036,2.82285595765883,2.82668396425983,2.83255313477171,2.84226680932736,2.84914712342777,2.85384398728406,2.8625670932866,2.86923534216019,2.87227074582361,2.86585381061014,2.87193333524825,2.91355713570502,2.96738538019744,3.02879105151159,3.10006806299774,3.1790281246524,3.2634450383436,3.34678473276163,3.43476637879324
A,Annual,SSF,Sub-Saharan Africa,WB_WDI_SP_POP_65UP_FE_ZS,"Population ages 65 and above, female (% of female population)",F,Female,Y_GE65,65 years old and over,PT_W,Percentage of women,_Z,Not Applicable,2,Two,WB_WDI,World Development Indicators (WDI),0,Units,WB_WDI,World Development Indicators (WDI),A,Normal value,PU,Public,3.423110377869144,3.417364897904085,3.415707098057563,3.4136189926802074,3.410527063122502,3.406147001246836,3.4005366272896,3.3940637965512965,3.388480025240752,3.383645417046304,3.377732476555356,3.3697222017368142,3.361861631254564,3.355809570193547,3.350606955057577,3.346075934840933,3.34227514621139,3.341013805545844,3.3423622479947124,3.345272976847093,3.3448592931899013,3.3422875624846995,3.343707385441519,3.3472098487653112,3.351183146888661,3.3541467661967848,3.3545786997110065,3.357417098397753,3.3565919534712525,3.348510605302046,3.3397679809653567,3.330646071711389,3.3229202685964188,3.31477342961681,3.307932454081018,3.303862920103787,3.302840574381788,3.303737153711558,3.302278593837791,3.301233365580128,3.301436369221364,3.301072760452105,3.3006171781121125,3.299365571120028,3.2965654655670265,3.2924522315066933,3.286996656464864,3.280893991772039,3.274471425828917,3.268160633025216,3.264991874336292,3.265962549055745,3.2707000127584203,3.2773963389124496,3.2843442175882167,3.294960049490064,3.3098883930681944,3.3303279181669105,3.359497501817074,3.393756717867423,3.424827558219026,3.449385917305986,3.478837863572114,3.5189777960383872,3.563575239296736
A,Annual,SST,Small states,WB_WDI_SP_POP_65UP_FE_ZS,"Population ages 65 and above, female (% of female population)",F,Female,Y_GE65,65 years old and over,PT_W,Percentage of women,_Z,Not Applicable,2,Two,WB_WDI,World Development Indicators (WDI),0,Units,WB_WDI,World Development Indicators (WDI),A,Normal value,PU,Public,5.89237110258552,5.92755892408764,5.959203038899752,5.9960832136782045,6.048195129418045,6.1085131804767965,6.16550707776023,6.216426778288762,6.273013769368985,6.327821791262146,6.3712695386297264,6.412682972962651,6.462179652883871,6.50543263809806,6.54654993764282,6.591999532109854,6.626268202864671,6.653463057316522,6.669959224135136,6.67955567137979,6.673403633678756,6.637811545650793,6.591563232823864,6.551004885204211,6.516240663800287,6.486004111804679,6.478823271324047,6.491256642653586,6.508214379816033,6.534968314024045,6.564334194315326,6.600544322107012,6.658723097993311,6.719156747688711,6.77675714191378,6.838716682143636,6.891562176451708,6.945251283861089,6.997826766835987,7.105496482765154,7.224840758315309,7.298174033100987,7.381309686304511,7.479013697402452,7.586913599698577,7.697221112223071,7.801829124700445,7.89978608900791,7.989924317511974,8.097942696808062,8.220143235909443,8.354319903044958,8.513284509833905,8.684840219897117,8.873637333896825,9.0756731480844,9.2814060103244,9.485966330879046,9.671220574557116,9.8688197537402,10.07673114274625,10.25148633634553,10.451843965706017,10.702982064509545,10.960833587095616
A,Annual,STP,Sao Tome and Principe,WB_WDI_SP_POP_65UP_FE_ZS,"Population ages 65 and above, female (% of female population)",F,Female,Y_GE65,65 years old and over,PT_W,Percentage of women,_Z,Not Applicable,2,Two,WB_WDI,World Development Indicators (WDI),0,Units,WB_WDI,World Development Indicators (WDI),A,Normal value,PU,Public,4.62277299212466,4.71398830177456,4.80081386148207,4.87993680884676,4.95779612280864,5.03646101243608,5.09761548822545,5.14360124430297,5.19326401446655,5.24676899335887,5.23905452591996,5.22215092906622,5.24312032092393,5.25699187397178,5.25733864696734,5.24179711996971,5.2042683979694,5.13351388857802,5.05427334624002,5.00148097998561,5.00226719980214,5.06181408496042,5.07552275522755,5.01671596350428,4.95687013905256,4.88854089904201,4.8085309164801,4.72710064149753,4.65288854391457,4.57799704323848,4.50288563496111,4.47117477149527,4.47685882407738,4.48336839537791,4.49124226487467,4.49794341820112,4.50133224914148,4.50377581332093,4.49940657850119,4.49443692153058,4.49167518016401,4.45826571698229,4.41319782820549,4.39110789339298,4.37436932391524,4.3528839702832,4.32227829848594,4.2802925873568,4.22569907935217,4.16085736842989,4.09457963995749,4.0280341733568,3.97784067593304,3.95439695704458,3.94746842177264,3.9569312253594,3.9912675725418,4.04815005708065,4.12036707690119,4.2014608903585,4.22695243418581,4.22602813464437,4.24536391660547,4.26995820946965,4.31121447595571
A,Annual,SUR,Suriname,WB_WDI_SP_POP_65UP_FE_ZS,"Population ages 65 and above, female (% of female population)",F,Female,Y_GE65,65 years old and over,PT_W,Percentage of women,_Z,Not Applicable,2,Two,WB_WDI,World Development Indicators (WDI),0,Units,WB_WDI,World Development Indicators (WDI),A,Normal value,PU,Public,5.06539260426668,5.37658314620897,5.51421538900581,5.46758403505169,5.38276169412075,5.22260929484726,5.04972961640677,4.88970084221945,4.744848413245,4.61854497715813,4.51347487118617,4.43396497685252,4.42233918942246,4.46945835699902,4.52359981348117,4.57741896864931,4.62186413703564,4.65564905271536,4.68341655157761,4.70749604181345,4.60081919125048,4.37836326787337,4.18081425863048,4.00947035194594,3.86780647795677,3.75783640982571,3.67862461010885,3.62276646700523,3.58803057764996,3.57033152551869,3.56420233463035,3.5674594354301,3.57786561644263,3.59790938103155,3.62828669770441,3.74003993356846,3.94339704674274,4.17633202266241,4.43307194209721,4.70640657919214,4.98793242156074,5.26729101225639,5.5416533778203,5.83580791988162,6.01663856632867,6.08391649434316,6.17687316820428,6.27441844478137,6.36493234171582,6.46169831628264,6.57568557641382,6.69374365383113,6.80034451203101,6.8873458404168,6.97128522779825,7.0822756096125,7.23625419846544,7.43757723494659,7.6736548956957,7.92633245452498,8.20901631292526,8.46212571865746,8.70779931855915,9.00227954103969,9.29780633375852
A,Annual,SVK,Slovak Republic,WB_WDI_SP_POP_65UP_FE_ZS,"Population ages 65 and above, female (% of female population)",F,Female,Y_GE65,65 years old and over,PT_W,Percentage of women,_Z,Not Applicable,2,Two,WB_WDI,World Development Indicators (WDI),0,Units,WB_WDI,World Development Indicators (WDI),A,Normal value,PU,Public,7.86347244392346,8.07781748057399,8.29139154535787,8.50522640669853,8.751520799595,9.03172162532271,9.30430698142721,9.57286149845592,9.84234784579535,10.0927172871154,10.3107535683493,10.4951562565263,10.6963585294794,10.9187931772992,11.1516463424245,11.357224661433,11.5072398415311,11.6495816016701,11.7953665464135,11.9333551137508,11.9184466587376,11.6744921044554,11.3369666312048,10.9714155127931,10.8306509785644,10.92742144245,11.1034222219784,11.3641844853541,11.6388608136676,11.8754246910931,12.0595410195734,12.2282102084335,12.3901391186486,12.5562285606294,12.7337333861514,12.9147718430654,13.1014424299677,13.286747401349,13.4335037471542,13.5439226665258,13.6455539978845,13.7512866369592,13.8663550899987,13.98925315816,14.1284825565534,14.2823620469085,14.449277077432,14.6225797017095,14.7910419349258,14.9842540229222,15.172762142054,15.3683932734071,15.6698056753209,16.0643044373443,16.4962446886286,16.969541391819,17.5048258832823,18.0662619929766,18.6110524796788,19.1612208951242,19.6887571140156,20.1149712176915,20.5446043487863,21.0440216159556,21.5465202549148
A,Annual,SVN,Slovenia,WB_WDI_SP_POP_65UP_FE_ZS,"Population ages 65 and above, female (% of female population)",F,Female,Y_GE65,65 years old and over,PT_W,Percentage of women,_Z,Not Applicable,2,Two,WB_WDI,World Development Indicators (WDI),0,Units,WB_WDI,World Development Indicators (WDI),A,Normal value,PU,Public,8.76291628681153,8.93563851695412,9.14702829314422,9.37479154682094,9.63213150267732,9.96529069535114,10.3307448467873,10.6502707262929,10.9012029142015,11.1237009103102,11.3693097983496,11.6468362906471,11.9340703396278,12.2149818855005,12.5059630197368,12.7872196142544,13.0217743743191,13.2427750774223,13.4611017966896,13.6348851392559,13.632347389373,13.4577770902,13.2353993539381,12.933678895411,12.7022958978887,12.6713213344491,12.6762315720873,12.7697574915286,13.0276106144738,13.3350669677034,13.6488198992994,13.9763941976755,14.3135698878301,14.6586724094323,14.9931942255809,15.3829912126658,15.8318860511095,16.2462605986582,16.6270299553071,16.9562549190929,17.2522711817034,17.5502642458999,17.8358391181498,18.1031666615087,18.3701890096378,18.639969743749,18.8987714703655,19.1781418284505,19.4637524155297,19.6355792076536,19.6392140903685,19.6998546234244,19.942240286195,20.2514291439877,20.597445737205,21.0015092686426,21.4392934962097,21.8910043178388,22.3450149306047,22.7650467450467,23.0072913405069,23.2524819360645,23.677795392195,24.104731779841,24.5198795412169
A,Annual,SWE,Sweden,WB_WDI_SP_POP_65UP_FE_ZS,"Population ages 65 and above, female (% of female population)",F,Female,Y_GE65,65 years old and over,PT_W,Percentage of women,_Z,Not Applicable,2,Two,WB_WDI,World Development Indicators (WDI),0,Units,WB_WDI,World Development Indicators (WDI),A,Normal value,PU,Public,12.7210796750673,12.9532951413716,13.1812653103615,13.4150563043941,13.6471778511616,13.8713579977152,14.1089292690957,14.3792590560312,14.6486454897685,14.8819211608087,15.1314817321292,15.437115542479,15.7806587589271,16.1432456027697,16.5063420208967,16.8294721837568,17.1151829333612,17.4108739676752,17.7165139475418,18.0067617016758,18.2587437563763,18.4781829940249,18.7112687036865,18.9469459588141,19.1553073923642,19.438210129722,19.7610096080892,19.9807154313938,20.0998651619011,20.1570700114517,20.1695873740281,20.1468449192096,20.1065244516284,20.0378220777451,19.9471984598782,19.9033142629098,19.9032795280665,19.8913581516025,19.8471066631389,19.7656973217991,19.6732112987478,19.584654590132,19.4963972908959,19.435887029217,19.4338005339625,19.4434777643132,19.440566547534,19.4834484722243,19.6224647535588,19.8467594333065,20.1186919924107,20.4187851055269,20.7051731427501,20.9532708920388,21.1655350758801,21.3146071430394,21.3683205630833,21.3737404425035,21.4041612862606,21.4685535086597,21.5624672872924,21.6810710373389,21.8101375692263,22.000318826109,22.2062615041822
A,Annual,SWZ,Eswatini,WB_WDI_SP_POP_65UP_FE_ZS,"Population ages 65 and above, female (% of female population)",F,Female,Y_GE65,65 years old and over,PT_W,Percentage of women,_Z,Not Applicable,2,Two,WB_WDI,World Development Indicators (WDI),0,Units,WB_WDI,World Development Indicators (WDI),A,Normal value,PU,Public,3.24301097012285,3.24112298218425,3.23690223928377,3.23215995229052,3.22477723410392,3.21595011731686,3.21005662667827,3.21324383266774,3.2246492621916,3.23800355947571,3.25105515556194,3.26246900876753,3.27160671600956,3.2784330959539,3.28373544778651,3.28770214366303,3.29030223830952,3.29276668320406,3.29532027243549,3.29641760694687,3.29636149670204,3.29456612336696,3.28939361384034,3.27790372476493,3.26326724202331,3.23635561942712,3.19606033755053,3.15266443782894,3.08303394805499,3.00915226033096,2.94965188062256,2.88778022339835,2.82861691111695,2.7896176697156,2.82204605102952,2.8491857749384,2.81597936622006,2.78889819800819,2.77334817739287,2.76548516433418,2.76346107907992,2.77214309151721,2.79586839353815,2.83738921591882,2.89442087425808,2.96338800823588,3.03652136169267,3.10561184586626,3.17914863802501,3.27249082233448,3.39493441850147,3.52985088812203,3.65210184948282,3.76064192887778,3.86994321288281,3.96909290541692,4.05764708779623,4.1704059725333,4.29657625872102,4.42777259321616,4.53627248902548,4.61131075609026,4.72789677440147,4.88962313843796,5.04615253295565
A,Annual,SXM,Sint Maarten (Dutch part),WB_WDI_SP_POP_65UP_FE_ZS,"Population ages 65 and above, female (% of female population)",F,Female,Y_GE65,65 years old and over,PT_W,Percentage of women,_Z,Not Applicable,2,Two,WB_WDI,World Development Indicators (WDI),0,Units,WB_WDI,World Development Indicators (WDI),A,Normal value,PU,Public,10.6071179344033,9.8518995492595,8.72522922212363,7.63794509377548,6.94479140644517,6.40790078089113,5.73909360440491,5.23949169110459,4.84454085321764,4.47386058981233,4.25101214574899,4.09883720930233,4.03094462540717,4.05098435133771,4.06561218512009,4.01352383029774,3.95071784950616,3.96152747357395,4.02462966268071,4.04396341974998,4.07888484080469,4.0298728186927,3.83811129848229,3.6771904062653,3.58000558503211,3.494389506584,3.40495867768595,3.30462910346636,3.18613523824986,3.10434684089278,3.04983271702765,2.98257152252549,2.95304532799449,2.98893784858102,3.05435453983941,3.12267657992565,3.19430188796616,3.25825497485239,3.2740057130301,3.27455124767343,3.30164765525982,3.33238303398904,3.40227864787671,3.51404068237407,3.597935310467,3.71753931433392,3.9418963878327,4.2068258385821,4.48214079297191,4.74221512490019,5.05480262601786,5.48645046645935,5.95921923066453,6.41049572011413,6.88330021959636,7.45652285435798,8.12022876722683,8.78431955595203,9.46130574802381,10.2277920765882,11.0432944641034,11.8730039451437,12.5790974202072,13.1459469325363,13.7294989889912
A,Annual,SYC,Seychelles,WB_WDI_SP_POP_65UP_FE_ZS,"Population ages 65 and above, female (% of female population)",F,Female,Y_GE65,65 years old and over,PT_W,Percentage of women,_Z,Not Applicable,2,Two,WB_WDI,World Development Indicators (WDI),0,Units,WB_WDI,World Development Indicators (WDI),A,Normal value,PU,Public,7.10457638176904,6.97424401848209,6.91000403569347,6.86603868871177,6.83586195040186,6.83112353176021,6.85187466633814,6.88845636775889,6.94558863912753,7.01990059298778,7.10889786714272,7.1553356994428,7.14452696505961,7.15429134343061,7.20198248119912,7.28328564214779,7.38479262672811,7.49145216437649,7.59079056159766,7.67331404126824,7.73931703676059,7.81410936371043,7.8992567372437,7.96609150483978,8.02282894639062,8.08551278283867,8.16753318423422,8.27114070842184,8.34975404374761,8.37779925213226,8.39067886961217,8.4104980549011,8.46441744413105,8.54246391406512,8.61137296034201,8.65704481756031,8.72435533047388,8.8412028118342,8.93951790546919,9.01363709687426,9.08267769525371,9.14060897165132,9.18178893562262,9.2028011600764,9.21622916155562,9.23217656117924,9.24901276517587,9.24869965058445,9.22971021034576,9.20952508840249,9.17428144210002,9.08436886854153,8.98090942129679,8.91737772280341,8.9095881397405,8.92842733801339,8.93012668250198,8.95996425726995,9.04705153263098,9.17184691431995,9.37534468178977,9.70495353243706,9.91166767178687,10.0095910715843,10.1762306646487
A,Annual,SYR,Syrian Arab Republic,WB_WDI_SP_POP_65UP_FE_ZS,"Population ages 65 and above, female (% of female population)",F,Female,Y_GE65,65 years old and over,PT_W,Percentage of women,_Z,Not Applicable,2,Two,WB_WDI,World Development Indicators (WDI),0,Units,WB_WDI,World Development Indicators (WDI),A,Normal value,PU,Public,5.13832727291987,4.98338237654486,4.83695001134591,4.69406341584595,4.55426759300071,4.41757685051813,4.28412764054356,4.15438707677617,4.02919620885664,3.90870120098812,3.79280223591799,3.68019924460743,3.57590883320785,3.48628057462934,3.41842662805677,3.38820985720829,3.36557253074542,3.31574762440237,3.24388957219541,3.1714884472916,3.12255082815498,3.08586741417185,3.04163070061288,3.00433651344319,2.98741948336609,2.98601650543437,2.99324968735219,3.00419699665882,3.01889119933415,3.04090539968204,3.07449681501958,3.11523136768291,3.15799738258146,3.20062534329261,3.24237416978393,3.28592698903221,3.33031954365705,3.37429591498048,3.4175664014457,3.45486307622403,3.48373209773149,3.51154156717431,3.54634379873863,3.58858759526472,3.62364146796745,3.64331050632044,3.62464156520913,3.57065652770402,3.5708371889154,3.61356579857256,3.64424763508077,3.69107362824226,3.79433768640727,4.01841190316357,4.30858993799283,4.54601553660525,4.71047897743927,4.84977629204673,4.94348845535895,4.98108655208758,5.05091639441984,5.1431243945018,5.20187942292366,5.2245258555737,5.28935057398724
A,Annual,TCA,Turks and Caicos Islands,WB_WDI_SP_POP_65UP_FE_ZS,"Population ages 65 and above, female (% of female population)",F,Female,Y_GE65,65 years old and over,PT_W,Percentage of women,_Z,Not Applicable,2,Two,WB_WDI,World Development Indicators (WDI),0,Units,WB_WDI,World Development Indicators (WDI),A,Normal value,PU,Public,6.59733506662333,6.51397011046134,6.50512278419255,6.46319569120287,6.48648648648649,6.54820664692333,6.58286470393649,6.7021453517379,6.80033416875522,6.97518443997317,7.16924110141034,7.22831505483549,7.28929384965832,7.36089030206677,7.36776795408717,7.26282342260554,7.13864306784661,6.94065239258514,6.66853068642528,6.51080603506864,6.39082883120306,6.21590764937207,6.07573359308414,6.00467289719626,5.93381940549636,5.77068277424226,5.63511830635118,5.68113622724545,5.76923076923077,5.73617339312407,5.60881641429979,5.40540540540541,5.06797522323224,4.73611958511287,4.55566017237633,4.47031271525004,4.39120446340663,4.35136999184902,4.33635218616926,4.35532061595036,4.36219431592862,4.31093544137022,4.36458281195255,4.59215073616437,4.88823054134123,5.17557707897769,5.48440866772371,5.85564610011641,6.25139125918231,6.60742846987738,6.96008188331627,7.3581560283688,7.73830128709444,8.09002250562641,8.46886784305824,8.92847310170145,9.40357330530741,9.85486065615078,10.2939754375786,10.6839693946371,11.0131760345334,11.3491360212672,11.7003146303094,12.0290483416432,12.3752366202031
A,Annual,TCD,Chad,WB_WDI_SP_POP_65UP_FE_ZS,"Population ages 65 and above, female (% of female population)",F,Female,Y_GE65,65 years old and over,PT_W,Percentage of women,_Z,Not Applicable,2,Two,WB_WDI,World Development Indicators (WDI),0,Units,WB_WDI,World Development Indicators (WDI),A,Normal value,PU,Public,4.35697781922809,4.35993191366165,4.37587065148768,4.39746188032854,4.41386944579179,4.41993579418515,4.41914270573181,4.41239250052095,4.40104257954251,4.38965885582163,4.37996348022446,4.36912718800437,4.35484357367621,4.33759059542677,4.31895873906785,4.30137849062143,4.28649201324219,4.27371134255359,4.26164774086199,4.24363310622846,4.26865484055522,4.29920933980963,4.2304456985411,4.15307063421201,4.14864275136092,4.15496280678631,4.12497487994865,4.08196306730714,4.03567289971057,3.98522983374772,3.94065608813615,3.8752503981237,3.79371434855694,3.73783357373947,3.68252543944023,3.59590245383436,3.50740680770629,3.43225836404858,3.3575189835467,3.28038702331328,3.20327229970197,3.12756308877046,3.05219881130017,2.97317952882336,2.88983530807637,2.80854107178291,2.73100447352374,2.65822852054851,2.59000718931655,2.52583675567658,2.46638604926941,2.41056958400992,2.35716088237233,2.30703247584947,2.27392944803757,2.25990208656047,2.25208715075259,2.24720204964604,2.2458205442561,2.24850977094823,2.2509890678646,2.25211696867534,2.26084637133508,2.27516975448892,2.29672253226268
A,Annual,TEA,East Asia & Pacific (IDA & IBRD),WB_WDI_SP_POP_65UP_FE_ZS,"Population ages 65 and above, female (% of female population)",F,Female,Y_GE65,65 years old and over,PT_W,Percentage of women,_Z,Not Applicable,2,Two,WB_WDI,World Development Indicators (WDI),0,Units,WB_WDI,World Development Indicators (WDI),A,Normal value,PU,Public,4.329171243689991,4.265851263024736,4.226493133705886,4.179829144820367,4.13505660090791,4.114861178954229,4.119753156118947,4.143438379237381,4.174644076723622,4.208096442027471,4.245293284432942,4.286320674251539,4.326340108738813,4.374256049703293,4.4396300744334,4.510153528216132,4.573443992813229,4.637965589420207,4.71967739995591,4.814463762273802,4.905047004552574,4.9866879160107125,5.059976981782991,5.12818364759718,5.199814699473502,5.278453027316303,5.35664264359743,5.427624715453013,5.5038168946825765,5.595490722697744,5.688076684451815,5.776972397417909,5.8789663336163285,6.003175395411154,6.138110658277429,6.280846640117586,6.428095526746289,6.5812682451880935,6.756234854157508,6.940688791068463,7.12098951483351,7.294529475462475,7.458247136719958,7.612123448376345,7.752012222324344,7.889550150903777,8.033992065277817,8.171667866549273,8.29597311733483,8.421579575188993,8.565583481480246,8.737836786709844,8.935396254856458,9.166002955697994,9.439659206873996,9.782531290461923,10.170821421175614,10.606045883628893,11.080957698454691,11.566109951417372,12.081611298367958,12.570006313095634,13.077433805184578,13.578582933613957,13.95500510258118
A,Annual,TEC,Europe & Central Asia (IDA & IBRD),WB_WDI_SP_POP_65UP_FE_ZS,"Population ages 65 and above, female (% of female population)",F,Female,Y_GE65,65 years old and over,PT_W,Percentage of women,_Z,Not Applicable,2,Two,WB_WDI,World Development Indicators (WDI),0,Units,WB_WDI,World Development Indicators (WDI),A,Normal value,PU,Public,7.305827564630681,7.43605337121448,7.540215188344401,7.672508355491936,7.837269814854599,8.066506862025443,8.317250876269515,8.529653556988078,8.770895348783615,9.006442147093392,9.202747938355545,9.413726404771474,9.652987315283555,9.880981894130995,10.122537084033103,10.376120662648088,10.627824534176495,10.902054820759805,11.156743209029168,11.378783111593672,11.496022522905932,11.41733790488633,11.241092831168537,11.101057304316129,11.02762063034222,10.966147499012484,10.930230755602375,10.959494774244332,11.073452324930091,11.258653549391388,11.476429125720848,11.714892842115756,11.985755038942534,12.26028498513973,12.499714753854876,12.692779583384002,12.840569010059744,12.973537403334426,13.047697602040495,13.05512356285709,13.110360088110026,13.260541639566974,13.49529726020154,13.77559643518097,14.04715408301546,14.25464060998734,14.385892495845424,14.411662763003871,14.243376500177298,14.002225064382364,13.80045651604413,13.72418621980054,13.805545864362834,13.930641731848317,14.133181724821911,14.40759129146148,14.679041887678776,14.978725285210675,15.291393583876816,15.642155443396346,15.99697661634428,16.25967428891642,16.52954953691154,16.913129081606588,17.34390971114243
A,Annual,TGO,Togo,WB_WDI_SP_POP_65UP_FE_ZS,"Population ages 65 and above, female (% of female population)",F,Female,Y_GE65,65 years old and over,PT_W,Percentage of women,_Z,Not Applicable,2,Two,WB_WDI,World Development Indicators (WDI),0,Units,WB_WDI,World Development Indicators (WDI),A,Normal value,PU,Public,3.67922990508573,3.62704576783947,3.57559432736454,3.52532830822733,3.47773525398426,3.43383437755177,3.3931782172016,3.35630729195717,3.32426727902795,3.29738315280853,3.27563570578601,3.25803290569427,3.24402745121225,3.23446074532035,3.22972633298772,3.22891444365496,3.23183523836356,3.23868488237364,3.24768369193531,3.25587577470317,3.26233784519719,3.26789746977023,3.27236046797932,3.27613555054236,3.28017024868554,3.28389964739045,3.28658935082128,3.28755245885239,3.28633778642475,3.28134074398281,3.27141741232935,3.25677920671737,3.23741294148673,3.21392407544884,3.18721806954367,3.16159480352521,3.1371076522754,3.11248644848231,3.08744305096779,3.06382325560998,3.04244547259157,3.02439806376216,3.01008333204268,2.99828676521633,2.98747063017929,2.97743569434512,2.96612291101265,2.95486675854506,2.94641326468159,2.94208167338288,2.94299067673075,2.95290689200439,2.97150377644635,2.99305143928179,3.0139694349633,3.04219031625777,3.07883131307414,3.11691277590679,3.15709869998383,3.19865165907764,3.23926765714583,3.27861869903779,3.32266773687879,3.3721657687031,3.42330521672304
A,Annual,THA,Thailand,WB_WDI_SP_POP_65UP_FE_ZS,"Population ages 65 and above, female (% of female population)",F,Female,Y_GE65,65 years old and over,PT_W,Percentage of women,_Z,Not Applicable,2,Two,WB_WDI,World Development Indicators (WDI),0,Units,WB_WDI,World Development Indicators (WDI),A,Normal value,PU,Public,3.2080562670127,3.19589360694303,3.19568147953516,3.20292729103914,3.21089008825657,3.21797334105457,3.22589034983123,3.23543539432698,3.2493285481854,3.27130135715977,3.30153232998499,3.33912092226508,3.38298310341837,3.43032432170406,3.47813015257789,3.52504281854489,3.57196282106436,3.6179278398442,3.66314842555536,3.70905594717883,3.75559466795194,3.80421909830793,3.85676848500243,3.91344518835098,3.97436526394536,4.04070729084667,4.1127669272043,4.19083513795043,4.27771310647347,4.3781639409052,4.49635483158117,4.63120432077546,4.78589906430435,4.96301361559704,5.15736863517049,5.36263921943807,5.57856840998339,5.81957708250213,6.0968038770271,6.40178189324166,6.71351471871954,7.01818086626859,7.3161354673998,7.61232184548993,7.91484820212318,8.21479672431925,8.48484815175839,8.71943843885689,8.94103244277618,9.17442008767578,9.43724257275843,9.73765119750646,10.0799254109975,10.4674500114681,10.8997763482607,11.3749659211946,11.8816831639364,12.418947999562,12.9940833463321,13.6036306241602,14.2420504789086,14.9059270886298,15.5661617410972,16.2354182935149,16.9392508083664
A,Annual,TJK,Tajikistan,WB_WDI_SP_POP_65UP_FE_ZS,"Population ages 65 and above, female (% of female population)",F,Female,Y_GE65,65 years old and over,PT_W,Percentage of women,_Z,Not Applicable,2,Two,WB_WDI,World Development Indicators (WDI),0,Units,WB_WDI,World Development Indicators (WDI),A,Normal value,PU,Public,4.19769709415541,4.18913852795561,4.20567479916135,4.24360609204801,4.29694395781497,4.35991217034281,4.42094357167253,4.46810430655844,4.50507191629995,4.53377790432683,4.55218279614727,4.55805206051387,4.54708510808731,4.52563739489888,4.50517391578965,4.48660845213511,4.47056733604319,4.45993233955642,4.44427457978265,4.42427218318675,4.39341434735382,4.33422853614598,4.24897579200431,4.15142473847417,4.06433708733195,4.06992773703383,4.14901645918689,4.2149734097878,4.27665511054199,4.30349193181751,4.27753419561898,4.2355665526465,4.20052701026898,4.18381184330263,4.18229301650025,4.18495810760379,4.1801563754092,4.13193766479509,4.03549491394949,3.92087442836237,3.86122341368566,3.86312569411689,3.86807236974066,3.87596081406189,3.88132155233001,3.87266791882693,3.83898195778464,3.77127483261372,3.66889235064415,3.54850076602064,3.43277078889638,3.33941101690922,3.27475959897577,3.24024569640433,3.23312090006137,3.24698042839534,3.28295098519477,3.33858639023347,3.40945833387643,3.49621038444473,3.57665277743291,3.66622048947232,3.81125095642297,4.00520416446612,4.22627505589686
A,Annual,TKM,Turkmenistan,WB_WDI_SP_POP_65UP_FE_ZS,"Population ages 65 and above, female (% of female population)",F,Female,Y_GE65,65 years old and over,PT_W,Percentage of women,_Z,Not Applicable,2,Two,WB_WDI,World Development Indicators (WDI),0,Units,WB_WDI,World Development Indicators (WDI),A,Normal value,PU,Public,5.02995015637797,4.90947394131835,4.81031357313254,4.73681817788208,4.69330757438945,4.67753879304414,4.69039008091422,4.73272405447387,4.79141995328737,4.84822499175806,4.89844008274116,4.936787915324,4.95915021278089,4.97733021583416,5.00697698459915,5.04762468990102,5.10078133521635,5.16835045749477,5.22759732537127,5.24482928926489,5.21150504268218,5.13191676238092,5.00618909665525,4.85595863230048,4.71372914544676,4.61357713828331,4.55746590482595,4.53145016088343,4.54034670373027,4.55345261732876,4.56267555973054,4.59280973061395,4.64158608036456,4.69731471578026,4.75659045593354,4.81133127064855,4.84920695987845,4.86527666143435,4.85872324015031,4.84302319439701,4.83380996241359,4.84662501567507,4.88525921080902,4.93806447325016,4.98894373980484,5.02075772767802,5.01747977127814,4.9660881185912,4.86703378187857,4.74269091909957,4.62614104758439,4.54034624220658,4.49232373584324,4.48223946063825,4.50361519342882,4.54813854071128,4.6107984449687,4.68494273226061,4.76659388880931,4.85912699126991,4.96476936803657,5.09195474548653,5.26834746744464,5.49829826821297,5.76490553277435
A,Annual,TLA,Latin America & Caribbean (IDA & IBRD),WB_WDI_SP_POP_65UP_FE_ZS,"Population ages 65 and above, female (% of female population)",F,Female,Y_GE65,65 years old and over,PT_W,Percentage of women,_Z,Not Applicable,2,Two,WB_WDI,World Development Indicators (WDI),0,Units,WB_WDI,World Development Indicators (WDI),A,Normal value,PU,Public,3.3903953696027185,3.404738772342682,3.428755496289357,3.45961121651348,3.49300079566216,3.5299056766582133,3.5704671052301573,3.612595310561662,3.654682319186042,3.695623002811816,3.73587215681901,3.779310099641472,3.827512486620323,3.875786851410072,3.925439048511386,3.9805118865509166,4.039134120470294,4.098695728174562,4.157036411925536,4.2113189813133305,4.258651416884758,4.308376825973251,4.362424258951542,4.414303927738295,4.467573650043978,4.526497608062529,4.595015176420947,4.673239301413428,4.758567008096347,4.850325251438443,4.940396104569303,5.029625904253271,5.124183654630957,5.2240947508768985,5.329096301168015,5.435828819052624,5.544511642588057,5.6555247021240245,5.764741079009375,5.871734637119691,5.97939093325827,6.092732818770166,6.213185976266108,6.337005277951225,6.464589873462016,6.596837835348654,6.733290723093615,6.868412055765598,7.002443566384707,7.142787530357278,7.290924704513252,7.450967094116494,7.626528395054304,7.815924594466177,8.022946036020391,8.245805526882448,8.475398773670177,8.714618801006845,8.97056746584202,9.2413252269935,9.496724595616271,9.727223863674414,9.984538042604,10.292796747072854,10.6273644062104
A,Annual,TLS,Timor-Leste,WB_WDI_SP_POP_65UP_FE_ZS,"Population ages 65 and above, female (% of female population)",F,Female,Y_GE65,65 years old and over,PT_W,Percentage of women,_Z,Not Applicable,2,Two,WB_WDI,World Development Indicators (WDI),0,Units,WB_WDI,World Development Indicators (WDI),A,Normal value,PU,Public,2.96588446642513,2.92555560740329,2.91029647862477,2.9179402484717,2.94158650494911,2.97160317961739,3.01442368726868,3.07088095393487,3.12510609404176,3.15786157811548,3.1658138700946,3.15276009555552,3.11677634468293,3.07125922318865,3.03210443479979,2.973949668528,2.9034807408171,2.84465257029035,2.78624163636562,2.73938776847814,2.7277248954598,2.74815717072756,2.77645524023348,2.79756607555006,2.80131857199745,2.78282809543245,2.73857781414993,2.66744146549268,2.57070302021119,2.44897510034415,2.32261962103338,2.27343710375351,2.29582396865152,2.322281761435,2.35095949768989,2.37985080322051,2.4099248702531,2.44116536799464,2.47206965576405,2.50185304145871,2.54880394411036,2.60260450523397,2.65945556240878,2.7214234827534,2.79054065272374,2.94368531322247,3.192561242906,3.48463412516408,3.83601038225953,4.25951681762887,4.68355578396844,4.98166749311955,5.17427919234979,5.33559489722178,5.4748072869903,5.61837390222618,5.78086596383051,5.91747580684379,5.992129910469,6.01204867059476,5.99122889209343,5.93591477217545,5.85588536908384,5.7818362971077,5.72266778016155
A,Annual,TMN,Middle East & North Africa (IDA & IBRD),WB_WDI_SP_POP_65UP_FE_ZS,"Population ages 65 and above, female (% of female population)",F,Female,Y_GE65,65 years old and over,PT_W,Percentage of women,_Z,Not Applicable,2,Two,WB_WDI,World Development Indicators (WDI),0,Units,WB_WDI,World Development Indicators (WDI),A,Normal value,PU,Public,3.389610017237114,3.4058329206434514,3.4303538888634955,3.452365898607394,3.4721780884910487,3.490362473871925,3.5036496512242663,3.5135347241493595,3.524088911764,3.533102071046911,3.539321827410217,3.541871265037156,3.543034797180106,3.543368888633157,3.540804082671415,3.535761230273388,3.528328241223108,3.518655448580923,3.5069565936378595,3.494454607929374,3.48160294855395,3.46864522678736,3.459144012603126,3.4556922276461943,3.456322079076703,3.459578088285608,3.4689652510415385,3.4843619684801217,3.5025961056104618,3.522437423188721,3.540554312056483,3.561222848614974,3.5921294423201307,3.633117057785222,3.677972019149922,3.72430180363472,3.774125443870629,3.825646001885464,3.874077980731585,3.9186179953968128,3.9608606206477694,4.001556564962496,4.0459938276569565,4.088016547208061,4.121809397667139,4.151405335442438,4.178546455399207,4.206883106143178,4.239321309006166,4.276090840643437,4.319203935067296,4.372706636947929,4.436282656855954,4.505056871492288,4.576115234935425,4.657028352149277,4.751199217370871,4.854392258152232,4.963568067722866,5.078465007285166,5.175497273632939,5.252665587258763,5.3577477337558905,5.4924958571444495,5.636118008557053
A,Annual,TON,Tonga,WB_WDI_SP_POP_65UP_FE_ZS,"Population ages 65 and above, female (% of female population)",F,Female,Y_GE65,65 years old and over,PT_W,Percentage of women,_Z,Not Applicable,2,Two,WB_WDI,World Development Indicators (WDI),0,Units,WB_WDI,World Development Indicators (WDI),A,Normal value,PU,Public,3.41904014525535,3.37602036995432,3.34684710960742,3.32983073952062,3.32277824638062,3.32597220726058,3.33814270724029,3.34085431516332,3.33722991063011,3.34151243511177,3.34882482511558,3.3588475801084,3.36837187572997,3.37673371911454,3.37563166760247,3.36699232837191,3.36505706012604,3.3952654908988,3.46544969575727,3.54467935019399,3.62106046819423,3.70431499571905,3.80076612571052,3.90710972612179,4.03160349734411,4.15691587633945,4.25939784108499,4.34627207091286,4.42428429201292,4.50997661493607,4.62172564628393,4.74700789149696,4.87263556116015,4.99616610839824,5.11669206009666,5.2369278573086,5.36063754665591,5.48661005878511,5.59816486311275,5.68977643061623,5.76304213043607,5.83012262619546,5.89424572317263,5.95721243042672,6.0310050714615,6.09240287577456,6.13122472614053,6.17025292563232,6.2031804442108,6.21208013536632,6.2570414994553,6.35325547526507,6.44662101429802,6.51243933446545,6.53429435015113,6.54916771576444,6.56739034862076,6.62248564894759,6.70887131906532,6.78926468826873,6.89105354311948,6.99398376804185,7.09594556435084,7.21817223262494,7.3632021833068
A,Annual,TSA,South Asia (IDA & IBRD),WB_WDI_SP_POP_65UP_FE_ZS,"Population ages 65 and above, female (% of female population)",F,Female,Y_GE65,65 years old and over,PT_W,Percentage of women,_Z,Not Applicable,2,Two,WB_WDI,World Development Indicators (WDI),0,Units,WB_WDI,World Development Indicators (WDI),A,Normal value,PU,Public,3.365256116007042,3.395403140362464,3.4441889992459256,3.500300154200186,3.547690239379376,3.580326064196335,3.600151753293177,3.609149225314645,3.616849538135676,3.633475839841597,3.656363839508801,3.680643892247975,3.714697970171565,3.7591400008675664,3.802563466368272,3.843773718880512,3.883682954906901,3.9203669725802937,3.955070627876224,3.9870857743143775,4.0156557551765335,4.0418131622071005,4.066002491178783,4.0890677387324805,4.111026623400604,4.132517081866537,4.154120205016844,4.176920766820564,4.201644967441558,4.228116467236179,4.257241567256533,4.288925943440374,4.322489626566172,4.358956837910685,4.399539031560795,4.443019269291185,4.488940661207595,4.538255179262393,4.590917356073378,4.646801840155894,4.704917050319898,4.765543659377751,4.831321929697225,4.900077332805663,4.964492105570007,5.025083617198952,5.08499958850446,5.1464739398307975,5.21280049298777,5.284059556371783,5.362801584034433,5.452776956989931,5.553105481386615,5.656710831366314,5.789463129336712,5.956225627358615,6.134923947558245,6.324871235926694,6.5259345272234,6.734148546698922,6.933186526418527,7.070586355851912,7.226463410966082,7.447786372384372,7.671427718992066
A,Annual,TSS,Sub-Saharan Africa (IDA & IBRD),WB_WDI_SP_POP_65UP_FE_ZS,"Population ages 65 and above, female (% of female population)",F,Female,Y_GE65,65 years old and over,PT_W,Percentage of women,_Z,Not Applicable,2,Two,WB_WDI,World Development Indicators (WDI),0,Units,WB_WDI,World Development Indicators (WDI),A,Normal value,PU,Public,3.4231103778691443,3.417364897904085,3.415707098057563,3.413618992680208,3.410527063122502,3.406147001246835,3.400536627289599,3.3940637965512965,3.3884800252407525,3.383645417046304,3.377732476555356,3.369722201736815,3.3618616312545635,3.355809570193546,3.350606955057577,3.346075934840933,3.342275146211391,3.341013805545844,3.3423622479947133,3.345272976847092,3.344859293189902,3.3422875624846995,3.34370738544152,3.347209848765312,3.351183146888661,3.3541467661967856,3.3545786997110065,3.357417098397753,3.356591953471253,3.3485106053020464,3.3397679809653567,3.330646071711389,3.3229202685964188,3.3147734296168103,3.307932454081019,3.3038629201037875,3.302840574381789,3.303737153711558,3.302278593837792,3.301233365580128,3.3014363692213635,3.301072760452105,3.300617178112111,3.299365571120027,3.296565465567028,3.2924522315066933,3.2869966564648645,3.2808939917720386,3.2744714258289176,3.268160633025215,3.264991874336292,3.265962549055745,3.27070001275842,3.27739633891245,3.2843442175882176,3.2949600494900646,3.3098883930681944,3.3303279181669105,3.359497501817074,3.3937567178674226,3.4248275582190257,3.449385917305987,3.478837863572114,3.5189777960383872,3.563575239296736
A,Annual,TTO,Trinidad and Tobago,WB_WDI_SP_POP_65UP_FE_ZS,"Population ages 65 and above, female (% of female population)",F,Female,Y_GE65,65 years old and over,PT_W,Percentage of women,_Z,Not Applicable,2,Two,WB_WDI,World Development Indicators (WDI),0,Units,WB_WDI,World Development Indicators (WDI),A,Normal value,PU,Public,3.32219352336445,3.35923717492192,3.46800591084289,3.59615751808631,3.74745738762393,3.92309115234215,4.12110066532439,4.33746365689614,4.56594156283163,4.80128101511355,4.92024250750847,4.92338017987413,4.92522444375709,4.92371057721311,4.92266451401634,4.92223324851968,4.92468990644911,4.93176244165856,4.93922984574428,4.94428956890887,4.94627477712852,4.94485472424741,4.94311036977179,4.94157539112897,4.94225394053831,4.94959473532013,4.96192462130835,4.98049151915059,5.00733810384042,5.04340861329844,5.09006667025961,5.14514228024227,5.20408848074141,5.26600489316638,5.33015293044807,5.39677554037852,5.46701798672254,5.53801483246246,5.61356862252256,5.69296436390191,5.76827419139117,5.84029942735416,5.91999118885032,6.01267040945647,6.11818245415082,6.23920873717776,6.38027465940849,6.54450261780105,6.73532867108659,6.95812043736716,7.21370681318305,7.50368543403073,7.83363609479954,8.2057333600075,8.62009160415715,9.07401252945985,9.55446955673619,10.0522796651425,10.5198436536136,11.0823399953527,11.7291657764294,12.2558193940812,12.7585798761792,13.3120077930369,13.893718197337
A,Annual,TUN,Tunisia,WB_WDI_SP_POP_65UP_FE_ZS,"Population ages 65 and above, female (% of female population)",F,Female,Y_GE65,65 years old and over,PT_W,Percentage of women,_Z,Not Applicable,2,Two,WB_WDI,World Development Indicators (WDI),0,Units,WB_WDI,World Development Indicators (WDI),A,Normal value,PU,Public,4.30977046934523,4.29178644179813,4.26971594385893,4.244857051528,4.2140084472222,4.17336618541,4.11212353840155,4.03490042836617,3.9553077888804,3.87874586318053,3.81042997333695,3.75333101566405,3.70871069177723,3.67591393267848,3.65534778692423,3.64620701918924,3.65120125522845,3.67067527049928,3.7112970304556,3.76830651411942,3.82682386511359,3.88653596716631,3.9491251493219,4.01737725480748,4.06706262905394,4.09944626361047,4.14592564481301,4.21186643531762,4.28350549475567,4.34679376438454,4.41132702423995,4.48533474578822,4.56994516757646,4.66280289891944,4.76672225870912,4.89386951464388,5.04908336348873,5.22344780024135,5.41018651477228,5.61154672085187,5.8127283998787,5.99280358335812,6.15395613126687,6.30795898093286,6.45643354554949,6.59246574503574,6.70897007697773,6.80835275518936,6.89854963972789,6.98521979801593,7.07232033916762,7.15923966241134,7.24697634950567,7.34024671623554,7.46244602171698,7.63535096244833,7.8313745475994,8.03974842754424,8.29400745903438,8.62125500490434,8.97754258659304,9.28427738413212,9.58691334742063,9.9265918450806,10.3095888566437
A,Annual,TUR,Turkiye,WB_WDI_SP_POP_65UP_FE_ZS,"Population ages 65 and above, female (% of female population)",F,Female,Y_GE65,65 years old and over,PT_W,Percentage of women,_Z,Not Applicable,2,Two,WB_WDI,World Development Indicators (WDI),0,Units,WB_WDI,World Development Indicators (WDI),A,Normal value,PU,Public,4.9615718609527,4.99587987493624,5.02952308002013,5.07023216187405,5.11795285364477,5.16389651944595,5.16938283402048,5.13877279735413,5.10564099991267,5.07096351883937,5.04456530107149,5.06054590843294,5.10912591330505,5.15694825788896,5.20480600011962,5.2477633584918,5.25065069877311,5.22070291638062,5.1959170658288,5.17890327311961,5.17271946487905,5.17684763261602,5.18057433588734,5.1852472864654,5.19947111127582,5.2224082495043,5.25394715490258,5.29406150046427,5.34215279289663,5.39791006093034,5.46244975365973,5.53648938776165,5.61711962650632,5.70050275586793,5.78650657083997,5.90242563318268,6.05440069643167,6.22047358183335,6.39435120640766,6.56948075814809,6.74239584495655,6.91366210536911,7.08438907047163,7.25623901642077,7.4301494954239,7.60538276056453,7.7802650805458,7.95127474570659,8.063097977343,8.11976025190039,8.18113519176811,8.26068301421819,8.36150077698323,8.47791571151324,8.58633491354151,8.69042522275056,8.84941202241872,9.05764676022186,9.30592276732817,9.66753018841774,10.1022127218242,10.5109702059108,10.8565373867383,11.1753912381029,11.4904952809017
A,Annual,TUV,Tuvalu,WB_WDI_SP_POP_65UP_FE_ZS,"Population ages 65 and above, female (% of female population)",F,Female,Y_GE65,65 years old and over,PT_W,Percentage of women,_Z,Not Applicable,2,Two,WB_WDI,World Development Indicators (WDI),0,Units,WB_WDI,World Development Indicators (WDI),A,Normal value,PU,Public,4.63783220427306,4.65276581078752,4.65552523874488,4.62369220384745,4.61409395973154,4.61229946524064,4.68594217347956,4.77216238608119,4.86191499917314,4.91776315789474,4.97219496238142,5.05792135748083,5.1558166095611,5.28468586387435,5.29092071611253,5.17819067925678,5.06476495415514,4.9546406140963,4.88918737407656,4.84690553745928,4.89109667558273,5.03561164563289,5.15058389674247,5.25996848866804,5.39796529024536,5.53722902921772,5.65710319296622,5.77120091064314,5.94303655528145,6.11861031201593,6.28690137765143,6.43173710950168,6.54525977504017,6.67587966407994,6.80882508181146,6.94794290512175,7.0571040818457,7.11910205778424,7.11474730737365,7.03004026014246,6.87596500257334,6.68789808917198,6.525754155551,6.49443480036761,6.62687171185755,6.76895306859206,6.85435734182252,6.88227174127391,6.85279187817259,6.76851672790563,6.63987753539992,6.53551499101485,6.54940119760479,6.63065747811511,6.66106912958298,6.6111838414064,6.49826274767584,6.47359454855196,6.58499234303216,6.76173845556849,6.95360977051118,7.04677775547079,7.25112658746415,7.79017624361247,8.36429253794714
A,Annual,TZA,Tanzania,WB_WDI_SP_POP_65UP_FE_ZS,"Population ages 65 and above, female (% of female population)",F,Female,Y_GE65,65 years old and over,PT_W,Percentage of women,_Z,Not Applicable,2,Two,WB_WDI,World Development Indicators (WDI),0,Units,WB_WDI,World Development Indicators (WDI),A,Normal value,PU,Public,2.63946850449367,2.6523332836723,2.66501454067214,2.67782667026373,2.69061141858874,2.70370781866165,2.71676114510941,2.72929855745697,2.74233262490048,2.75840010625647,2.7789426340245,2.80345471687288,2.83139232111793,2.86325249025552,2.89765983337835,2.93289880704018,2.96956500520263,3.00699864414107,3.04373984066764,3.07771968821733,3.10893685185397,3.13944202407469,3.16951050363962,3.19655488424291,3.21758264437424,3.23234741107611,3.24163546070902,3.24516937812989,3.24609562990612,3.24657010621285,3.24603645153817,3.24474014231459,3.24096058820581,3.22001429506274,3.18125269208389,3.15478153913493,3.15312444290704,3.14407655202029,3.11988482296361,3.0932498467895,3.06252248781042,3.03562430327501,3.01301227152457,2.9916218410711,2.97127474910081,2.9534254733083,2.94176191351975,2.93933970969491,2.94885696825732,2.97416289327877,3.00985149803294,3.05207903993089,3.10278524118004,3.15204441299635,3.19278682948701,3.22755391762453,3.2639939213795,3.30693687313286,3.35768279542855,3.41402433487537,3.47075850585596,3.51856319445347,3.56060234188931,3.60081088467635,3.6307944178759
A,Annual,UGA,Uganda,WB_WDI_SP_POP_65UP_FE_ZS,"Population ages 65 and above, female (% of female population)",F,Female,Y_GE65,65 years old and over,PT_W,Percentage of women,_Z,Not Applicable,2,Two,WB_WDI,World Development Indicators (WDI),0,Units,WB_WDI,World Development Indicators (WDI),A,Normal value,PU,Public,1.8980300771507,1.93775937394775,1.98371142026767,2.03396911944391,2.08700476604069,2.14182714288067,2.19762089952631,2.25398537824049,2.31065548044012,2.36766860136473,2.42517792861538,2.47939140491821,2.53259960882119,2.59271048862009,2.65431005424198,2.71651323771995,2.78190222304092,2.84647294040531,2.90675084897851,2.96444596807984,3.02388707845269,3.08130852027698,3.13060881590482,3.17128489515659,3.20423050787631,3.23412395052095,3.26047859566514,3.2782278968977,3.28880559551619,3.2922114965975,3.28896305029987,3.27919631504991,3.26228867969984,3.23890776896036,3.21054915413201,3.1829686639091,3.15056793196915,3.11101497957315,3.06515547277569,3.01174381743477,2.95484425877004,2.89507712461584,2.83154825491286,2.76501512988261,2.69766421717016,2.63009822009316,2.56297315436655,2.49700976416019,2.43309875829717,2.375630690435,2.3277744769429,2.29012985305007,2.26530143540009,2.25709363058411,2.26792411853947,2.29136389798786,2.31786522943923,2.3450933821034,2.37410887146844,2.40541824409827,2.43715504407206,2.4671161767373,2.50265165029021,2.54600668484852,2.59119349863463
A,Annual,UKR,Ukraine,WB_WDI_SP_POP_65UP_FE_ZS,"Population ages 65 and above, female (% of female population)",F,Female,Y_GE65,65 years old and over,PT_W,Percentage of women,_Z,Not Applicable,2,Two,WB_WDI,World Development Indicators (WDI),0,Units,WB_WDI,World Development Indicators (WDI),A,Normal value,PU,Public,8.73526673739489,8.91646249352418,9.04125692349263,9.19683626212854,9.39142632598143,9.74696203536137,10.1089303304319,10.3589934942117,10.7159691367081,11.0721468878812,11.3408785884924,11.6451967795112,12.0253554080105,12.3826231486768,12.7758842157713,13.1919203302764,13.6387427507153,14.1737463957044,14.6711643006362,15.017151215471,15.1548266801315,15.0648580909562,14.9011599527893,14.8826842885337,14.9662849438551,14.9858162831264,15.0285599855571,15.196708188487,15.5799508267261,15.9582439966127,16.1828355954693,16.4091183794191,16.6041596981493,16.7903340828173,17.1033848711092,17.23839546254,17.2433827941187,17.3579192534558,17.3026989260146,17.0848032815349,17.0127959527111,17.2204528268086,17.693028438085,18.2687165902276,18.7782971867858,19.1328548965604,19.3563710322487,19.5110667864417,19.336588295205,19.0558143050502,18.7941610974634,18.5127331557205,18.5298650652478,18.5660479977417,18.7261052904294,19.1521725391664,19.5593444869047,20.0252241834803,20.4628479447875,20.882032190195,21.3272521158716,21.6799841400656,22.203877330713,22.9561761140297,23.336855167198
A,Annual,UMC,Upper middle income,WB_WDI_SP_POP_65UP_FE_ZS,"Population ages 65 and above, female (% of female population)",F,Female,Y_GE65,65 years old and over,PT_W,Percentage of women,_Z,Not Applicable,2,Two,WB_WDI,World Development Indicators (WDI),0,Units,WB_WDI,World Development Indicators (WDI),A,Normal value,PU,Public,4.481900012757695,4.442007743458397,4.419071710817795,4.39325917054489,4.372056791301608,4.377371581701522,4.400161864001933,4.430281546800243,4.470686821129366,4.512663453912524,4.553692560935856,4.600435739191909,4.651662867707096,4.707875516468612,4.77836303090268,4.85415149294656,4.925196976161002,4.9996876588688846,5.083994563156232,5.175962183973183,5.253400669780358,5.306561459697599,5.351319324993791,5.399947890011971,5.456907619663665,5.519437900047617,5.584220617411533,5.649683758593607,5.728583932758091,5.822212118800016,5.914331573754728,6.004497362640418,6.11027787996314,6.237095705196237,6.374328382968064,6.511874118996773,6.649269705035153,6.793369692741768,6.948543888528112,7.105044644471239,7.263422968773519,7.426580997466297,7.593019257562327,7.755468766584941,7.904404244848761,8.046977790441936,8.19266802436867,8.331309565781204,8.447244865917462,8.558341797843596,8.684976488293815,8.837955638697986,9.021776849085391,9.233907961830086,9.483698059903586,9.792639414028928,10.14024871009894,10.527450695629527,10.944123856241614,11.372730284801388,11.818456198963371,12.232599267555376,12.658103005244003,13.093020203732188,13.44900427075111
A,Annual,URY,Uruguay,WB_WDI_SP_POP_65UP_FE_ZS,"Population ages 65 and above, female (% of female population)",F,Female,Y_GE65,65 years old and over,PT_W,Percentage of women,_Z,Not Applicable,2,Two,WB_WDI,World Development Indicators (WDI),0,Units,WB_WDI,World Development Indicators (WDI),A,Normal value,PU,Public,9.06813089490693,9.1193265093156,9.17848206034484,9.24560058176141,9.3235216241899,9.41269877918984,9.51383344306847,9.62964800436584,9.75793758951183,9.89286875732563,10.0335146932886,10.1779973311889,10.3204654907219,10.4653753345738,10.6259607817623,10.8029289304844,11.0030517946583,11.2367947085465,11.4867874246495,11.7152688761467,11.9166072971608,12.1012868926837,12.2579180839927,12.3788631000232,12.4871590149991,12.6168039444698,12.7594658694775,12.9033695188828,13.0546705317161,13.2201674257024,13.4071955072507,13.6106963961058,13.8179150273442,14.02135193932,14.2140653691798,14.4026166080809,14.5955197293189,14.7730079876787,14.9269799902013,15.0718819638221,15.215877592807,15.3638671587417,15.5054573558139,15.6317178279869,15.7493586094209,15.9071432939105,16.0957107147334,16.2656228705786,16.4220531560135,16.5721350686843,16.7168549750694,16.846125042435,16.9685180814365,17.0829795984973,17.1829548472142,17.2804879348399,17.3857536048149,17.5181373540403,17.6984765221052,17.9060001857421,18.1336050324899,18.320292123109,18.4820964889227,18.7077542139415,18.9543456166832
A,Annual,USA,United States,WB_WDI_SP_POP_65UP_FE_ZS,"Population ages 65 and above, female (% of female population)",F,Female,Y_GE65,65 years old and over,PT_W,Percentage of women,_Z,Not Applicable,2,Two,WB_WDI,World Development Indicators (WDI),0,Units,WB_WDI,World Development Indicators (WDI),A,Normal value,PU,Public,9.5776478023753,9.7243299931466,9.84934525048209,9.96647102680248,10.0858032283106,10.253279166005,10.4191481179492,10.5514298878478,10.6888554441814,10.825832418414,10.9771779540936,11.1246796329997,11.2763323474004,11.4490908062421,11.6314284268082,11.8318576476949,12.0369826901013,12.2487544870614,12.468230808049,12.6867494066843,12.8944491701855,13.0693323987025,13.2314300896361,13.4000274558957,13.5697685845298,13.7282745654427,13.8915020408996,14.0593845265741,14.2036937425716,14.3322034391514,14.4401673808675,14.5005937829319,14.5348986261373,14.5470063434205,14.5322120439677,14.5074010249879,14.4676841647833,14.4118338181896,14.3313777767263,14.2379475591001,14.1468609680802,14.0603501361627,13.9858240275061,13.9302607327923,13.9054615805678,13.9025285385261,13.928696698828,14.0225347065643,14.1651619075597,14.3145384830924,14.4552954734596,14.6480237691616,14.9341847970107,15.2412985211735,15.536318541355,15.8276429861595,16.1261768238838,16.4497022810785,16.8045870750637,17.1889048313581,17.5989235402946,18.0215024146039,18.4852950292039,19.0095255930302,19.5148293314764
A,Annual,UZB,Uzbekistan,WB_WDI_SP_POP_65UP_FE_ZS,"Population ages 65 and above, female (% of female population)",F,Female,Y_GE65,65 years old and over,PT_W,Percentage of women,_Z,Not Applicable,2,Two,WB_WDI,World Development Indicators (WDI),0,Units,WB_WDI,World Development Indicators (WDI),A,Normal value,PU,Public,5.78392630297104,5.84688757482228,5.9282926544474,6.02832738614768,6.13684951168019,6.2402531067127,6.34670047978721,6.45594748443384,6.5432196149789,6.57743517131613,6.55387820806844,6.47371312382998,6.32983407606371,6.14727733840861,5.96427417141012,5.79227840410185,5.6279657643749,5.47809306080852,5.34183151937102,5.20101093370924,5.04710457285865,4.88079988819179,4.7066693087457,4.5403415771639,4.40247162467442,4.30419779796716,4.24181130077337,4.21508104187064,4.22565814695614,4.27013268636724,4.34226163716956,4.43702396031324,4.55294166072486,4.68287910954188,4.81112959666065,4.9331510733481,5.04863729422394,5.15512094957547,5.25871421976473,5.37046585230282,5.49036067890295,5.61858021833051,5.75230070501877,5.87500181288969,5.96042186923361,5.99788620380914,5.9980682982655,5.9653180263837,5.90270984929891,5.82082297614384,5.73465657416148,5.65673867424395,5.59793824961734,5.56354122592358,5.5656335161867,5.63484211032373,5.74932088740599,5.87553517818923,6.01508035656501,6.16243810065689,6.29575731358369,6.4181832471724,6.57232293351954,6.73881286306756,6.92007618763461
A,Annual,VCT,St. Vincent and the Grenadines,WB_WDI_SP_POP_65UP_FE_ZS,"Population ages 65 and above, female (% of female population)",F,Female,Y_GE65,65 years old and over,PT_W,Percentage of women,_Z,Not Applicable,2,Two,WB_WDI,World Development Indicators (WDI),0,Units,WB_WDI,World Development Indicators (WDI),A,Normal value,PU,Public,4.8230321647589,4.80728879072336,4.82514435123652,4.87272179545112,4.9425776265419,5.02602934216753,5.12406844581373,5.22832697660035,5.33812920234616,5.46201023873486,5.58819978266994,5.70081697061702,5.8116252329408,5.92431517632242,6.03259595091066,6.14061483803958,6.24722656325365,6.35427453687723,6.45859350422788,6.56886545537306,6.64333025116525,6.65333934001577,6.65589871904993,6.67118782631315,6.69557419032738,6.73722963644731,6.80636911145945,6.89752818020717,7.02062747598015,7.18133670067317,7.35054052093158,7.48580278781621,7.5686724975353,7.6278918508749,7.67536734178129,7.72582915298279,7.78276132805097,7.84382789639103,7.91866244916403,7.99616993216083,8.08317006888706,8.18065962273701,8.27952802253031,8.37175949459008,8.45847714626572,8.55034563476098,8.651205510907,8.74798098666297,8.83258808468004,8.9478886899433,9.11460775304289,9.31612562382664,9.48621851131458,9.64038107590048,9.84099905116975,10.0613366970622,10.263458448673,10.4697359196074,10.7248904873436,11.0237618488671,11.3102314154383,11.5814712378375,11.8929633300297,12.2366990213057,12.5922700715884
A,Annual,VEN,"Venezuela, RB",WB_WDI_SP_POP_65UP_FE_ZS,"Population ages 65 and above, female (% of female population)",F,Female,Y_GE65,65 years old and over,PT_W,Percentage of women,_Z,Not Applicable,2,Two,WB_WDI,World Development Indicators (WDI),0,Units,WB_WDI,World Development Indicators (WDI),A,Normal value,PU,Public,2.32140934222692,2.33403729975371,2.35081697325948,2.3715250940006,2.39602697447155,2.42412939667776,2.45700043149365,2.49503054043675,2.53651914128795,2.57834838264551,2.62243209121226,2.66988803429846,2.71907901735701,2.76951281237815,2.82047992632216,2.87511733402486,2.93429710466626,2.99776293738457,3.06795433534243,3.14132774972588,3.21287104664831,3.28726878656002,3.36729479304105,3.45141997827303,3.53559713113886,3.61880277382414,3.70566333288043,3.79806297060206,3.89433090860725,3.99266844048122,4.09046243791772,4.1913583450388,4.29798612710907,4.40812737681143,4.51858256769221,4.62809174693481,4.73977688180994,4.8551873547454,4.97092137925811,5.08022870657274,5.19032789430454,5.29491122978784,5.4007357833162,5.51172550876527,5.62103854588482,5.7376208870813,5.86204114698536,5.99617244914708,6.13713546171043,6.28546883067475,6.44176354293708,6.60673325130927,6.77991244066148,6.95529748458318,7.1393830167046,7.33684877990829,7.56366835420869,7.87518426375814,8.32874842043026,8.85836580912761,9.34015386658401,9.75770819422501,10.1490678469401,10.5390412773364,10.9203799638233
A,Annual,VGB,British Virgin Islands,WB_WDI_SP_POP_65UP_FE_ZS,"Population ages 65 and above, female (% of female population)",F,Female,Y_GE65,65 years old and over,PT_W,Percentage of women,_Z,Not Applicable,2,Two,WB_WDI,World Development Indicators (WDI),0,Units,WB_WDI,World Development Indicators (WDI),A,Normal value,PU,Public,5.21618903971845,5.12501554919766,5.1027991082487,5.13546798029557,5.13447432762836,5.06650544135429,5.05758043452452,5.01270501270501,4.93621741541875,4.84867525395329,4.80072463768116,4.87538476814616,4.89002356637863,4.90624696395609,4.95382839553674,5.00763067531477,5.08522727272727,5.23392638614327,5.41299868889305,5.53949454443719,5.61590867243602,5.60764353960175,5.56176394739104,5.53346587143804,5.49116777236032,5.39935115093465,5.29657851486628,5.24184802255802,5.17663518712837,5.10549093859886,5.03592423252776,5.0145624920856,4.99536894103118,4.93938845666727,4.93289380739345,4.90494514961806,4.81873704264022,4.75800284059871,4.7216011923773,4.69763820399689,4.67635001771345,4.6252150405505,4.64939747604137,4.77364001460387,4.90673688830371,5.04517436460356,5.21015228426396,5.37332083723836,5.53637114330756,5.76186691713027,6.03319855288359,6.23555011559908,6.39139730048821,6.59704301891375,6.77961176333837,6.90616888496162,7.24012517973442,7.72278971468827,7.94845729043602,8.19361043957472,8.52561496239073,8.82785068605723,9.17973076071174,9.59580001458328,10.0363338867634
A,Annual,VIR,Virgin Islands (U.S.),WB_WDI_SP_POP_65UP_FE_ZS,"Population ages 65 and above, female (% of female population)",F,Female,Y_GE65,65 years old and over,PT_W,Percentage of women,_Z,Not Applicable,2,Two,WB_WDI,World Development Indicators (WDI),0,Units,WB_WDI,World Development Indicators (WDI),A,Normal value,PU,Public,7.29349998508487,6.76392572944297,6.35953674285129,5.96897935916012,5.57866244140754,5.23302181959469,4.95764823119083,4.71137828637648,4.51578457881956,4.37733735316892,4.22997561433127,4.14601964521331,4.13653456754411,4.15060429256095,4.20138931883753,4.26508875739645,4.3543935763041,4.46396381632854,4.59128309400647,4.7699042964773,4.92386594044448,5.02284450994842,5.11670534095119,5.21968978137526,5.34413578762016,5.49888031848719,5.6737318409145,5.85392714395572,6.05052372150339,6.25379535448611,6.46872488298426,6.69148806795326,6.90662918023084,7.12592117910926,7.34935278163297,7.57810250503887,7.83844160486105,8.12972012438916,8.44464889156243,8.78624546793814,9.15071823009785,9.51999365979517,9.89655446103375,10.2866391318575,10.7037277061158,11.1488922318257,11.6295662100457,12.1781806479296,12.7924795454749,13.4365464010052,14.2057691787797,15.0099593440476,15.7350601090886,16.4895596828823,17.2550459406537,18.0786897193215,18.9805830024924,19.9064111413374,20.8627360518397,21.8499256251289,22.6107432260632,23.1308178467464,23.7140443693594,24.3580001340992,25.0103961787019
A,Annual,VNM,Viet Nam,WB_WDI_SP_POP_65UP_FE_ZS,"Population ages 65 and above, female (% of female population)",F,Female,Y_GE65,65 years old and over,PT_W,Percentage of women,_Z,Not Applicable,2,Two,WB_WDI,World Development Indicators (WDI),0,Units,WB_WDI,World Development Indicators (WDI),A,Normal value,PU,Public,5.32221062873758,5.39261704497355,5.45413941464937,5.4949980057927,5.54412594645061,5.60669320314635,5.68205121655649,5.77255268817095,5.84550760817286,5.89064787704204,5.91959303617815,5.9212147607594,5.88568484827459,5.84091766555415,5.813081702078,5.81442585767467,5.84724058009763,5.88963519041236,5.93352616610028,5.98910553529009,6.03488910102163,6.05305807384415,6.05727412446364,6.0519928829696,6.04949446975489,6.06021480392824,6.09033615921219,6.14045587953332,6.19867049805522,6.25011820210444,6.29108356849808,6.32327477108226,6.34674219530594,6.37039272386824,6.40937036433637,6.47128542323665,6.55979743052352,6.67366235970124,6.80306279492518,6.93489558975651,7.05694977108019,7.16460005992438,7.25621355388,7.33079145379744,7.38762808051012,7.43268264991263,7.44333487210736,7.41855078979742,7.36937058516681,7.33365068528121,7.34010243267871,7.35818242473046,7.40541652532793,7.50060393811259,7.64599346919931,7.84039901445697,8.02346539990567,8.21366381792789,8.46050317404443,8.76022776383963,9.11706250548137,9.47644764295193,9.86224142525339,10.3115456831959,10.8084879083176
A,Annual,VUT,Vanuatu,WB_WDI_SP_POP_65UP_FE_ZS,"Population ages 65 and above, female (% of female population)",F,Female,Y_GE65,65 years old and over,PT_W,Percentage of women,_Z,Not Applicable,2,Two,WB_WDI,World Development Indicators (WDI),0,Units,WB_WDI,World Development Indicators (WDI),A,Normal value,PU,Public,3.143732740621,2.99647473560517,2.85750430918608,2.73003033367037,2.6076373944404,2.4953643145654,2.40375247056204,2.33520185414758,2.36704217972229,2.45317251424629,2.50130665272904,2.51358449008241,2.49985315712188,2.47371957677984,2.42080524323907,2.36760324223881,2.32445220409723,2.29146471863851,2.27156243653841,2.99663037338579,3.71513073211952,3.61461870064472,3.51982387004866,3.43191764115073,3.35213495450239,3.28280276233788,3.21667020356193,3.1539800601361,3.10186357324249,3.05788322145653,2.98002472509597,2.86855559540637,2.76019678547236,2.65678282182438,2.55620073312356,2.45861717806157,2.36472723232473,2.27434428700633,2.18962184081479,2.10869064084832,2.07062843910363,2.07841207349081,2.08872143640176,2.10524679523716,2.1361526039564,2.17829472607858,2.23043875992011,2.29327411996305,2.36812947288117,2.46353308204559,2.57102970450609,2.6758091197232,2.77870277870278,2.88881127583812,3.0070678442487,3.12630406235763,3.24391228909896,3.36175227004921,3.49399175666881,3.64917417443462,3.80174074362455,3.94122371278146,4.08802189573704,4.2449767040117,4.40540440632855
A,Annual,WLD,World,WB_WDI_SP_POP_65UP_FE_ZS,"Population ages 65 and above, female (% of female population)",F,Female,Y_GE65,65 years old and over,PT_W,Percentage of women,_Z,Not Applicable,2,Two,WB_WDI,World Development Indicators (WDI),0,Units,WB_WDI,World Development Indicators (WDI),A,Normal value,PU,Public,5.672353600122199,5.707487077308365,5.74217872287248,5.768951644309459,5.799979581711149,5.850671234424122,5.9059192715367725,5.959186724766338,6.012764945314401,6.06323650026366,6.114344092640699,6.168541206931497,6.228738360310399,6.292405485947755,6.362798922412967,6.437463550878465,6.509151421717305,6.584450346013485,6.663647003264202,6.738727176768881,6.788868897316977,6.800859482440657,6.792668756691644,6.784407511449735,6.794036475534936,6.827908211452181,6.873772425091025,6.923767284913056,6.98088903313822,7.045508801572875,7.110095997226263,7.177420630201429,7.249690046180143,7.3272779264735055,7.40980590311384,7.4863524620187505,7.555506057653277,7.628525752089582,7.701592760533294,7.771842323753291,7.846996719189621,7.93006772190872,8.017598984975455,8.104149978755025,8.188105569080216,8.270790315897681,8.351209400976371,8.420803557146185,8.474804067861655,8.525287892292603,8.582540865450325,8.665504641534056,8.790669484634474,8.933206226149787,9.097604868976976,9.289487255678331,9.493449571616926,9.714576831273249,9.952095811730084,10.197620923245209,10.44425925979986,10.66056218963496,10.89152967076725,11.154115332591653,11.393884014640872
A,Annual,WSM,Samoa,WB_WDI_SP_POP_65UP_FE_ZS,"Population ages 65 and above, female (% of female population)",F,Female,Y_GE65,65 years old and over,PT_W,Percentage of women,_Z,Not Applicable,2,Two,WB_WDI,World Development Indicators (WDI),0,Units,WB_WDI,World Development Indicators (WDI),A,Normal value,PU,Public,3.05817366415693,3.06594763635071,3.06338912315032,3.05974306598916,3.06986475133025,3.10573998680463,3.16790111808275,3.20084472087987,3.20522051523029,3.2148849696111,3.22947714625516,3.24290704486118,3.25101237666115,3.25799555568057,3.24278824592754,3.2139466294972,3.20135292530615,3.20319024282875,3.21237282488916,3.22629775352202,3.2423798414026,3.26558105014999,3.31138182564409,3.36613670217076,3.40785475824299,3.43577521324636,3.46324425514807,3.53419287776226,3.65580283198625,3.80345802738639,3.96948546912382,4.13842817359588,4.28796945556004,4.41114969907449,4.5260691975012,4.63102387230016,4.71353874993368,4.79232853672211,4.86833267711976,4.94158174250036,4.99128929779215,5.02630568789938,5.09195994533928,5.18000345036758,5.28101391925174,5.37897310513447,5.46746586600627,5.52692163255087,5.55333642811646,5.56807295652686,5.59047058386767,5.62550537137577,5.61886500278007,5.58010339240246,5.55453712190651,5.54278339080807,5.52552372680852,5.56317732288438,5.6450905689425,5.73029654392843,5.83697144458749,5.95343409437407,6.08042714942281,6.22080945808412,6.40052483010011
A,Annual,XKX,Kosovo,WB_WDI_SP_POP_65UP_FE_ZS,"Population ages 65 and above, female (% of female population)",F,Female,Y_GE65,65 years old and over,PT_W,Percentage of women,_Z,Not Applicable,2,Two,WB_WDI,World Development Indicators (WDI),0,Units,WB_WDI,World Development Indicators (WDI),A,Normal value,PU,Public,4.74114078416101,4.63496573074284,4.54987753892234,4.49624844597515,4.46318146873015,4.44804807194874,4.45050753717115,4.45716054259152,4.47488515814719,4.49601207864247,4.50915457680518,4.51841937348812,4.52643194736513,4.54086347485388,4.55650829867884,4.56980175626288,4.57789703685973,4.57676356751664,4.56577260562992,4.54414420470366,4.51702164606754,4.49156822280682,4.46373515395575,4.43152964675395,4.39830134092235,4.36089242395549,4.32730944724516,4.30715847012196,4.35585694731046,4.45709093269293,4.54063441793942,4.5952459993682,4.65026441043019,4.74137386048982,4.861673821469,4.99618298640501,5.13422149116176,5.27626720067609,5.66595588628161,6.2889130031454,6.69095227073753,6.91482062666133,7.09568979168133,7.227627287689,7.3197045135944,7.372340951408,7.38986186963566,7.38113677124253,7.35925260984441,7.33039120353056,7.2832753318404,7.32610349492128,7.47011491689507,7.63990375589014,7.88878449385809,8.23339802175079,8.55431615833265,8.79653178547379,9.07877660169737,9.43807873291493,9.67033967557773,9.89626456351146,10.2993118096759,10.7516033432891,11.2314940653105
A,Annual,YEM,"Yemen, Rep.",WB_WDI_SP_POP_65UP_FE_ZS,"Population ages 65 and above, female (% of female population)",F,Female,Y_GE65,65 years old and over,PT_W,Percentage of women,_Z,Not Applicable,2,Two,WB_WDI,World Development Indicators (WDI),0,Units,WB_WDI,World Development Indicators (WDI),A,Normal value,PU,Public,4.22029871103158,4.18316433738025,4.14414222395791,4.09931714716723,4.05300161025895,4.00875483284403,3.96448274630495,3.92044991813372,3.87754537467326,3.83904754763061,3.80646807072821,3.77690648047302,3.7490613572323,3.72257953037131,3.69668536801576,3.67071576646335,3.64448638140588,3.61842305508684,3.59308810362722,3.5669972509789,3.53968819884473,3.51219480710309,3.48394182887733,3.45529792671596,3.42706591037726,3.39905797149536,3.3712246168249,3.34397536729339,3.31798713168571,3.29430402059428,3.27220934951216,3.25036566961609,3.22928583452256,3.20982266618011,3.19284600845524,3.17911618269506,3.17156969191159,3.16890155954205,3.16744864351141,3.16637147075262,3.16509066839953,3.16533822080491,3.16846210300838,3.17320295938557,3.17620370802645,3.17527809723435,3.17102191844137,3.16475928941687,3.15779420329329,3.15101384196008,3.14622597516322,3.14646847069001,3.14815692166132,3.13986846005832,3.11681420962802,3.07955186240624,3.0375390714981,3.00086865507832,2.96923683919813,2.94269056684476,2.91671867319514,2.88844646508289,2.86983531755423,2.87000307142827,2.88299552065252
A,Annual,ZAF,South Africa,WB_WDI_SP_POP_65UP_FE_ZS,"Population ages 65 and above, female (% of female population)",F,Female,Y_GE65,65 years old and over,PT_W,Percentage of women,_Z,Not Applicable,2,Two,WB_WDI,World Development Indicators (WDI),0,Units,WB_WDI,World Development Indicators (WDI),A,Normal value,PU,Public,3.75863168689252,3.736904110104,3.72505041141008,3.7248830523881,3.73502961272243,3.75401735250301,3.77971272885028,3.81085446764191,3.84646955422643,3.88455283596349,3.92341348528967,3.96190875991818,3.99821744368442,4.03124657795792,4.06166760470781,4.09018545405677,4.11725322019998,4.14552711710294,4.17497925672276,4.20296838302043,4.23311751498872,4.27073655556566,4.31855171544826,4.37665427426913,4.44901679546709,4.51350556678126,4.55432620544961,4.58189888758127,4.59688973394896,4.59565307265654,4.58122283117679,4.58415056825651,4.62445571847067,4.65793694835175,4.71067171492049,4.80323064774882,4.92675462064253,5.08316004062319,5.24016656655937,5.37902093548415,5.50773655090241,5.63293872468316,5.75467515305545,5.87462443392869,5.99460041752529,6.10838936413994,6.19939986100235,6.27184899036056,6.3295336637088,6.3624282049115,6.37863252500312,6.38806571399953,6.40844864657409,6.45524203475136,6.51034732151699,6.56623986652447,6.68632721498386,6.85474621831865,7.01725728680635,7.19712645961422,7.368441206475,7.4879957585066,7.61969723221718,7.79753327492436,7.99789762257126
A,Annual,ZMB,Zambia,WB_WDI_SP_POP_65UP_FE_ZS,"Population ages 65 and above, female (% of female population)",F,Female,Y_GE65,65 years old and over,PT_W,Percentage of women,_Z,Not Applicable,2,Two,WB_WDI,World Development Indicators (WDI),0,Units,WB_WDI,World Development Indicators (WDI),A,Normal value,PU,Public,3.02609122026195,3.04063889839727,3.0602439710152,3.08312926503692,3.10583592660483,3.12866374277707,3.15296921301675,3.17752861175676,3.20046437557202,3.22117298447029,3.2436465414894,3.26669093091543,3.28582676453534,3.30160483921648,3.31602210951314,3.32930581279308,3.3424393837536,3.35673757180427,3.37106684329692,3.38317364434481,3.38974378846692,3.38782428943258,3.3754434348337,3.35580153050136,3.33400070325214,3.31142043923906,3.28783395510806,3.26456423384098,3.24131414375256,3.21463255640698,3.18305093741127,3.14711468849428,3.10680469423863,3.06277738665905,3.01568497081579,2.96541304564429,2.91172904185836,2.85483242526957,2.79576006586939,2.73412307375573,2.67056308553401,2.60583276312854,2.5436103375327,2.48475940855109,2.42783562150377,2.37178636259692,2.3170569679239,2.26549977512286,2.21880312852101,2.17818231770912,2.1440430130401,2.11678362574697,2.09425382553497,2.07212480519461,2.05617022884289,2.05706579297432,2.06868356787182,2.08368970963707,2.10317353258736,2.1276570718306,2.15473805049023,2.17827590309679,2.21035179894924,2.25579751535125,2.30541635333588
A,Annual,ZWE,Zimbabwe,WB_WDI_SP_POP_65UP_FE_ZS,"Population ages 65 and above, female (% of female population)",F,Female,Y_GE65,65 years old and over,PT_W,Percentage of women,_Z,Not Applicable,2,Two,WB_WDI,World Development Indicators (WDI),0,Units,WB_WDI,World Development Indicators (WDI),A,Normal value,PU,Public,3.81951188101022,3.81313251348494,3.80297478177756,3.78943941801095,3.773165947753,3.75431619597786,3.73375183451349,3.71221894208784,3.6888753578279,3.66231229863772,3.63697807673003,3.61684100836617,3.59961532744447,3.58326538262633,3.56711692631013,3.5560778304853,3.55103214765796,3.56258754887786,3.61906246648338,3.70117816039838,3.67663314447553,3.60202630759266,3.56869569324237,3.53533739491363,3.50291997562211,3.46934984785323,3.43461262026024,3.39951699185564,3.37774334233302,3.37470062710354,3.37981660945899,3.38620094985241,3.40386661752838,3.49519104957602,3.63520573288608,3.73019318909027,3.77209879172959,3.77678627379083,3.75220047859818,3.71458550920663,3.68174592084278,3.64063447872583,3.58385869146474,3.52095722814048,3.46823050751478,3.43247778028348,3.39985110755956,3.37438252123619,3.35990737216927,3.34828540747342,3.34035599100394,3.33680677324974,3.34078785214469,3.35452833430744,3.4129127940649,3.51385462454641,3.61748840436479,3.72073935138428,3.82291347014236,3.91985451285018,3.99979745719276,4.0481610105879,4.08700623129452,4.12470350079347,4.13228907867911
